id_interacao;id_lead;data_hora;origem;tipo_interacao;mensagem_resumida;intencao_detectada;campo_atualizado
INT00001;LED0001;2026-09-16 11:30:00;Lead;Mensagem;Lead respondeu anúncio e pediu atendimento.;Compra;intencao
INT00002;LED0001;2026-09-18 12:00:00;Agente;Mensagem;Agente identificou intenção: Compra.;Compra;quartos
INT00003;LED0001;2026-09-20 19:15:00;Lead;Mensagem;Agente coletou preferências de região, orçamento e características.;Compra;
INT00004;LED0002;2026-08-15 13:45:00;Lead;Mensagem;Lead demonstrou interesse e iniciou conversa com o agente.;Compra;quartos
INT00005;LED0002;2026-08-17 13:30:00;Agente;Mensagem;Agente identificou intenção: Compra.;Compra;perfil_investidor
INT00006;LED0002;2026-08-19 15:30:00;Lead;Mensagem;Agente coletou preferências de região, orçamento e características.;Compra;retorno_esperado_pct
INT00007;LED0003;2026-08-19 09:00:00;Lead;Mensagem;Lead respondeu anúncio e pediu atendimento.;Investimento;quartos
INT00008;LED0003;2026-08-21 12:00:00;Agente;Mensagem;Agente identificou intenção: Investimento.;Investimento;urgencia
INT00009;LED0003;2026-08-23 12:15:00;Lead;Mensagem;Agente coletou preferências de região, orçamento e características.;Investimento;retorno_esperado_pct
INT00010;LED0003;2026-08-25 15:45:00;Agente;Follow-up;Agente realizou follow-up para retomar a conversa.;Investimento;regiao_bairro
INT00011;LED0003;2026-08-27 12:45:00;Lead;Follow-up;Agente confirmou próximos passos do atendimento.;Investimento;quartos
INT00012;LED0004;2026-09-21 13:00:00;Lead;Mensagem;Lead demonstrou interesse e iniciou conversa com o agente.;Compra;tipo_imovel_interesse
INT00013;LED0004;2026-09-23 18:15:00;Agente;Mensagem;Agente identificou intenção: Compra.;Compra;regiao_bairro
INT00014;LED0004;2026-09-25 09:00:00;Lead;Mensagem;Agente coletou preferências de região, orçamento e características.;Compra;intencao
INT00015;LED0004;2026-09-25 09:15:00;Agente;Follow-up;Lead respondeu ao acompanhamento e atualizou preferências.;Compra;quartos
INT00016;LED0004;2026-09-25 14:45:00;Lead;Follow-up;Agente realizou follow-up para retomar a conversa.;Compra;quartos
INT00017;LED0005;2026-07-03 10:15:00;Lead;Mensagem;Lead respondeu anúncio e pediu atendimento.;Aluguel;tipo_imovel_interesse
INT00018;LED0005;2026-07-05 15:45:00;Agente;Mensagem;Agente identificou intenção: Aluguel.;Aluguel;
INT00019;LED0005;2026-07-07 10:00:00;Lead;Mensagem;Agente coletou preferências de região, orçamento e características.;Aluguel;perfil_investidor
INT00020;LED0005;2026-07-09 14:30:00;Agente;Follow-up;Lead respondeu ao acompanhamento e atualizou preferências.;Aluguel;retorno_esperado_pct
INT00021;LED0005;2026-07-11 14:45:00;Lead;Follow-up;Agente realizou follow-up para retomar a conversa.;Aluguel;quartos
INT00022;LED0006;2026-09-22 16:15:00;Lead;Mensagem;Lead iniciou contato solicitando informações sobre imóveis.;Aluguel;regiao_bairro
INT00023;LED0006;2026-09-24 19:45:00;Agente;Mensagem;Agente identificou intenção: Aluguel.;Aluguel;perfil_investidor
INT00024;LED0006;2026-09-25 19:15:00;Lead;Mensagem;Agente coletou preferências de região, orçamento e características.;Aluguel;quartos
INT00025;LED0006;2026-09-25 14:15:00;Agente;Follow-up;Agente confirmou próximos passos do atendimento.;Aluguel;regiao_bairro
INT00026;LED0007;2026-08-16 14:15:00;Lead;Mensagem;Lead respondeu anúncio e pediu atendimento.;Investimento;regiao_bairro
INT00027;LED0007;2026-08-18 15:00:00;Agente;Mensagem;Agente identificou intenção: Investimento.;Investimento;quartos
INT00028;LED0008;2026-07-03 19:00:00;Lead;Mensagem;Lead iniciou contato solicitando informações sobre imóveis.;Investimento;tipo_imovel_interesse
INT00029;LED0008;2026-07-05 11:45:00;Agente;Mensagem;Agente identificou intenção: Investimento.;Investimento;urgencia
INT00030;LED0008;2026-07-07 10:30:00;Lead;Mensagem;Agente coletou preferências de região, orçamento e características.;Investimento;retorno_esperado_pct
INT00031;LED0008;2026-07-09 15:15:00;Agente;Follow-up;Lead respondeu ao acompanhamento e atualizou preferências.;Investimento;retorno_esperado_pct
INT00032;LED0008;2026-07-11 12:00:00;Lead;Follow-up;Agente confirmou próximos passos do atendimento.;Investimento;orcamento_ticket
INT00033;LED0009;2026-07-13 17:00:00;Lead;Mensagem;Lead iniciou contato solicitando informações sobre imóveis.;Aluguel;urgencia
INT00034;LED0009;2026-07-15 13:15:00;Agente;Mensagem;Agente identificou intenção: Aluguel.;Aluguel;tipo_imovel_interesse
INT00035;LED0009;2026-07-17 19:00:00;Lead;Mensagem;Agente coletou preferências de região, orçamento e características.;Aluguel;tipo_imovel_interesse
INT00036;LED0009;2026-07-19 13:15:00;Agente;Follow-up;Agente confirmou próximos passos do atendimento.;Aluguel;tipo_imovel_interesse
INT00037;LED0009;2026-07-21 09:45:00;Lead;Follow-up;Agente realizou follow-up para retomar a conversa.;Aluguel;urgencia
INT00038;LED0010;2026-07-26 09:45:00;Lead;Mensagem;Lead iniciou contato solicitando informações sobre imóveis.;Compra;regiao_bairro
INT00039;LED0010;2026-07-28 12:45:00;Agente;Mensagem;Agente identificou intenção: Compra.;Compra;orcamento_ticket
INT00040;LED0010;2026-07-30 13:15:00;Lead;Mensagem;Agente coletou preferências de região, orçamento e características.;Compra;
INT00041;LED0011;2026-09-08 19:15:00;Lead;Mensagem;Lead demonstrou interesse e iniciou conversa com o agente.;Compra;tipo_imovel_interesse
INT00042;LED0011;2026-09-10 10:00:00;Agente;Mensagem;Agente identificou intenção: Compra.;Compra;orcamento_ticket
INT00043;LED0011;2026-09-12 16:30:00;Lead;Mensagem;Agente coletou preferências de região, orçamento e características.;Compra;quartos
INT00044;LED0012;2026-08-24 17:00:00;Lead;Mensagem;Lead respondeu anúncio e pediu atendimento.;Aluguel;quartos
INT00045;LED0012;2026-08-26 19:30:00;Agente;Mensagem;Agente identificou intenção: Aluguel.;Aluguel;quartos
INT00046;LED0012;2026-08-28 09:30:00;Lead;Mensagem;Agente coletou preferências de região, orçamento e características.;Aluguel;orcamento_ticket
INT00047;LED0013;2026-08-25 16:30:00;Lead;Mensagem;Lead iniciou contato solicitando informações sobre imóveis.;Compra;tipo_imovel_interesse
INT00048;LED0013;2026-08-27 15:30:00;Agente;Mensagem;Agente identificou intenção: Compra.;Compra;retorno_esperado_pct
INT00049;LED0013;2026-08-29 12:45:00;Lead;Mensagem;Agente coletou preferências de região, orçamento e características.;Compra;tipo_imovel_interesse
INT00050;LED0014;2026-08-31 18:45:00;Lead;Mensagem;Lead iniciou contato solicitando informações sobre imóveis.;Aluguel;intencao
INT00051;LED0014;2026-09-02 14:30:00;Agente;Mensagem;Agente identificou intenção: Aluguel.;Aluguel;retorno_esperado_pct
INT00052;LED0014;2026-09-04 12:30:00;Lead;Mensagem;Agente coletou preferências de região, orçamento e características.;Aluguel;intencao
INT00053;LED0014;2026-09-06 10:00:00;Agente;Follow-up;Agente realizou follow-up para retomar a conversa.;Aluguel;orcamento_ticket
INT00054;LED0015;2026-08-14 13:45:00;Lead;Mensagem;Lead iniciou contato solicitando informações sobre imóveis.;Compra;tipo_imovel_interesse
INT00055;LED0015;2026-08-16 13:15:00;Agente;Mensagem;Agente identificou intenção: Compra.;Compra;regiao_bairro
INT00056;LED0015;2026-08-18 11:45:00;Lead;Mensagem;Agente coletou preferências de região, orçamento e características.;Compra;urgencia
INT00057;LED0015;2026-08-20 10:30:00;Agente;Follow-up;Agente realizou follow-up para retomar a conversa.;Compra;intencao
INT00058;LED0016;2026-08-23 17:45:00;Lead;Mensagem;Lead demonstrou interesse e iniciou conversa com o agente.;Compra;urgencia
INT00059;LED0016;2026-08-25 18:45:00;Agente;Mensagem;Agente identificou intenção: Compra.;Compra;urgencia
INT00060;LED0016;2026-08-27 16:45:00;Lead;Mensagem;Agente coletou preferências de região, orçamento e características.;Compra;retorno_esperado_pct
INT00061;LED0017;2026-07-06 17:45:00;Lead;Mensagem;Lead demonstrou interesse e iniciou conversa com o agente.;Investimento;regiao_bairro
INT00062;LED0017;2026-07-08 12:00:00;Agente;Mensagem;Agente identificou intenção: Investimento.;Investimento;orcamento_ticket
INT00063;LED0017;2026-07-10 17:15:00;Lead;Mensagem;Agente coletou preferências de região, orçamento e características.;Investimento;orcamento_ticket
INT00064;LED0017;2026-07-12 19:15:00;Agente;Follow-up;Agente realizou follow-up para retomar a conversa.;Investimento;tipo_imovel_interesse
INT00065;LED0017;2026-07-14 12:00:00;Lead;Follow-up;Agente confirmou próximos passos do atendimento.;Investimento;urgencia
INT00066;LED0018;2026-08-01 15:00:00;Lead;Mensagem;Lead demonstrou interesse e iniciou conversa com o agente.;Compra;quartos
INT00067;LED0018;2026-08-03 13:00:00;Agente;Mensagem;Agente identificou intenção: Compra.;Compra;urgencia
INT00068;LED0018;2026-08-05 11:45:00;Lead;Mensagem;Agente coletou preferências de região, orçamento e características.;Compra;retorno_esperado_pct
INT00069;LED0018;2026-08-07 10:15:00;Agente;Follow-up;Agente realizou follow-up para retomar a conversa.;Compra;intencao
INT00070;LED0018;2026-08-09 15:00:00;Lead;Follow-up;Agente realizou follow-up para retomar a conversa.;Compra;intencao
INT00071;LED0019;2026-09-21 18:30:00;Lead;Mensagem;Lead respondeu anúncio e pediu atendimento.;Compra;intencao
INT00072;LED0019;2026-09-23 17:45:00;Agente;Mensagem;Agente identificou intenção: Compra.;Compra;retorno_esperado_pct
INT00073;LED0020;2026-07-25 19:00:00;Lead;Mensagem;Lead demonstrou interesse e iniciou conversa com o agente.;Investimento;urgencia
INT00074;LED0020;2026-07-27 15:30:00;Agente;Mensagem;Agente identificou intenção: Investimento.;Investimento;quartos
INT00075;LED0021;2026-08-29 12:00:00;Lead;Mensagem;Lead iniciou contato solicitando informações sobre imóveis.;;urgencia
INT00076;LED0021;2026-08-31 12:00:00;Agente;Mensagem;Agente identificou intenção: ainda não definida.;;regiao_bairro
INT00077;LED0021;2026-09-02 13:00:00;Lead;Mensagem;Agente coletou preferências de região, orçamento e características.;;quartos
INT00078;LED0022;2026-09-15 16:30:00;Lead;Mensagem;Lead iniciou contato solicitando informações sobre imóveis.;Investimento;quartos
INT00079;LED0022;2026-09-17 12:30:00;Agente;Mensagem;Agente identificou intenção: Investimento.;Investimento;orcamento_ticket
INT00080;LED0023;2026-07-15 14:30:00;Lead;Mensagem;Lead iniciou contato solicitando informações sobre imóveis.;Investimento;tipo_imovel_interesse
INT00081;LED0023;2026-07-17 19:15:00;Agente;Mensagem;Agente identificou intenção: Investimento.;Investimento;retorno_esperado_pct
INT00082;LED0023;2026-07-19 13:00:00;Lead;Mensagem;Agente coletou preferências de região, orçamento e características.;Investimento;regiao_bairro
INT00083;LED0023;2026-07-21 11:45:00;Agente;Follow-up;Agente confirmou próximos passos do atendimento.;Investimento;perfil_investidor
INT00084;LED0023;2026-07-23 17:00:00;Lead;Follow-up;Agente realizou follow-up para retomar a conversa.;Investimento;perfil_investidor
INT00085;LED0024;2026-08-15 11:00:00;Lead;Mensagem;Lead iniciou contato solicitando informações sobre imóveis.;Compra;perfil_investidor
INT00086;LED0024;2026-08-17 16:30:00;Agente;Mensagem;Agente identificou intenção: Compra.;Compra;regiao_bairro
INT00087;LED0024;2026-08-19 19:45:00;Lead;Mensagem;Agente coletou preferências de região, orçamento e características.;Compra;intencao
INT00088;LED0024;2026-08-21 19:15:00;Agente;Follow-up;Agente confirmou próximos passos do atendimento.;Compra;orcamento_ticket
INT00089;LED0024;2026-08-23 12:30:00;Lead;Follow-up;Lead respondeu ao acompanhamento e atualizou preferências.;Compra;
INT00090;LED0025;2026-08-01 14:45:00;Lead;Mensagem;Lead respondeu anúncio e pediu atendimento.;;retorno_esperado_pct
INT00091;LED0025;2026-08-03 09:00:00;Agente;Mensagem;Agente identificou intenção: ainda não definida.;;regiao_bairro
INT00092;LED0025;2026-08-05 18:00:00;Lead;Mensagem;Agente coletou preferências de região, orçamento e características.;;retorno_esperado_pct
INT00093;LED0026;2026-09-19 13:45:00;Lead;Mensagem;Lead iniciou contato solicitando informações sobre imóveis.;Investimento;urgencia
INT00094;LED0026;2026-09-21 13:15:00;Agente;Mensagem;Agente identificou intenção: Investimento.;Investimento;intencao
INT00095;LED0026;2026-09-23 17:30:00;Lead;Mensagem;Agente coletou preferências de região, orçamento e características.;Investimento;tipo_imovel_interesse
INT00096;LED0027;2026-09-15 15:45:00;Lead;Mensagem;Lead iniciou contato solicitando informações sobre imóveis.;Aluguel;retorno_esperado_pct
INT00097;LED0027;2026-09-17 11:45:00;Agente;Mensagem;Agente identificou intenção: Aluguel.;Aluguel;regiao_bairro
INT00098;LED0027;2026-09-19 15:30:00;Lead;Mensagem;Agente coletou preferências de região, orçamento e características.;Aluguel;regiao_bairro
INT00099;LED0027;2026-09-21 09:15:00;Agente;Follow-up;Agente confirmou próximos passos do atendimento.;Aluguel;
INT00100;LED0028;2026-07-02 15:00:00;Lead;Mensagem;Lead respondeu anúncio e pediu atendimento.;Aluguel;intencao
INT00101;LED0028;2026-07-04 13:30:00;Agente;Mensagem;Agente identificou intenção: Aluguel.;Aluguel;urgencia
INT00102;LED0029;2026-07-28 12:00:00;Lead;Mensagem;Lead respondeu anúncio e pediu atendimento.;Investimento;quartos
INT00103;LED0029;2026-07-30 09:30:00;Agente;Mensagem;Agente identificou intenção: Investimento.;Investimento;
INT00104;LED0029;2026-08-01 14:45:00;Lead;Mensagem;Agente coletou preferências de região, orçamento e características.;Investimento;quartos
INT00105;LED0029;2026-08-03 11:15:00;Agente;Follow-up;Agente confirmou próximos passos do atendimento.;Investimento;
INT00106;LED0029;2026-08-05 13:15:00;Lead;Follow-up;Agente confirmou próximos passos do atendimento.;Investimento;orcamento_ticket
INT00107;LED0030;2026-07-15 09:15:00;Lead;Mensagem;Lead iniciou contato solicitando informações sobre imóveis.;Compra;orcamento_ticket
INT00108;LED0030;2026-07-17 11:30:00;Agente;Mensagem;Agente identificou intenção: Compra.;Compra;regiao_bairro
INT00109;LED0030;2026-07-19 14:00:00;Lead;Mensagem;Agente coletou preferências de região, orçamento e características.;Compra;retorno_esperado_pct
INT00110;LED0031;2026-07-06 16:30:00;Lead;Mensagem;Lead demonstrou interesse e iniciou conversa com o agente.;Compra;urgencia
INT00111;LED0031;2026-07-08 19:15:00;Agente;Mensagem;Agente identificou intenção: Compra.;Compra;urgencia
INT00112;LED0031;2026-07-10 11:30:00;Lead;Mensagem;Agente coletou preferências de região, orçamento e características.;Compra;urgencia
INT00113;LED0031;2026-07-12 15:30:00;Agente;Follow-up;Agente realizou follow-up para retomar a conversa.;Compra;
INT00114;LED0031;2026-07-14 11:00:00;Lead;Follow-up;Agente realizou follow-up para retomar a conversa.;Compra;orcamento_ticket
INT00115;LED0032;2026-07-28 09:45:00;Lead;Mensagem;Lead iniciou contato solicitando informações sobre imóveis.;Compra;retorno_esperado_pct
INT00116;LED0032;2026-07-30 12:30:00;Agente;Mensagem;Agente identificou intenção: Compra.;Compra;
INT00117;LED0032;2026-08-01 12:30:00;Lead;Mensagem;Agente coletou preferências de região, orçamento e características.;Compra;
INT00118;LED0033;2026-07-09 19:45:00;Lead;Mensagem;Lead demonstrou interesse e iniciou conversa com o agente.;Compra;quartos
INT00119;LED0033;2026-07-11 15:30:00;Agente;Mensagem;Agente identificou intenção: Compra.;Compra;tipo_imovel_interesse
INT00120;LED0034;2026-08-04 15:45:00;Lead;Mensagem;Lead respondeu anúncio e pediu atendimento.;Investimento;quartos
INT00121;LED0034;2026-08-06 17:00:00;Agente;Mensagem;Agente identificou intenção: Investimento.;Investimento;perfil_investidor
INT00122;LED0034;2026-08-08 17:15:00;Lead;Mensagem;Agente coletou preferências de região, orçamento e características.;Investimento;
INT00123;LED0035;2026-09-07 15:00:00;Lead;Mensagem;Lead iniciou contato solicitando informações sobre imóveis.;Compra;urgencia
INT00124;LED0035;2026-09-09 17:45:00;Agente;Mensagem;Agente identificou intenção: Compra.;Compra;perfil_investidor
INT00125;LED0035;2026-09-11 11:15:00;Lead;Mensagem;Agente coletou preferências de região, orçamento e características.;Compra;intencao
INT00126;LED0035;2026-09-13 17:45:00;Agente;Follow-up;Agente confirmou próximos passos do atendimento.;Compra;tipo_imovel_interesse
INT00127;LED0036;2026-08-20 17:30:00;Lead;Mensagem;Lead respondeu anúncio e pediu atendimento.;Compra;regiao_bairro
INT00128;LED0036;2026-08-22 10:00:00;Agente;Mensagem;Agente identificou intenção: Compra.;Compra;intencao
INT00129;LED0037;2026-08-15 11:45:00;Lead;Mensagem;Lead respondeu anúncio e pediu atendimento.;Aluguel;tipo_imovel_interesse
INT00130;LED0037;2026-08-17 17:15:00;Agente;Mensagem;Agente identificou intenção: Aluguel.;Aluguel;intencao
INT00131;LED0037;2026-08-19 10:30:00;Lead;Mensagem;Agente coletou preferências de região, orçamento e características.;Aluguel;tipo_imovel_interesse
INT00132;LED0038;2026-08-05 12:00:00;Lead;Mensagem;Lead iniciou contato solicitando informações sobre imóveis.;Investimento;urgencia
INT00133;LED0038;2026-08-07 13:00:00;Agente;Mensagem;Agente identificou intenção: Investimento.;Investimento;intencao
INT00134;LED0038;2026-08-09 10:00:00;Lead;Mensagem;Agente coletou preferências de região, orçamento e características.;Investimento;retorno_esperado_pct
INT00135;LED0038;2026-08-11 19:30:00;Agente;Follow-up;Agente realizou follow-up para retomar a conversa.;Investimento;tipo_imovel_interesse
INT00136;LED0038;2026-08-13 16:00:00;Lead;Follow-up;Agente confirmou próximos passos do atendimento.;Investimento;tipo_imovel_interesse
INT00137;LED0039;2026-08-07 17:45:00;Lead;Mensagem;Lead iniciou contato solicitando informações sobre imóveis.;Investimento;orcamento_ticket
INT00138;LED0039;2026-08-09 09:30:00;Agente;Mensagem;Agente identificou intenção: Investimento.;Investimento;intencao
INT00139;LED0040;2026-08-11 16:00:00;Lead;Mensagem;Lead respondeu anúncio e pediu atendimento.;Aluguel;quartos
INT00140;LED0040;2026-08-13 16:30:00;Agente;Mensagem;Agente identificou intenção: Aluguel.;Aluguel;quartos
INT00141;LED0040;2026-08-15 15:00:00;Lead;Mensagem;Agente coletou preferências de região, orçamento e características.;Aluguel;
INT00142;LED0041;2026-08-14 18:15:00;Lead;Mensagem;Lead respondeu anúncio e pediu atendimento.;Compra;urgencia
INT00143;LED0041;2026-08-16 09:30:00;Agente;Mensagem;Agente identificou intenção: Compra.;Compra;orcamento_ticket
INT00144;LED0042;2026-09-13 12:45:00;Lead;Mensagem;Lead iniciou contato solicitando informações sobre imóveis.;Compra;tipo_imovel_interesse
INT00145;LED0042;2026-09-15 14:45:00;Agente;Mensagem;Agente identificou intenção: Compra.;Compra;intencao
INT00146;LED0042;2026-09-17 12:00:00;Lead;Mensagem;Agente coletou preferências de região, orçamento e características.;Compra;urgencia
INT00147;LED0042;2026-09-19 12:45:00;Agente;Follow-up;Agente confirmou próximos passos do atendimento.;Compra;perfil_investidor
INT00148;LED0042;2026-09-21 10:30:00;Lead;Follow-up;Lead respondeu ao acompanhamento e atualizou preferências.;Compra;perfil_investidor
INT00149;LED0043;2026-08-06 14:00:00;Lead;Mensagem;Lead respondeu anúncio e pediu atendimento.;Aluguel;urgencia
INT00150;LED0043;2026-08-08 15:15:00;Agente;Mensagem;Agente identificou intenção: Aluguel.;Aluguel;
INT00151;LED0044;2026-09-01 13:00:00;Lead;Mensagem;Lead demonstrou interesse e iniciou conversa com o agente.;Investimento;
INT00152;LED0044;2026-09-03 13:30:00;Agente;Mensagem;Agente identificou intenção: Investimento.;Investimento;retorno_esperado_pct
INT00153;LED0045;2026-09-13 10:15:00;Lead;Mensagem;Lead iniciou contato solicitando informações sobre imóveis.;Compra;regiao_bairro
INT00154;LED0045;2026-09-15 13:00:00;Agente;Mensagem;Agente identificou intenção: Compra.;Compra;quartos
INT00155;LED0045;2026-09-17 16:45:00;Lead;Mensagem;Agente coletou preferências de região, orçamento e características.;Compra;retorno_esperado_pct
INT00156;LED0045;2026-09-19 15:45:00;Agente;Follow-up;Agente confirmou próximos passos do atendimento.;Compra;retorno_esperado_pct
INT00157;LED0046;2026-09-16 17:15:00;Lead;Mensagem;Lead respondeu anúncio e pediu atendimento.;Aluguel;retorno_esperado_pct
INT00158;LED0046;2026-09-18 19:15:00;Agente;Mensagem;Agente identificou intenção: Aluguel.;Aluguel;urgencia
INT00159;LED0046;2026-09-20 12:00:00;Lead;Mensagem;Agente coletou preferências de região, orçamento e características.;Aluguel;retorno_esperado_pct
INT00160;LED0047;2026-09-18 18:15:00;Lead;Mensagem;Lead respondeu anúncio e pediu atendimento.;Aluguel;urgencia
INT00161;LED0047;2026-09-20 14:15:00;Agente;Mensagem;Agente identificou intenção: Aluguel.;Aluguel;retorno_esperado_pct
INT00162;LED0048;2026-08-29 13:45:00;Lead;Mensagem;Lead demonstrou interesse e iniciou conversa com o agente.;Compra;tipo_imovel_interesse
INT00163;LED0048;2026-08-31 18:45:00;Agente;Mensagem;Agente identificou intenção: Compra.;Compra;
INT00164;LED0048;2026-09-02 09:30:00;Lead;Mensagem;Agente coletou preferências de região, orçamento e características.;Compra;
INT00165;LED0048;2026-09-04 16:00:00;Agente;Follow-up;Lead respondeu ao acompanhamento e atualizou preferências.;Compra;urgencia
INT00166;LED0048;2026-09-06 12:00:00;Lead;Follow-up;Agente confirmou próximos passos do atendimento.;Compra;
INT00167;LED0049;2026-08-19 15:30:00;Lead;Mensagem;Lead demonstrou interesse e iniciou conversa com o agente.;Aluguel;tipo_imovel_interesse
INT00168;LED0049;2026-08-21 14:30:00;Agente;Mensagem;Agente identificou intenção: Aluguel.;Aluguel;retorno_esperado_pct
INT00169;LED0049;2026-08-23 11:15:00;Lead;Mensagem;Agente coletou preferências de região, orçamento e características.;Aluguel;perfil_investidor
INT00170;LED0050;2026-08-26 15:00:00;Lead;Mensagem;Lead iniciou contato solicitando informações sobre imóveis.;Compra;
INT00171;LED0050;2026-08-28 17:30:00;Agente;Mensagem;Agente identificou intenção: Compra.;Compra;urgencia
INT00172;LED0050;2026-08-30 19:45:00;Lead;Mensagem;Agente coletou preferências de região, orçamento e características.;Compra;intencao
INT00173;LED0050;2026-09-01 18:45:00;Agente;Follow-up;Lead respondeu ao acompanhamento e atualizou preferências.;Compra;quartos
INT00174;LED0050;2026-09-03 18:45:00;Lead;Follow-up;Agente confirmou próximos passos do atendimento.;Compra;quartos
INT00175;LED0051;2026-08-29 11:45:00;Lead;Mensagem;Lead demonstrou interesse e iniciou conversa com o agente.;Aluguel;quartos
INT00176;LED0051;2026-08-31 09:00:00;Agente;Mensagem;Agente identificou intenção: Aluguel.;Aluguel;
INT00177;LED0052;2026-08-06 17:15:00;Lead;Mensagem;Lead demonstrou interesse e iniciou conversa com o agente.;Compra;tipo_imovel_interesse
INT00178;LED0052;2026-08-08 17:30:00;Agente;Mensagem;Agente identificou intenção: Compra.;Compra;orcamento_ticket
INT00179;LED0052;2026-08-10 17:30:00;Lead;Mensagem;Agente coletou preferências de região, orçamento e características.;Compra;regiao_bairro
INT00180;LED0052;2026-08-12 10:00:00;Agente;Follow-up;Agente confirmou próximos passos do atendimento.;Compra;orcamento_ticket
INT00181;LED0053;2026-08-30 14:00:00;Lead;Mensagem;Lead iniciou contato solicitando informações sobre imóveis.;Compra;perfil_investidor
INT00182;LED0053;2026-09-01 11:15:00;Agente;Mensagem;Agente identificou intenção: Compra.;Compra;urgencia
INT00183;LED0053;2026-09-03 16:00:00;Lead;Mensagem;Agente coletou preferências de região, orçamento e características.;Compra;
INT00184;LED0054;2026-07-17 11:00:00;Lead;Mensagem;Lead iniciou contato solicitando informações sobre imóveis.;Investimento;regiao_bairro
INT00185;LED0054;2026-07-19 09:45:00;Agente;Mensagem;Agente identificou intenção: Investimento.;Investimento;retorno_esperado_pct
INT00186;LED0055;2026-09-14 19:30:00;Lead;Mensagem;Lead demonstrou interesse e iniciou conversa com o agente.;Compra;regiao_bairro
INT00187;LED0055;2026-09-16 11:15:00;Agente;Mensagem;Agente identificou intenção: Compra.;Compra;
INT00188;LED0055;2026-09-18 09:15:00;Lead;Mensagem;Agente coletou preferências de região, orçamento e características.;Compra;retorno_esperado_pct
INT00189;LED0056;2026-08-05 18:15:00;Lead;Mensagem;Lead respondeu anúncio e pediu atendimento.;Compra;tipo_imovel_interesse
INT00190;LED0056;2026-08-07 14:00:00;Agente;Mensagem;Agente identificou intenção: Compra.;Compra;
INT00191;LED0056;2026-08-09 12:15:00;Lead;Mensagem;Agente coletou preferências de região, orçamento e características.;Compra;
INT00192;LED0056;2026-08-11 19:30:00;Agente;Follow-up;Agente confirmou próximos passos do atendimento.;Compra;
INT00193;LED0056;2026-08-13 12:30:00;Lead;Follow-up;Lead respondeu ao acompanhamento e atualizou preferências.;Compra;urgencia
INT00194;LED0057;2026-07-22 16:30:00;Lead;Mensagem;Lead demonstrou interesse e iniciou conversa com o agente.;Compra;perfil_investidor
INT00195;LED0057;2026-07-24 14:00:00;Agente;Mensagem;Agente identificou intenção: Compra.;Compra;urgencia
INT00196;LED0058;2026-07-22 10:00:00;Lead;Mensagem;Lead iniciou contato solicitando informações sobre imóveis.;Compra;quartos
INT00197;LED0058;2026-07-24 14:00:00;Agente;Mensagem;Agente identificou intenção: Compra.;Compra;urgencia
INT00198;LED0059;2026-08-24 10:30:00;Lead;Mensagem;Lead respondeu anúncio e pediu atendimento.;Aluguel;retorno_esperado_pct
INT00199;LED0059;2026-08-26 11:15:00;Agente;Mensagem;Agente identificou intenção: Aluguel.;Aluguel;retorno_esperado_pct
INT00200;LED0060;2026-07-24 15:00:00;Lead;Mensagem;Lead demonstrou interesse e iniciou conversa com o agente.;Compra;urgencia
INT00201;LED0060;2026-07-26 09:30:00;Agente;Mensagem;Agente identificou intenção: Compra.;Compra;tipo_imovel_interesse
INT00202;LED0060;2026-07-28 16:15:00;Lead;Mensagem;Agente coletou preferências de região, orçamento e características.;Compra;quartos
INT00203;LED0060;2026-07-30 16:15:00;Agente;Follow-up;Lead respondeu ao acompanhamento e atualizou preferências.;Compra;tipo_imovel_interesse
INT00204;LED0061;2026-09-06 13:00:00;Lead;Mensagem;Lead iniciou contato solicitando informações sobre imóveis.;Compra;
INT00205;LED0061;2026-09-08 17:30:00;Agente;Mensagem;Agente identificou intenção: Compra.;Compra;quartos
INT00206;LED0061;2026-09-10 10:45:00;Lead;Mensagem;Agente coletou preferências de região, orçamento e características.;Compra;urgencia
INT00207;LED0062;2026-08-21 14:00:00;Lead;Mensagem;Lead respondeu anúncio e pediu atendimento.;Compra;retorno_esperado_pct
INT00208;LED0062;2026-08-23 09:15:00;Agente;Mensagem;Agente identificou intenção: Compra.;Compra;urgencia
INT00209;LED0063;2026-08-09 13:30:00;Lead;Mensagem;Lead iniciou contato solicitando informações sobre imóveis.;;tipo_imovel_interesse
INT00210;LED0063;2026-08-11 10:30:00;Agente;Mensagem;Agente identificou intenção: ainda não definida.;;perfil_investidor
INT00211;LED0063;2026-08-13 11:30:00;Lead;Mensagem;Agente coletou preferências de região, orçamento e características.;;urgencia
INT00212;LED0063;2026-08-15 19:15:00;Agente;Follow-up;Agente confirmou próximos passos do atendimento.;;orcamento_ticket
INT00213;LED0064;2026-07-15 19:30:00;Lead;Mensagem;Lead respondeu anúncio e pediu atendimento.;Compra;
INT00214;LED0064;2026-07-17 11:45:00;Agente;Mensagem;Agente identificou intenção: Compra.;Compra;retorno_esperado_pct
INT00215;LED0064;2026-07-19 19:30:00;Lead;Mensagem;Agente coletou preferências de região, orçamento e características.;Compra;regiao_bairro
INT00216;LED0064;2026-07-21 17:30:00;Agente;Follow-up;Agente confirmou próximos passos do atendimento.;Compra;perfil_investidor
INT00217;LED0065;2026-09-23 10:45:00;Lead;Mensagem;Lead respondeu anúncio e pediu atendimento.;Compra;urgencia
INT00218;LED0065;2026-09-25 12:30:00;Agente;Mensagem;Agente identificou intenção: Compra.;Compra;
INT00219;LED0065;2026-09-25 10:30:00;Lead;Mensagem;Agente coletou preferências de região, orçamento e características.;Compra;
INT00220;LED0066;2026-07-24 13:15:00;Lead;Mensagem;Lead respondeu anúncio e pediu atendimento.;Investimento;orcamento_ticket
INT00221;LED0066;2026-07-26 11:30:00;Agente;Mensagem;Agente identificou intenção: Investimento.;Investimento;tipo_imovel_interesse
INT00222;LED0067;2026-08-17 13:45:00;Lead;Mensagem;Lead demonstrou interesse e iniciou conversa com o agente.;Investimento;tipo_imovel_interesse
INT00223;LED0067;2026-08-19 14:15:00;Agente;Mensagem;Agente identificou intenção: Investimento.;Investimento;perfil_investidor
INT00224;LED0067;2026-08-21 19:45:00;Lead;Mensagem;Agente coletou preferências de região, orçamento e características.;Investimento;urgencia
INT00225;LED0067;2026-08-23 19:30:00;Agente;Follow-up;Lead respondeu ao acompanhamento e atualizou preferências.;Investimento;quartos
INT00226;LED0068;2026-08-25 17:45:00;Lead;Mensagem;Lead demonstrou interesse e iniciou conversa com o agente.;;perfil_investidor
INT00227;LED0068;2026-08-27 09:30:00;Agente;Mensagem;Agente identificou intenção: ainda não definida.;;urgencia
INT00228;LED0068;2026-08-29 10:45:00;Lead;Mensagem;Agente coletou preferências de região, orçamento e características.;;orcamento_ticket
INT00229;LED0069;2026-08-02 18:45:00;Lead;Mensagem;Lead demonstrou interesse e iniciou conversa com o agente.;Compra;urgencia
INT00230;LED0069;2026-08-04 18:30:00;Agente;Mensagem;Agente identificou intenção: Compra.;Compra;retorno_esperado_pct
INT00231;LED0069;2026-08-06 10:00:00;Lead;Mensagem;Agente coletou preferências de região, orçamento e características.;Compra;tipo_imovel_interesse
INT00232;LED0069;2026-08-08 11:15:00;Agente;Follow-up;Lead respondeu ao acompanhamento e atualizou preferências.;Compra;urgencia
INT00233;LED0070;2026-08-19 13:30:00;Lead;Mensagem;Lead respondeu anúncio e pediu atendimento.;Aluguel;
INT00234;LED0070;2026-08-21 18:15:00;Agente;Mensagem;Agente identificou intenção: Aluguel.;Aluguel;perfil_investidor
INT00235;LED0070;2026-08-23 11:00:00;Lead;Mensagem;Agente coletou preferências de região, orçamento e características.;Aluguel;quartos
INT00236;LED0070;2026-08-25 16:15:00;Agente;Follow-up;Agente realizou follow-up para retomar a conversa.;Aluguel;urgencia
INT00237;LED0070;2026-08-27 14:45:00;Lead;Follow-up;Agente confirmou próximos passos do atendimento.;Aluguel;orcamento_ticket
INT00238;LED0071;2026-07-29 11:30:00;Lead;Mensagem;Lead demonstrou interesse e iniciou conversa com o agente.;Aluguel;urgencia
INT00239;LED0071;2026-07-31 11:00:00;Agente;Mensagem;Agente identificou intenção: Aluguel.;Aluguel;orcamento_ticket
INT00240;LED0071;2026-08-02 13:30:00;Lead;Mensagem;Agente coletou preferências de região, orçamento e características.;Aluguel;quartos
INT00241;LED0071;2026-08-04 12:15:00;Agente;Follow-up;Agente confirmou próximos passos do atendimento.;Aluguel;retorno_esperado_pct
INT00242;LED0072;2026-09-22 10:15:00;Lead;Mensagem;Lead respondeu anúncio e pediu atendimento.;Aluguel;
INT00243;LED0072;2026-09-24 10:45:00;Agente;Mensagem;Agente identificou intenção: Aluguel.;Aluguel;quartos
INT00244;LED0072;2026-09-25 09:00:00;Lead;Mensagem;Agente coletou preferências de região, orçamento e características.;Aluguel;
INT00245;LED0073;2026-07-30 17:00:00;Lead;Mensagem;Lead respondeu anúncio e pediu atendimento.;Aluguel;regiao_bairro
INT00246;LED0073;2026-08-01 17:00:00;Agente;Mensagem;Agente identificou intenção: Aluguel.;Aluguel;
INT00247;LED0073;2026-08-03 17:30:00;Lead;Mensagem;Agente coletou preferências de região, orçamento e características.;Aluguel;tipo_imovel_interesse
INT00248;LED0073;2026-08-05 12:30:00;Agente;Follow-up;Agente confirmou próximos passos do atendimento.;Aluguel;quartos
INT00249;LED0073;2026-08-07 16:30:00;Lead;Follow-up;Lead respondeu ao acompanhamento e atualizou preferências.;Aluguel;retorno_esperado_pct
INT00250;LED0074;2026-08-01 16:15:00;Lead;Mensagem;Lead demonstrou interesse e iniciou conversa com o agente.;Compra;regiao_bairro
INT00251;LED0074;2026-08-03 11:30:00;Agente;Mensagem;Agente identificou intenção: Compra.;Compra;intencao
INT00252;LED0074;2026-08-05 18:00:00;Lead;Mensagem;Agente coletou preferências de região, orçamento e características.;Compra;urgencia
INT00253;LED0074;2026-08-07 15:00:00;Agente;Follow-up;Agente realizou follow-up para retomar a conversa.;Compra;orcamento_ticket
INT00254;LED0074;2026-08-09 16:15:00;Lead;Follow-up;Lead respondeu ao acompanhamento e atualizou preferências.;Compra;tipo_imovel_interesse
INT00255;LED0075;2026-09-04 12:15:00;Lead;Mensagem;Lead demonstrou interesse e iniciou conversa com o agente.;Aluguel;
INT00256;LED0075;2026-09-06 19:45:00;Agente;Mensagem;Agente identificou intenção: Aluguel.;Aluguel;intencao
INT00257;LED0075;2026-09-08 09:15:00;Lead;Mensagem;Agente coletou preferências de região, orçamento e características.;Aluguel;retorno_esperado_pct
INT00258;LED0075;2026-09-10 18:45:00;Agente;Follow-up;Agente realizou follow-up para retomar a conversa.;Aluguel;retorno_esperado_pct
INT00259;LED0075;2026-09-12 15:15:00;Lead;Follow-up;Agente realizou follow-up para retomar a conversa.;Aluguel;
INT00260;LED0076;2026-07-23 10:45:00;Lead;Mensagem;Lead respondeu anúncio e pediu atendimento.;Compra;retorno_esperado_pct
INT00261;LED0076;2026-07-25 15:00:00;Agente;Mensagem;Agente identificou intenção: Compra.;Compra;regiao_bairro
INT00262;LED0076;2026-07-27 19:45:00;Lead;Mensagem;Agente coletou preferências de região, orçamento e características.;Compra;tipo_imovel_interesse
INT00263;LED0076;2026-07-29 19:45:00;Agente;Follow-up;Lead respondeu ao acompanhamento e atualizou preferências.;Compra;perfil_investidor
INT00264;LED0077;2026-07-23 19:45:00;Lead;Mensagem;Lead iniciou contato solicitando informações sobre imóveis.;Aluguel;tipo_imovel_interesse
INT00265;LED0077;2026-07-25 12:00:00;Agente;Mensagem;Agente identificou intenção: Aluguel.;Aluguel;regiao_bairro
INT00266;LED0077;2026-07-27 11:30:00;Lead;Mensagem;Agente coletou preferências de região, orçamento e características.;Aluguel;
INT00267;LED0078;2026-07-25 19:00:00;Lead;Mensagem;Lead demonstrou interesse e iniciou conversa com o agente.;Compra;intencao
INT00268;LED0078;2026-07-27 17:45:00;Agente;Mensagem;Agente identificou intenção: Compra.;Compra;regiao_bairro
INT00269;LED0078;2026-07-29 14:15:00;Lead;Mensagem;Agente coletou preferências de região, orçamento e características.;Compra;perfil_investidor
INT00270;LED0078;2026-07-31 12:00:00;Agente;Follow-up;Agente realizou follow-up para retomar a conversa.;Compra;
INT00271;LED0078;2026-08-02 19:45:00;Lead;Follow-up;Lead respondeu ao acompanhamento e atualizou preferências.;Compra;perfil_investidor
INT00272;LED0079;2026-08-21 14:30:00;Lead;Mensagem;Lead respondeu anúncio e pediu atendimento.;Aluguel;retorno_esperado_pct
INT00273;LED0079;2026-08-23 16:00:00;Agente;Mensagem;Agente identificou intenção: Aluguel.;Aluguel;intencao
INT00274;LED0080;2026-08-02 13:30:00;Lead;Mensagem;Lead demonstrou interesse e iniciou conversa com o agente.;Compra;regiao_bairro
INT00275;LED0080;2026-08-04 11:00:00;Agente;Mensagem;Agente identificou intenção: Compra.;Compra;quartos
INT00276;LED0080;2026-08-06 14:45:00;Lead;Mensagem;Agente coletou preferências de região, orçamento e características.;Compra;regiao_bairro
INT00277;LED0080;2026-08-08 10:30:00;Agente;Follow-up;Lead respondeu ao acompanhamento e atualizou preferências.;Compra;retorno_esperado_pct
INT00278;LED0081;2026-09-16 18:00:00;Lead;Mensagem;Lead iniciou contato solicitando informações sobre imóveis.;Investimento;intencao
INT00279;LED0081;2026-09-18 12:15:00;Agente;Mensagem;Agente identificou intenção: Investimento.;Investimento;quartos
INT00280;LED0081;2026-09-20 19:45:00;Lead;Mensagem;Agente coletou preferências de região, orçamento e características.;Investimento;retorno_esperado_pct
INT00281;LED0081;2026-09-22 09:45:00;Agente;Follow-up;Agente confirmou próximos passos do atendimento.;Investimento;quartos
INT00282;LED0082;2026-07-08 16:00:00;Lead;Mensagem;Lead respondeu anúncio e pediu atendimento.;;retorno_esperado_pct
INT00283;LED0082;2026-07-10 19:15:00;Agente;Mensagem;Agente identificou intenção: ainda não definida.;;retorno_esperado_pct
INT00284;LED0083;2026-07-17 13:00:00;Lead;Mensagem;Lead demonstrou interesse e iniciou conversa com o agente.;Aluguel;perfil_investidor
INT00285;LED0083;2026-07-19 10:15:00;Agente;Mensagem;Agente identificou intenção: Aluguel.;Aluguel;intencao
INT00286;LED0084;2026-08-06 09:30:00;Lead;Mensagem;Lead iniciou contato solicitando informações sobre imóveis.;Compra;urgencia
INT00287;LED0084;2026-08-08 12:15:00;Agente;Mensagem;Agente identificou intenção: Compra.;Compra;tipo_imovel_interesse
INT00288;LED0084;2026-08-10 10:30:00;Lead;Mensagem;Agente coletou preferências de região, orçamento e características.;Compra;perfil_investidor
INT00289;LED0084;2026-08-12 15:45:00;Agente;Follow-up;Agente confirmou próximos passos do atendimento.;Compra;intencao
INT00290;LED0084;2026-08-14 13:15:00;Lead;Follow-up;Agente realizou follow-up para retomar a conversa.;Compra;orcamento_ticket
INT00291;LED0085;2026-08-13 18:30:00;Lead;Mensagem;Lead respondeu anúncio e pediu atendimento.;Aluguel;intencao
INT00292;LED0085;2026-08-15 13:30:00;Agente;Mensagem;Agente identificou intenção: Aluguel.;Aluguel;orcamento_ticket
INT00293;LED0085;2026-08-17 10:15:00;Lead;Mensagem;Agente coletou preferências de região, orçamento e características.;Aluguel;orcamento_ticket
INT00294;LED0085;2026-08-19 09:45:00;Agente;Follow-up;Agente realizou follow-up para retomar a conversa.;Aluguel;perfil_investidor
INT00295;LED0085;2026-08-21 15:00:00;Lead;Follow-up;Agente realizou follow-up para retomar a conversa.;Aluguel;quartos
INT00296;LED0086;2026-09-09 14:30:00;Lead;Mensagem;Lead respondeu anúncio e pediu atendimento.;Compra;tipo_imovel_interesse
INT00297;LED0086;2026-09-11 11:15:00;Agente;Mensagem;Agente identificou intenção: Compra.;Compra;quartos
INT00298;LED0087;2026-09-10 11:30:00;Lead;Mensagem;Lead iniciou contato solicitando informações sobre imóveis.;Investimento;quartos
INT00299;LED0087;2026-09-12 15:45:00;Agente;Mensagem;Agente identificou intenção: Investimento.;Investimento;perfil_investidor
INT00300;LED0087;2026-09-14 10:00:00;Lead;Mensagem;Agente coletou preferências de região, orçamento e características.;Investimento;orcamento_ticket
INT00301;LED0088;2026-09-09 18:45:00;Lead;Mensagem;Lead iniciou contato solicitando informações sobre imóveis.;Compra;retorno_esperado_pct
INT00302;LED0088;2026-09-11 16:15:00;Agente;Mensagem;Agente identificou intenção: Compra.;Compra;
INT00303;LED0088;2026-09-13 18:15:00;Lead;Mensagem;Agente coletou preferências de região, orçamento e características.;Compra;intencao
INT00304;LED0088;2026-09-15 11:15:00;Agente;Follow-up;Agente confirmou próximos passos do atendimento.;Compra;orcamento_ticket
INT00305;LED0089;2026-07-17 11:30:00;Lead;Mensagem;Lead demonstrou interesse e iniciou conversa com o agente.;Aluguel;intencao
INT00306;LED0089;2026-07-19 16:00:00;Agente;Mensagem;Agente identificou intenção: Aluguel.;Aluguel;orcamento_ticket
INT00307;LED0089;2026-07-21 11:00:00;Lead;Mensagem;Agente coletou preferências de região, orçamento e características.;Aluguel;tipo_imovel_interesse
INT00308;LED0090;2026-08-20 12:45:00;Lead;Mensagem;Lead demonstrou interesse e iniciou conversa com o agente.;Investimento;intencao
INT00309;LED0090;2026-08-22 14:30:00;Agente;Mensagem;Agente identificou intenção: Investimento.;Investimento;intencao
INT00310;LED0091;2026-07-25 14:00:00;Lead;Mensagem;Lead demonstrou interesse e iniciou conversa com o agente.;Investimento;
INT00311;LED0091;2026-07-27 16:15:00;Agente;Mensagem;Agente identificou intenção: Investimento.;Investimento;perfil_investidor
INT00312;LED0091;2026-07-29 16:30:00;Lead;Mensagem;Agente coletou preferências de região, orçamento e características.;Investimento;retorno_esperado_pct
INT00313;LED0091;2026-07-31 17:45:00;Agente;Follow-up;Agente realizou follow-up para retomar a conversa.;Investimento;intencao
INT00314;LED0092;2026-09-20 09:15:00;Lead;Mensagem;Lead demonstrou interesse e iniciou conversa com o agente.;Investimento;retorno_esperado_pct
INT00315;LED0092;2026-09-22 18:00:00;Agente;Mensagem;Agente identificou intenção: Investimento.;Investimento;quartos
INT00316;LED0092;2026-09-24 16:15:00;Lead;Mensagem;Agente coletou preferências de região, orçamento e características.;Investimento;intencao
INT00317;LED0092;2026-09-25 18:30:00;Agente;Follow-up;Agente realizou follow-up para retomar a conversa.;Investimento;
INT00318;LED0093;2026-08-09 18:45:00;Lead;Mensagem;Lead demonstrou interesse e iniciou conversa com o agente.;Investimento;orcamento_ticket
INT00319;LED0093;2026-08-11 09:30:00;Agente;Mensagem;Agente identificou intenção: Investimento.;Investimento;urgencia
INT00320;LED0093;2026-08-13 09:45:00;Lead;Mensagem;Agente coletou preferências de região, orçamento e características.;Investimento;retorno_esperado_pct
INT00321;LED0093;2026-08-15 13:15:00;Agente;Follow-up;Agente realizou follow-up para retomar a conversa.;Investimento;orcamento_ticket
INT00322;LED0094;2026-07-14 14:30:00;Lead;Mensagem;Lead demonstrou interesse e iniciou conversa com o agente.;Aluguel;retorno_esperado_pct
INT00323;LED0094;2026-07-16 13:00:00;Agente;Mensagem;Agente identificou intenção: Aluguel.;Aluguel;urgencia
INT00324;LED0094;2026-07-18 17:45:00;Lead;Mensagem;Agente coletou preferências de região, orçamento e características.;Aluguel;intencao
INT00325;LED0094;2026-07-20 16:15:00;Agente;Follow-up;Agente realizou follow-up para retomar a conversa.;Aluguel;tipo_imovel_interesse
INT00326;LED0094;2026-07-22 09:30:00;Lead;Follow-up;Agente realizou follow-up para retomar a conversa.;Aluguel;orcamento_ticket
INT00327;LED0095;2026-07-05 16:30:00;Lead;Mensagem;Lead iniciou contato solicitando informações sobre imóveis.;Compra;
INT00328;LED0095;2026-07-07 15:00:00;Agente;Mensagem;Agente identificou intenção: Compra.;Compra;tipo_imovel_interesse
INT00329;LED0095;2026-07-09 13:00:00;Lead;Mensagem;Agente coletou preferências de região, orçamento e características.;Compra;orcamento_ticket
INT00330;LED0095;2026-07-11 12:15:00;Agente;Follow-up;Agente realizou follow-up para retomar a conversa.;Compra;perfil_investidor
INT00331;LED0096;2026-09-24 14:00:00;Lead;Mensagem;Lead iniciou contato solicitando informações sobre imóveis.;Investimento;intencao
INT00332;LED0096;2026-09-25 17:30:00;Agente;Mensagem;Agente identificou intenção: Investimento.;Investimento;retorno_esperado_pct
INT00333;LED0096;2026-09-25 17:15:00;Lead;Mensagem;Agente coletou preferências de região, orçamento e características.;Investimento;
INT00334;LED0096;2026-09-25 11:00:00;Agente;Follow-up;Agente realizou follow-up para retomar a conversa.;Investimento;regiao_bairro
INT00335;LED0096;2026-09-25 09:30:00;Lead;Follow-up;Lead respondeu ao acompanhamento e atualizou preferências.;Investimento;perfil_investidor
INT00336;LED0097;2026-07-18 09:30:00;Lead;Mensagem;Lead iniciou contato solicitando informações sobre imóveis.;Investimento;quartos
INT00337;LED0097;2026-07-20 12:30:00;Agente;Mensagem;Agente identificou intenção: Investimento.;Investimento;regiao_bairro
INT00338;LED0097;2026-07-22 14:30:00;Lead;Mensagem;Agente coletou preferências de região, orçamento e características.;Investimento;regiao_bairro
INT00339;LED0097;2026-07-24 09:30:00;Agente;Follow-up;Agente confirmou próximos passos do atendimento.;Investimento;perfil_investidor
INT00340;LED0098;2026-09-14 14:30:00;Lead;Mensagem;Lead respondeu anúncio e pediu atendimento.;Compra;intencao
INT00341;LED0098;2026-09-16 09:00:00;Agente;Mensagem;Agente identificou intenção: Compra.;Compra;quartos
INT00342;LED0098;2026-09-18 17:00:00;Lead;Mensagem;Agente coletou preferências de região, orçamento e características.;Compra;orcamento_ticket
INT00343;LED0098;2026-09-20 14:15:00;Agente;Follow-up;Lead respondeu ao acompanhamento e atualizou preferências.;Compra;intencao
INT00344;LED0098;2026-09-22 15:00:00;Lead;Follow-up;Agente confirmou próximos passos do atendimento.;Compra;regiao_bairro
INT00345;LED0099;2026-09-04 15:30:00;Lead;Mensagem;Lead respondeu anúncio e pediu atendimento.;Aluguel;intencao
INT00346;LED0099;2026-09-06 16:00:00;Agente;Mensagem;Agente identificou intenção: Aluguel.;Aluguel;quartos
INT00347;LED0100;2026-08-05 11:30:00;Lead;Mensagem;Lead iniciou contato solicitando informações sobre imóveis.;Compra;
INT00348;LED0100;2026-08-07 12:00:00;Agente;Mensagem;Agente identificou intenção: Compra.;Compra;regiao_bairro
INT00349;LED0100;2026-08-09 13:15:00;Lead;Mensagem;Agente coletou preferências de região, orçamento e características.;Compra;intencao
INT00350;LED0100;2026-08-11 18:15:00;Agente;Follow-up;Lead respondeu ao acompanhamento e atualizou preferências.;Compra;retorno_esperado_pct
INT00351;LED0100;2026-08-13 09:45:00;Lead;Follow-up;Agente realizou follow-up para retomar a conversa.;Compra;urgencia
INT00352;LED0101;2026-09-14 13:00:00;Lead;Mensagem;Lead iniciou contato solicitando informações sobre imóveis.;Investimento;perfil_investidor
INT00353;LED0101;2026-09-16 12:00:00;Agente;Mensagem;Agente identificou intenção: Investimento.;Investimento;intencao
INT00354;LED0101;2026-09-18 12:30:00;Lead;Mensagem;Agente coletou preferências de região, orçamento e características.;Investimento;intencao
INT00355;LED0101;2026-09-20 16:45:00;Agente;Follow-up;Agente realizou follow-up para retomar a conversa.;Investimento;
INT00356;LED0101;2026-09-22 14:30:00;Lead;Follow-up;Lead respondeu ao acompanhamento e atualizou preferências.;Investimento;intencao
INT00357;LED0102;2026-07-06 16:30:00;Lead;Mensagem;Lead iniciou contato solicitando informações sobre imóveis.;Aluguel;urgencia
INT00358;LED0102;2026-07-08 16:15:00;Agente;Mensagem;Agente identificou intenção: Aluguel.;Aluguel;orcamento_ticket
INT00359;LED0102;2026-07-10 12:45:00;Lead;Mensagem;Agente coletou preferências de região, orçamento e características.;Aluguel;intencao
INT00360;LED0102;2026-07-12 19:45:00;Agente;Follow-up;Agente confirmou próximos passos do atendimento.;Aluguel;urgencia
INT00361;LED0103;2026-07-16 15:15:00;Lead;Mensagem;Lead respondeu anúncio e pediu atendimento.;Compra;perfil_investidor
INT00362;LED0103;2026-07-18 17:45:00;Agente;Mensagem;Agente identificou intenção: Compra.;Compra;
INT00363;LED0103;2026-07-20 17:30:00;Lead;Mensagem;Agente coletou preferências de região, orçamento e características.;Compra;
INT00364;LED0104;2026-07-27 18:30:00;Lead;Mensagem;Lead iniciou contato solicitando informações sobre imóveis.;Aluguel;orcamento_ticket
INT00365;LED0104;2026-07-29 14:15:00;Agente;Mensagem;Agente identificou intenção: Aluguel.;Aluguel;orcamento_ticket
INT00366;LED0105;2026-09-01 10:45:00;Lead;Mensagem;Lead iniciou contato solicitando informações sobre imóveis.;Investimento;tipo_imovel_interesse
INT00367;LED0105;2026-09-03 11:15:00;Agente;Mensagem;Agente identificou intenção: Investimento.;Investimento;tipo_imovel_interesse
INT00368;LED0106;2026-09-02 17:00:00;Lead;Mensagem;Lead demonstrou interesse e iniciou conversa com o agente.;Compra;regiao_bairro
INT00369;LED0106;2026-09-04 11:45:00;Agente;Mensagem;Agente identificou intenção: Compra.;Compra;regiao_bairro
INT00370;LED0106;2026-09-06 18:45:00;Lead;Mensagem;Agente coletou preferências de região, orçamento e características.;Compra;orcamento_ticket
INT00371;LED0107;2026-09-23 14:00:00;Lead;Mensagem;Lead respondeu anúncio e pediu atendimento.;Investimento;quartos
INT00372;LED0107;2026-09-25 19:15:00;Agente;Mensagem;Agente identificou intenção: Investimento.;Investimento;quartos
INT00373;LED0107;2026-09-25 12:15:00;Lead;Mensagem;Agente coletou preferências de região, orçamento e características.;Investimento;retorno_esperado_pct
INT00374;LED0108;2026-09-03 18:30:00;Lead;Mensagem;Lead demonstrou interesse e iniciou conversa com o agente.;Aluguel;
INT00375;LED0108;2026-09-05 11:00:00;Agente;Mensagem;Agente identificou intenção: Aluguel.;Aluguel;perfil_investidor
INT00376;LED0108;2026-09-07 11:30:00;Lead;Mensagem;Agente coletou preferências de região, orçamento e características.;Aluguel;
INT00377;LED0108;2026-09-09 15:45:00;Agente;Follow-up;Agente confirmou próximos passos do atendimento.;Aluguel;tipo_imovel_interesse
INT00378;LED0108;2026-09-11 15:30:00;Lead;Follow-up;Lead respondeu ao acompanhamento e atualizou preferências.;Aluguel;perfil_investidor
INT00379;LED0109;2026-07-26 09:00:00;Lead;Mensagem;Lead iniciou contato solicitando informações sobre imóveis.;Investimento;regiao_bairro
INT00380;LED0109;2026-07-28 13:00:00;Agente;Mensagem;Agente identificou intenção: Investimento.;Investimento;
INT00381;LED0110;2026-07-21 17:00:00;Lead;Mensagem;Lead iniciou contato solicitando informações sobre imóveis.;Aluguel;regiao_bairro
INT00382;LED0110;2026-07-23 09:00:00;Agente;Mensagem;Agente identificou intenção: Aluguel.;Aluguel;intencao
INT00383;LED0110;2026-07-25 10:15:00;Lead;Mensagem;Agente coletou preferências de região, orçamento e características.;Aluguel;
INT00384;LED0110;2026-07-27 12:15:00;Agente;Follow-up;Agente confirmou próximos passos do atendimento.;Aluguel;perfil_investidor
INT00385;LED0111;2026-09-17 19:00:00;Lead;Mensagem;Lead iniciou contato solicitando informações sobre imóveis.;Compra;urgencia
INT00386;LED0111;2026-09-19 15:00:00;Agente;Mensagem;Agente identificou intenção: Compra.;Compra;regiao_bairro
INT00387;LED0111;2026-09-21 17:45:00;Lead;Mensagem;Agente coletou preferências de região, orçamento e características.;Compra;perfil_investidor
INT00388;LED0111;2026-09-23 17:00:00;Agente;Follow-up;Lead respondeu ao acompanhamento e atualizou preferências.;Compra;regiao_bairro
INT00389;LED0112;2026-08-31 10:45:00;Lead;Mensagem;Lead demonstrou interesse e iniciou conversa com o agente.;Investimento;intencao
INT00390;LED0112;2026-09-02 19:45:00;Agente;Mensagem;Agente identificou intenção: Investimento.;Investimento;perfil_investidor
INT00391;LED0113;2026-07-22 10:45:00;Lead;Mensagem;Lead respondeu anúncio e pediu atendimento.;Aluguel;regiao_bairro
INT00392;LED0113;2026-07-24 17:15:00;Agente;Mensagem;Agente identificou intenção: Aluguel.;Aluguel;intencao
INT00393;LED0114;2026-08-18 19:45:00;Lead;Mensagem;Lead respondeu anúncio e pediu atendimento.;Compra;orcamento_ticket
INT00394;LED0114;2026-08-20 16:30:00;Agente;Mensagem;Agente identificou intenção: Compra.;Compra;regiao_bairro
INT00395;LED0114;2026-08-22 13:45:00;Lead;Mensagem;Agente coletou preferências de região, orçamento e características.;Compra;retorno_esperado_pct
INT00396;LED0114;2026-08-24 18:30:00;Agente;Follow-up;Agente realizou follow-up para retomar a conversa.;Compra;perfil_investidor
INT00397;LED0115;2026-07-21 16:15:00;Lead;Mensagem;Lead respondeu anúncio e pediu atendimento.;Compra;perfil_investidor
INT00398;LED0115;2026-07-23 18:45:00;Agente;Mensagem;Agente identificou intenção: Compra.;Compra;orcamento_ticket
INT00399;LED0115;2026-07-25 12:15:00;Lead;Mensagem;Agente coletou preferências de região, orçamento e características.;Compra;regiao_bairro
INT00400;LED0115;2026-07-27 15:15:00;Agente;Follow-up;Agente realizou follow-up para retomar a conversa.;Compra;quartos
INT00401;LED0116;2026-08-22 19:45:00;Lead;Mensagem;Lead demonstrou interesse e iniciou conversa com o agente.;Investimento;perfil_investidor
INT00402;LED0116;2026-08-24 11:15:00;Agente;Mensagem;Agente identificou intenção: Investimento.;Investimento;perfil_investidor
INT00403;LED0116;2026-08-26 19:00:00;Lead;Mensagem;Agente coletou preferências de região, orçamento e características.;Investimento;tipo_imovel_interesse
INT00404;LED0117;2026-07-13 19:15:00;Lead;Mensagem;Lead demonstrou interesse e iniciou conversa com o agente.;;orcamento_ticket
INT00405;LED0117;2026-07-15 17:00:00;Agente;Mensagem;Agente identificou intenção: ainda não definida.;;urgencia
INT00406;LED0117;2026-07-17 18:45:00;Lead;Mensagem;Agente coletou preferências de região, orçamento e características.;;regiao_bairro
INT00407;LED0117;2026-07-19 09:45:00;Agente;Follow-up;Agente realizou follow-up para retomar a conversa.;;retorno_esperado_pct
INT00408;LED0118;2026-08-15 15:15:00;Lead;Mensagem;Lead iniciou contato solicitando informações sobre imóveis.;Aluguel;tipo_imovel_interesse
INT00409;LED0118;2026-08-17 16:15:00;Agente;Mensagem;Agente identificou intenção: Aluguel.;Aluguel;urgencia
INT00410;LED0118;2026-08-19 16:15:00;Lead;Mensagem;Agente coletou preferências de região, orçamento e características.;Aluguel;retorno_esperado_pct
INT00411;LED0118;2026-08-21 16:15:00;Agente;Follow-up;Lead respondeu ao acompanhamento e atualizou preferências.;Aluguel;retorno_esperado_pct
INT00412;LED0118;2026-08-23 17:00:00;Lead;Follow-up;Lead respondeu ao acompanhamento e atualizou preferências.;Aluguel;retorno_esperado_pct
INT00413;LED0119;2026-08-21 13:15:00;Lead;Mensagem;Lead demonstrou interesse e iniciou conversa com o agente.;Compra;orcamento_ticket
INT00414;LED0119;2026-08-23 10:30:00;Agente;Mensagem;Agente identificou intenção: Compra.;Compra;orcamento_ticket
INT00415;LED0120;2026-07-16 19:30:00;Lead;Mensagem;Lead demonstrou interesse e iniciou conversa com o agente.;Compra;tipo_imovel_interesse
INT00416;LED0120;2026-07-18 14:00:00;Agente;Mensagem;Agente identificou intenção: Compra.;Compra;quartos
INT00417;LED0120;2026-07-20 17:45:00;Lead;Mensagem;Agente coletou preferências de região, orçamento e características.;Compra;intencao
INT00418;LED0120;2026-07-22 12:15:00;Agente;Follow-up;Agente realizou follow-up para retomar a conversa.;Compra;quartos
INT00419;LED0120;2026-07-24 11:45:00;Lead;Follow-up;Agente realizou follow-up para retomar a conversa.;Compra;perfil_investidor
INT00420;LED0121;2026-09-03 11:00:00;Lead;Mensagem;Lead demonstrou interesse e iniciou conversa com o agente.;Compra;regiao_bairro
INT00421;LED0121;2026-09-05 14:15:00;Agente;Mensagem;Agente identificou intenção: Compra.;Compra;urgencia
INT00422;LED0121;2026-09-07 11:15:00;Lead;Mensagem;Agente coletou preferências de região, orçamento e características.;Compra;tipo_imovel_interesse
INT00423;LED0122;2026-08-16 12:15:00;Lead;Mensagem;Lead iniciou contato solicitando informações sobre imóveis.;Compra;retorno_esperado_pct
INT00424;LED0122;2026-08-18 14:45:00;Agente;Mensagem;Agente identificou intenção: Compra.;Compra;perfil_investidor
INT00425;LED0122;2026-08-20 13:30:00;Lead;Mensagem;Agente coletou preferências de região, orçamento e características.;Compra;intencao
INT00426;LED0122;2026-08-22 12:30:00;Agente;Follow-up;Agente realizou follow-up para retomar a conversa.;Compra;tipo_imovel_interesse
INT00427;LED0123;2026-09-12 17:30:00;Lead;Mensagem;Lead iniciou contato solicitando informações sobre imóveis.;Investimento;quartos
INT00428;LED0123;2026-09-14 17:00:00;Agente;Mensagem;Agente identificou intenção: Investimento.;Investimento;retorno_esperado_pct
INT00429;LED0123;2026-09-16 11:30:00;Lead;Mensagem;Agente coletou preferências de região, orçamento e características.;Investimento;tipo_imovel_interesse
INT00430;LED0123;2026-09-18 09:15:00;Agente;Follow-up;Agente realizou follow-up para retomar a conversa.;Investimento;perfil_investidor
INT00431;LED0124;2026-07-03 11:30:00;Lead;Mensagem;Lead demonstrou interesse e iniciou conversa com o agente.;Compra;tipo_imovel_interesse
INT00432;LED0124;2026-07-05 16:15:00;Agente;Mensagem;Agente identificou intenção: Compra.;Compra;regiao_bairro
INT00433;LED0124;2026-07-07 11:45:00;Lead;Mensagem;Agente coletou preferências de região, orçamento e características.;Compra;retorno_esperado_pct
INT00434;LED0124;2026-07-09 12:15:00;Agente;Follow-up;Lead respondeu ao acompanhamento e atualizou preferências.;Compra;tipo_imovel_interesse
INT00435;LED0124;2026-07-11 19:45:00;Lead;Follow-up;Lead respondeu ao acompanhamento e atualizou preferências.;Compra;perfil_investidor
INT00436;LED0125;2026-09-14 10:30:00;Lead;Mensagem;Lead respondeu anúncio e pediu atendimento.;Aluguel;retorno_esperado_pct
INT00437;LED0125;2026-09-16 11:00:00;Agente;Mensagem;Agente identificou intenção: Aluguel.;Aluguel;perfil_investidor
INT00438;LED0125;2026-09-18 16:45:00;Lead;Mensagem;Agente coletou preferências de região, orçamento e características.;Aluguel;
INT00439;LED0125;2026-09-20 14:30:00;Agente;Follow-up;Agente realizou follow-up para retomar a conversa.;Aluguel;
INT00440;LED0126;2026-07-15 13:15:00;Lead;Mensagem;Lead iniciou contato solicitando informações sobre imóveis.;Compra;urgencia
INT00441;LED0126;2026-07-17 10:45:00;Agente;Mensagem;Agente identificou intenção: Compra.;Compra;retorno_esperado_pct
INT00442;LED0126;2026-07-19 12:15:00;Lead;Mensagem;Agente coletou preferências de região, orçamento e características.;Compra;retorno_esperado_pct
INT00443;LED0126;2026-07-21 16:45:00;Agente;Follow-up;Lead respondeu ao acompanhamento e atualizou preferências.;Compra;perfil_investidor
INT00444;LED0126;2026-07-23 10:45:00;Lead;Follow-up;Agente confirmou próximos passos do atendimento.;Compra;regiao_bairro
INT00445;LED0127;2026-08-22 11:30:00;Lead;Mensagem;Lead iniciou contato solicitando informações sobre imóveis.;Compra;tipo_imovel_interesse
INT00446;LED0127;2026-08-24 13:45:00;Agente;Mensagem;Agente identificou intenção: Compra.;Compra;quartos
INT00447;LED0128;2026-08-17 19:00:00;Lead;Mensagem;Lead iniciou contato solicitando informações sobre imóveis.;Compra;
INT00448;LED0128;2026-08-19 18:45:00;Agente;Mensagem;Agente identificou intenção: Compra.;Compra;regiao_bairro
INT00449;LED0128;2026-08-21 19:45:00;Lead;Mensagem;Agente coletou preferências de região, orçamento e características.;Compra;tipo_imovel_interesse
INT00450;LED0129;2026-08-11 13:30:00;Lead;Mensagem;Lead respondeu anúncio e pediu atendimento.;Compra;intencao
INT00451;LED0129;2026-08-13 15:30:00;Agente;Mensagem;Agente identificou intenção: Compra.;Compra;tipo_imovel_interesse
INT00452;LED0129;2026-08-15 13:45:00;Lead;Mensagem;Agente coletou preferências de região, orçamento e características.;Compra;retorno_esperado_pct
INT00453;LED0129;2026-08-17 16:00:00;Agente;Follow-up;Agente confirmou próximos passos do atendimento.;Compra;
INT00454;LED0129;2026-08-19 16:15:00;Lead;Follow-up;Lead respondeu ao acompanhamento e atualizou preferências.;Compra;quartos
INT00455;LED0130;2026-08-21 10:15:00;Lead;Mensagem;Lead respondeu anúncio e pediu atendimento.;Aluguel;perfil_investidor
INT00456;LED0130;2026-08-23 16:15:00;Agente;Mensagem;Agente identificou intenção: Aluguel.;Aluguel;intencao
INT00457;LED0131;2026-09-19 12:00:00;Lead;Mensagem;Lead iniciou contato solicitando informações sobre imóveis.;Investimento;quartos
INT00458;LED0131;2026-09-21 09:00:00;Agente;Mensagem;Agente identificou intenção: Investimento.;Investimento;intencao
INT00459;LED0132;2026-07-08 16:45:00;Lead;Mensagem;Lead demonstrou interesse e iniciou conversa com o agente.;Compra;retorno_esperado_pct
INT00460;LED0132;2026-07-10 15:30:00;Agente;Mensagem;Agente identificou intenção: Compra.;Compra;tipo_imovel_interesse
INT00461;LED0132;2026-07-12 13:15:00;Lead;Mensagem;Agente coletou preferências de região, orçamento e características.;Compra;orcamento_ticket
INT00462;LED0133;2026-08-16 18:30:00;Lead;Mensagem;Lead iniciou contato solicitando informações sobre imóveis.;Compra;orcamento_ticket
INT00463;LED0133;2026-08-18 12:15:00;Agente;Mensagem;Agente identificou intenção: Compra.;Compra;urgencia
INT00464;LED0134;2026-08-25 16:15:00;Lead;Mensagem;Lead demonstrou interesse e iniciou conversa com o agente.;Compra;orcamento_ticket
INT00465;LED0134;2026-08-27 13:15:00;Agente;Mensagem;Agente identificou intenção: Compra.;Compra;orcamento_ticket
INT00466;LED0134;2026-08-29 09:00:00;Lead;Mensagem;Agente coletou preferências de região, orçamento e características.;Compra;quartos
INT00467;LED0134;2026-08-31 17:00:00;Agente;Follow-up;Agente realizou follow-up para retomar a conversa.;Compra;regiao_bairro
INT00468;LED0135;2026-09-03 15:15:00;Lead;Mensagem;Lead demonstrou interesse e iniciou conversa com o agente.;Compra;tipo_imovel_interesse
INT00469;LED0135;2026-09-05 09:45:00;Agente;Mensagem;Agente identificou intenção: Compra.;Compra;tipo_imovel_interesse
INT00470;LED0135;2026-09-07 17:30:00;Lead;Mensagem;Agente coletou preferências de região, orçamento e características.;Compra;quartos
INT00471;LED0136;2026-08-08 11:00:00;Lead;Mensagem;Lead respondeu anúncio e pediu atendimento.;Compra;tipo_imovel_interesse
INT00472;LED0136;2026-08-10 14:00:00;Agente;Mensagem;Agente identificou intenção: Compra.;Compra;perfil_investidor
INT00473;LED0136;2026-08-12 15:15:00;Lead;Mensagem;Agente coletou preferências de região, orçamento e características.;Compra;regiao_bairro
INT00474;LED0136;2026-08-14 16:45:00;Agente;Follow-up;Lead respondeu ao acompanhamento e atualizou preferências.;Compra;orcamento_ticket
INT00475;LED0136;2026-08-16 14:00:00;Lead;Follow-up;Lead respondeu ao acompanhamento e atualizou preferências.;Compra;perfil_investidor
INT00476;LED0137;2026-07-10 17:15:00;Lead;Mensagem;Lead respondeu anúncio e pediu atendimento.;Investimento;urgencia
INT00477;LED0137;2026-07-12 15:15:00;Agente;Mensagem;Agente identificou intenção: Investimento.;Investimento;
INT00478;LED0137;2026-07-14 16:30:00;Lead;Mensagem;Agente coletou preferências de região, orçamento e características.;Investimento;intencao
INT00479;LED0138;2026-09-19 13:15:00;Lead;Mensagem;Lead demonstrou interesse e iniciou conversa com o agente.;Investimento;quartos
INT00480;LED0138;2026-09-21 09:45:00;Agente;Mensagem;Agente identificou intenção: Investimento.;Investimento;urgencia
INT00481;LED0138;2026-09-23 13:45:00;Lead;Mensagem;Agente coletou preferências de região, orçamento e características.;Investimento;
INT00482;LED0138;2026-09-25 16:15:00;Agente;Follow-up;Agente confirmou próximos passos do atendimento.;Investimento;quartos
INT00483;LED0138;2026-09-25 17:15:00;Lead;Follow-up;Agente realizou follow-up para retomar a conversa.;Investimento;
INT00484;LED0139;2026-08-21 13:30:00;Lead;Mensagem;Lead demonstrou interesse e iniciou conversa com o agente.;Compra;urgencia
INT00485;LED0139;2026-08-23 10:15:00;Agente;Mensagem;Agente identificou intenção: Compra.;Compra;intencao
INT00486;LED0139;2026-08-25 11:30:00;Lead;Mensagem;Agente coletou preferências de região, orçamento e características.;Compra;retorno_esperado_pct
INT00487;LED0140;2026-07-31 16:15:00;Lead;Mensagem;Lead iniciou contato solicitando informações sobre imóveis.;Compra;orcamento_ticket
INT00488;LED0140;2026-08-02 15:15:00;Agente;Mensagem;Agente identificou intenção: Compra.;Compra;orcamento_ticket
INT00489;LED0141;2026-09-09 11:45:00;Lead;Mensagem;Lead iniciou contato solicitando informações sobre imóveis.;Compra;intencao
INT00490;LED0141;2026-09-11 17:30:00;Agente;Mensagem;Agente identificou intenção: Compra.;Compra;regiao_bairro
INT00491;LED0141;2026-09-13 18:15:00;Lead;Mensagem;Agente coletou preferências de região, orçamento e características.;Compra;retorno_esperado_pct
INT00492;LED0141;2026-09-15 13:45:00;Agente;Follow-up;Agente confirmou próximos passos do atendimento.;Compra;retorno_esperado_pct
INT00493;LED0141;2026-09-17 15:30:00;Lead;Follow-up;Lead respondeu ao acompanhamento e atualizou preferências.;Compra;urgencia
INT00494;LED0142;2026-07-05 12:00:00;Lead;Mensagem;Lead respondeu anúncio e pediu atendimento.;Compra;regiao_bairro
INT00495;LED0142;2026-07-07 10:30:00;Agente;Mensagem;Agente identificou intenção: Compra.;Compra;regiao_bairro
INT00496;LED0143;2026-08-28 11:15:00;Lead;Mensagem;Lead iniciou contato solicitando informações sobre imóveis.;Aluguel;quartos
INT00497;LED0143;2026-08-30 13:45:00;Agente;Mensagem;Agente identificou intenção: Aluguel.;Aluguel;quartos
INT00498;LED0143;2026-09-01 13:45:00;Lead;Mensagem;Agente coletou preferências de região, orçamento e características.;Aluguel;
INT00499;LED0144;2026-09-17 09:15:00;Lead;Mensagem;Lead respondeu anúncio e pediu atendimento.;Aluguel;urgencia
INT00500;LED0144;2026-09-19 09:30:00;Agente;Mensagem;Agente identificou intenção: Aluguel.;Aluguel;retorno_esperado_pct
INT00501;LED0144;2026-09-21 11:15:00;Lead;Mensagem;Agente coletou preferências de região, orçamento e características.;Aluguel;regiao_bairro
INT00502;LED0144;2026-09-23 15:30:00;Agente;Follow-up;Agente realizou follow-up para retomar a conversa.;Aluguel;retorno_esperado_pct
INT00503;LED0145;2026-07-13 12:30:00;Lead;Mensagem;Lead respondeu anúncio e pediu atendimento.;Compra;retorno_esperado_pct
INT00504;LED0145;2026-07-15 14:00:00;Agente;Mensagem;Agente identificou intenção: Compra.;Compra;retorno_esperado_pct
INT00505;LED0145;2026-07-17 15:15:00;Lead;Mensagem;Agente coletou preferências de região, orçamento e características.;Compra;intencao
INT00506;LED0145;2026-07-19 10:00:00;Agente;Follow-up;Lead respondeu ao acompanhamento e atualizou preferências.;Compra;tipo_imovel_interesse
INT00507;LED0145;2026-07-21 10:15:00;Lead;Follow-up;Agente confirmou próximos passos do atendimento.;Compra;quartos
INT00508;LED0146;2026-08-24 16:45:00;Lead;Mensagem;Lead demonstrou interesse e iniciou conversa com o agente.;Aluguel;tipo_imovel_interesse
INT00509;LED0146;2026-08-26 18:15:00;Agente;Mensagem;Agente identificou intenção: Aluguel.;Aluguel;urgencia
INT00510;LED0146;2026-08-28 18:30:00;Lead;Mensagem;Agente coletou preferências de região, orçamento e características.;Aluguel;tipo_imovel_interesse
INT00511;LED0147;2026-09-09 13:45:00;Lead;Mensagem;Lead respondeu anúncio e pediu atendimento.;Compra;quartos
INT00512;LED0147;2026-09-11 14:45:00;Agente;Mensagem;Agente identificou intenção: Compra.;Compra;orcamento_ticket
INT00513;LED0148;2026-07-25 10:45:00;Lead;Mensagem;Lead respondeu anúncio e pediu atendimento.;Aluguel;perfil_investidor
INT00514;LED0148;2026-07-27 13:15:00;Agente;Mensagem;Agente identificou intenção: Aluguel.;Aluguel;
INT00515;LED0148;2026-07-29 10:15:00;Lead;Mensagem;Agente coletou preferências de região, orçamento e características.;Aluguel;tipo_imovel_interesse
INT00516;LED0149;2026-07-01 14:45:00;Lead;Mensagem;Lead demonstrou interesse e iniciou conversa com o agente.;;
INT00517;LED0149;2026-07-03 16:45:00;Agente;Mensagem;Agente identificou intenção: ainda não definida.;;retorno_esperado_pct
INT00518;LED0149;2026-07-05 16:00:00;Lead;Mensagem;Agente coletou preferências de região, orçamento e características.;;
INT00519;LED0150;2026-07-07 16:30:00;Lead;Mensagem;Lead iniciou contato solicitando informações sobre imóveis.;;intencao
INT00520;LED0150;2026-07-09 16:15:00;Agente;Mensagem;Agente identificou intenção: ainda não definida.;;retorno_esperado_pct
INT00521;LED0150;2026-07-11 10:15:00;Lead;Mensagem;Agente coletou preferências de região, orçamento e características.;;orcamento_ticket
INT00522;LED0151;2026-07-16 11:45:00;Lead;Mensagem;Lead respondeu anúncio e pediu atendimento.;Aluguel;perfil_investidor
INT00523;LED0151;2026-07-18 12:00:00;Agente;Mensagem;Agente identificou intenção: Aluguel.;Aluguel;intencao
INT00524;LED0151;2026-07-20 10:00:00;Lead;Mensagem;Agente coletou preferências de região, orçamento e características.;Aluguel;urgencia
INT00525;LED0151;2026-07-22 11:30:00;Agente;Follow-up;Lead respondeu ao acompanhamento e atualizou preferências.;Aluguel;retorno_esperado_pct
INT00526;LED0151;2026-07-24 18:45:00;Lead;Follow-up;Lead respondeu ao acompanhamento e atualizou preferências.;Aluguel;tipo_imovel_interesse
INT00527;LED0152;2026-07-03 12:00:00;Lead;Mensagem;Lead iniciou contato solicitando informações sobre imóveis.;Compra;orcamento_ticket
INT00528;LED0152;2026-07-05 17:30:00;Agente;Mensagem;Agente identificou intenção: Compra.;Compra;
INT00529;LED0152;2026-07-07 11:15:00;Lead;Mensagem;Agente coletou preferências de região, orçamento e características.;Compra;perfil_investidor
INT00530;LED0153;2026-09-04 19:00:00;Lead;Mensagem;Lead respondeu anúncio e pediu atendimento.;Compra;intencao
INT00531;LED0153;2026-09-06 11:45:00;Agente;Mensagem;Agente identificou intenção: Compra.;Compra;orcamento_ticket
INT00532;LED0153;2026-09-08 09:00:00;Lead;Mensagem;Agente coletou preferências de região, orçamento e características.;Compra;
INT00533;LED0153;2026-09-10 09:00:00;Agente;Follow-up;Agente confirmou próximos passos do atendimento.;Compra;quartos
INT00534;LED0153;2026-09-12 17:00:00;Lead;Follow-up;Agente confirmou próximos passos do atendimento.;Compra;regiao_bairro
INT00535;LED0154;2026-08-06 09:15:00;Lead;Mensagem;Lead respondeu anúncio e pediu atendimento.;;tipo_imovel_interesse
INT00536;LED0154;2026-08-08 10:45:00;Agente;Mensagem;Agente identificou intenção: ainda não definida.;;tipo_imovel_interesse
INT00537;LED0154;2026-08-10 09:30:00;Lead;Mensagem;Agente coletou preferências de região, orçamento e características.;;retorno_esperado_pct
INT00538;LED0155;2026-07-07 14:30:00;Lead;Mensagem;Lead demonstrou interesse e iniciou conversa com o agente.;Compra;retorno_esperado_pct
INT00539;LED0155;2026-07-09 14:00:00;Agente;Mensagem;Agente identificou intenção: Compra.;Compra;intencao
INT00540;LED0155;2026-07-11 12:00:00;Lead;Mensagem;Agente coletou preferências de região, orçamento e características.;Compra;regiao_bairro
INT00541;LED0155;2026-07-13 15:15:00;Agente;Follow-up;Agente realizou follow-up para retomar a conversa.;Compra;retorno_esperado_pct
INT00542;LED0156;2026-09-22 15:45:00;Lead;Mensagem;Lead demonstrou interesse e iniciou conversa com o agente.;Investimento;quartos
INT00543;LED0156;2026-09-24 19:00:00;Agente;Mensagem;Agente identificou intenção: Investimento.;Investimento;quartos
INT00544;LED0156;2026-09-25 19:00:00;Lead;Mensagem;Agente coletou preferências de região, orçamento e características.;Investimento;
INT00545;LED0157;2026-08-30 10:45:00;Lead;Mensagem;Lead demonstrou interesse e iniciou conversa com o agente.;Compra;
INT00546;LED0157;2026-09-01 13:45:00;Agente;Mensagem;Agente identificou intenção: Compra.;Compra;urgencia
INT00547;LED0157;2026-09-03 16:30:00;Lead;Mensagem;Agente coletou preferências de região, orçamento e características.;Compra;tipo_imovel_interesse
INT00548;LED0158;2026-07-02 12:45:00;Lead;Mensagem;Lead respondeu anúncio e pediu atendimento.;Aluguel;tipo_imovel_interesse
INT00549;LED0158;2026-07-04 12:00:00;Agente;Mensagem;Agente identificou intenção: Aluguel.;Aluguel;
INT00550;LED0158;2026-07-06 11:45:00;Lead;Mensagem;Agente coletou preferências de região, orçamento e características.;Aluguel;quartos
INT00551;LED0158;2026-07-08 14:45:00;Agente;Follow-up;Lead respondeu ao acompanhamento e atualizou preferências.;Aluguel;urgencia
INT00552;LED0159;2026-08-28 10:00:00;Lead;Mensagem;Lead respondeu anúncio e pediu atendimento.;;regiao_bairro
INT00553;LED0159;2026-08-30 15:30:00;Agente;Mensagem;Agente identificou intenção: ainda não definida.;;quartos
INT00554;LED0159;2026-09-01 19:45:00;Lead;Mensagem;Agente coletou preferências de região, orçamento e características.;;regiao_bairro
INT00555;LED0159;2026-09-03 09:45:00;Agente;Follow-up;Agente realizou follow-up para retomar a conversa.;;intencao
INT00556;LED0160;2026-08-26 18:30:00;Lead;Mensagem;Lead respondeu anúncio e pediu atendimento.;Aluguel;regiao_bairro
INT00557;LED0160;2026-08-28 17:30:00;Agente;Mensagem;Agente identificou intenção: Aluguel.;Aluguel;regiao_bairro
INT00558;LED0161;2026-09-11 16:45:00;Lead;Mensagem;Lead demonstrou interesse e iniciou conversa com o agente.;Compra;regiao_bairro
INT00559;LED0161;2026-09-13 13:30:00;Agente;Mensagem;Agente identificou intenção: Compra.;Compra;regiao_bairro
INT00560;LED0161;2026-09-15 19:15:00;Lead;Mensagem;Agente coletou preferências de região, orçamento e características.;Compra;orcamento_ticket
INT00561;LED0162;2026-07-24 09:45:00;Lead;Mensagem;Lead respondeu anúncio e pediu atendimento.;Aluguel;urgencia
INT00562;LED0162;2026-07-26 12:30:00;Agente;Mensagem;Agente identificou intenção: Aluguel.;Aluguel;regiao_bairro
INT00563;LED0162;2026-07-28 17:30:00;Lead;Mensagem;Agente coletou preferências de região, orçamento e características.;Aluguel;
INT00564;LED0163;2026-08-02 16:30:00;Lead;Mensagem;Lead demonstrou interesse e iniciou conversa com o agente.;Compra;perfil_investidor
INT00565;LED0163;2026-08-04 11:00:00;Agente;Mensagem;Agente identificou intenção: Compra.;Compra;orcamento_ticket
INT00566;LED0163;2026-08-06 09:00:00;Lead;Mensagem;Agente coletou preferências de região, orçamento e características.;Compra;tipo_imovel_interesse
INT00567;LED0163;2026-08-08 09:45:00;Agente;Follow-up;Agente confirmou próximos passos do atendimento.;Compra;urgencia
INT00568;LED0164;2026-09-09 15:00:00;Lead;Mensagem;Lead respondeu anúncio e pediu atendimento.;Compra;perfil_investidor
INT00569;LED0164;2026-09-11 17:30:00;Agente;Mensagem;Agente identificou intenção: Compra.;Compra;retorno_esperado_pct
INT00570;LED0164;2026-09-13 10:15:00;Lead;Mensagem;Agente coletou preferências de região, orçamento e características.;Compra;orcamento_ticket
INT00571;LED0165;2026-09-12 13:15:00;Lead;Mensagem;Lead iniciou contato solicitando informações sobre imóveis.;Aluguel;regiao_bairro
INT00572;LED0165;2026-09-14 12:45:00;Agente;Mensagem;Agente identificou intenção: Aluguel.;Aluguel;perfil_investidor
INT00573;LED0165;2026-09-16 18:15:00;Lead;Mensagem;Agente coletou preferências de região, orçamento e características.;Aluguel;perfil_investidor
INT00574;LED0165;2026-09-18 14:00:00;Agente;Follow-up;Lead respondeu ao acompanhamento e atualizou preferências.;Aluguel;quartos
INT00575;LED0166;2026-09-19 14:00:00;Lead;Mensagem;Lead iniciou contato solicitando informações sobre imóveis.;Aluguel;retorno_esperado_pct
INT00576;LED0166;2026-09-21 19:45:00;Agente;Mensagem;Agente identificou intenção: Aluguel.;Aluguel;quartos
INT00577;LED0167;2026-07-13 13:00:00;Lead;Mensagem;Lead respondeu anúncio e pediu atendimento.;;perfil_investidor
INT00578;LED0167;2026-07-15 16:15:00;Agente;Mensagem;Agente identificou intenção: ainda não definida.;;perfil_investidor
INT00579;LED0168;2026-08-01 10:30:00;Lead;Mensagem;Lead demonstrou interesse e iniciou conversa com o agente.;Compra;regiao_bairro
INT00580;LED0168;2026-08-03 16:30:00;Agente;Mensagem;Agente identificou intenção: Compra.;Compra;quartos
INT00581;LED0168;2026-08-05 10:00:00;Lead;Mensagem;Agente coletou preferências de região, orçamento e características.;Compra;regiao_bairro
INT00582;LED0169;2026-09-23 11:00:00;Lead;Mensagem;Lead iniciou contato solicitando informações sobre imóveis.;Aluguel;orcamento_ticket
INT00583;LED0169;2026-09-25 14:30:00;Agente;Mensagem;Agente identificou intenção: Aluguel.;Aluguel;regiao_bairro
INT00584;LED0169;2026-09-25 13:00:00;Lead;Mensagem;Agente coletou preferências de região, orçamento e características.;Aluguel;quartos
INT00585;LED0170;2026-09-03 13:45:00;Lead;Mensagem;Lead respondeu anúncio e pediu atendimento.;Compra;intencao
INT00586;LED0170;2026-09-05 18:15:00;Agente;Mensagem;Agente identificou intenção: Compra.;Compra;retorno_esperado_pct
INT00587;LED0170;2026-09-07 16:30:00;Lead;Mensagem;Agente coletou preferências de região, orçamento e características.;Compra;quartos
INT00588;LED0171;2026-07-02 17:45:00;Lead;Mensagem;Lead respondeu anúncio e pediu atendimento.;Aluguel;perfil_investidor
INT00589;LED0171;2026-07-04 09:00:00;Agente;Mensagem;Agente identificou intenção: Aluguel.;Aluguel;perfil_investidor
INT00590;LED0172;2026-07-30 11:00:00;Lead;Mensagem;Lead demonstrou interesse e iniciou conversa com o agente.;Aluguel;retorno_esperado_pct
INT00591;LED0172;2026-08-01 16:15:00;Agente;Mensagem;Agente identificou intenção: Aluguel.;Aluguel;quartos
INT00592;LED0172;2026-08-03 16:45:00;Lead;Mensagem;Agente coletou preferências de região, orçamento e características.;Aluguel;perfil_investidor
INT00593;LED0173;2026-08-14 10:45:00;Lead;Mensagem;Lead iniciou contato solicitando informações sobre imóveis.;Compra;
INT00594;LED0173;2026-08-16 15:00:00;Agente;Mensagem;Agente identificou intenção: Compra.;Compra;urgencia
INT00595;LED0173;2026-08-18 13:45:00;Lead;Mensagem;Agente coletou preferências de região, orçamento e características.;Compra;perfil_investidor
INT00596;LED0174;2026-09-04 09:15:00;Lead;Mensagem;Lead respondeu anúncio e pediu atendimento.;Compra;urgencia
INT00597;LED0174;2026-09-06 13:30:00;Agente;Mensagem;Agente identificou intenção: Compra.;Compra;urgencia
INT00598;LED0174;2026-09-08 10:15:00;Lead;Mensagem;Agente coletou preferências de região, orçamento e características.;Compra;quartos
INT00599;LED0174;2026-09-10 18:30:00;Agente;Follow-up;Agente realizou follow-up para retomar a conversa.;Compra;
INT00600;LED0174;2026-09-12 16:15:00;Lead;Follow-up;Agente realizou follow-up para retomar a conversa.;Compra;quartos
INT00601;LED0175;2026-09-23 14:15:00;Lead;Mensagem;Lead demonstrou interesse e iniciou conversa com o agente.;Investimento;retorno_esperado_pct
INT00602;LED0175;2026-09-25 11:00:00;Agente;Mensagem;Agente identificou intenção: Investimento.;Investimento;
INT00603;LED0175;2026-09-25 18:45:00;Lead;Mensagem;Agente coletou preferências de região, orçamento e características.;Investimento;regiao_bairro
INT00604;LED0175;2026-09-25 17:45:00;Agente;Follow-up;Agente realizou follow-up para retomar a conversa.;Investimento;retorno_esperado_pct
INT00605;LED0176;2026-08-28 14:15:00;Lead;Mensagem;Lead demonstrou interesse e iniciou conversa com o agente.;Compra;quartos
INT00606;LED0176;2026-08-30 16:15:00;Agente;Mensagem;Agente identificou intenção: Compra.;Compra;urgencia
INT00607;LED0176;2026-09-01 15:30:00;Lead;Mensagem;Agente coletou preferências de região, orçamento e características.;Compra;urgencia
INT00608;LED0176;2026-09-03 14:15:00;Agente;Follow-up;Agente realizou follow-up para retomar a conversa.;Compra;perfil_investidor
INT00609;LED0177;2026-07-14 17:15:00;Lead;Mensagem;Lead respondeu anúncio e pediu atendimento.;Compra;tipo_imovel_interesse
INT00610;LED0177;2026-07-16 17:30:00;Agente;Mensagem;Agente identificou intenção: Compra.;Compra;
INT00611;LED0178;2026-07-04 17:15:00;Lead;Mensagem;Lead iniciou contato solicitando informações sobre imóveis.;Investimento;intencao
INT00612;LED0178;2026-07-06 09:30:00;Agente;Mensagem;Agente identificou intenção: Investimento.;Investimento;perfil_investidor
INT00613;LED0178;2026-07-08 11:30:00;Lead;Mensagem;Agente coletou preferências de região, orçamento e características.;Investimento;urgencia
INT00614;LED0179;2026-08-03 18:15:00;Lead;Mensagem;Lead demonstrou interesse e iniciou conversa com o agente.;Aluguel;regiao_bairro
INT00615;LED0179;2026-08-05 15:45:00;Agente;Mensagem;Agente identificou intenção: Aluguel.;Aluguel;
INT00616;LED0179;2026-08-07 12:45:00;Lead;Mensagem;Agente coletou preferências de região, orçamento e características.;Aluguel;regiao_bairro
INT00617;LED0179;2026-08-09 14:30:00;Agente;Follow-up;Agente realizou follow-up para retomar a conversa.;Aluguel;urgencia
INT00618;LED0179;2026-08-11 13:15:00;Lead;Follow-up;Agente confirmou próximos passos do atendimento.;Aluguel;perfil_investidor
INT00619;LED0180;2026-09-24 09:15:00;Lead;Mensagem;Lead iniciou contato solicitando informações sobre imóveis.;Investimento;regiao_bairro
INT00620;LED0180;2026-09-25 18:45:00;Agente;Mensagem;Agente identificou intenção: Investimento.;Investimento;intencao
INT00621;LED0180;2026-09-25 11:45:00;Lead;Mensagem;Agente coletou preferências de região, orçamento e características.;Investimento;quartos
INT00622;LED0180;2026-09-25 12:00:00;Agente;Follow-up;Agente realizou follow-up para retomar a conversa.;Investimento;regiao_bairro
INT00623;LED0181;2026-07-14 17:00:00;Lead;Mensagem;Lead iniciou contato solicitando informações sobre imóveis.;Aluguel;
INT00624;LED0181;2026-07-16 13:15:00;Agente;Mensagem;Agente identificou intenção: Aluguel.;Aluguel;quartos
INT00625;LED0181;2026-07-18 10:15:00;Lead;Mensagem;Agente coletou preferências de região, orçamento e características.;Aluguel;intencao
INT00626;LED0182;2026-09-09 10:30:00;Lead;Mensagem;Lead demonstrou interesse e iniciou conversa com o agente.;Compra;perfil_investidor
INT00627;LED0182;2026-09-11 09:30:00;Agente;Mensagem;Agente identificou intenção: Compra.;Compra;regiao_bairro
INT00628;LED0182;2026-09-13 11:45:00;Lead;Mensagem;Agente coletou preferências de região, orçamento e características.;Compra;perfil_investidor
INT00629;LED0182;2026-09-15 19:30:00;Agente;Follow-up;Agente confirmou próximos passos do atendimento.;Compra;intencao
INT00630;LED0183;2026-09-17 09:15:00;Lead;Mensagem;Lead demonstrou interesse e iniciou conversa com o agente.;Investimento;tipo_imovel_interesse
INT00631;LED0183;2026-09-19 16:15:00;Agente;Mensagem;Agente identificou intenção: Investimento.;Investimento;regiao_bairro
INT00632;LED0183;2026-09-21 12:15:00;Lead;Mensagem;Agente coletou preferências de região, orçamento e características.;Investimento;orcamento_ticket
INT00633;LED0184;2026-08-27 15:30:00;Lead;Mensagem;Lead respondeu anúncio e pediu atendimento.;Compra;tipo_imovel_interesse
INT00634;LED0184;2026-08-29 18:00:00;Agente;Mensagem;Agente identificou intenção: Compra.;Compra;
INT00635;LED0184;2026-08-31 14:00:00;Lead;Mensagem;Agente coletou preferências de região, orçamento e características.;Compra;orcamento_ticket
INT00636;LED0184;2026-09-02 19:30:00;Agente;Follow-up;Lead respondeu ao acompanhamento e atualizou preferências.;Compra;tipo_imovel_interesse
INT00637;LED0184;2026-09-04 18:15:00;Lead;Follow-up;Lead respondeu ao acompanhamento e atualizou preferências.;Compra;orcamento_ticket
INT00638;LED0185;2026-08-31 09:00:00;Lead;Mensagem;Lead demonstrou interesse e iniciou conversa com o agente.;;quartos
INT00639;LED0185;2026-09-02 10:15:00;Agente;Mensagem;Agente identificou intenção: ainda não definida.;;
INT00640;LED0185;2026-09-04 16:30:00;Lead;Mensagem;Agente coletou preferências de região, orçamento e características.;;perfil_investidor
INT00641;LED0185;2026-09-06 17:30:00;Agente;Follow-up;Agente realizou follow-up para retomar a conversa.;;urgencia
INT00642;LED0185;2026-09-08 10:15:00;Lead;Follow-up;Agente confirmou próximos passos do atendimento.;;orcamento_ticket
INT00643;LED0186;2026-08-04 13:45:00;Lead;Mensagem;Lead respondeu anúncio e pediu atendimento.;Compra;intencao
INT00644;LED0186;2026-08-06 16:00:00;Agente;Mensagem;Agente identificou intenção: Compra.;Compra;regiao_bairro
INT00645;LED0186;2026-08-08 17:45:00;Lead;Mensagem;Agente coletou preferências de região, orçamento e características.;Compra;urgencia
INT00646;LED0186;2026-08-10 10:30:00;Agente;Follow-up;Agente confirmou próximos passos do atendimento.;Compra;intencao
INT00647;LED0187;2026-09-02 15:00:00;Lead;Mensagem;Lead respondeu anúncio e pediu atendimento.;Investimento;retorno_esperado_pct
INT00648;LED0187;2026-09-04 09:45:00;Agente;Mensagem;Agente identificou intenção: Investimento.;Investimento;urgencia
INT00649;LED0187;2026-09-06 12:30:00;Lead;Mensagem;Agente coletou preferências de região, orçamento e características.;Investimento;perfil_investidor
INT00650;LED0187;2026-09-08 11:00:00;Agente;Follow-up;Agente realizou follow-up para retomar a conversa.;Investimento;orcamento_ticket
INT00651;LED0188;2026-08-07 18:45:00;Lead;Mensagem;Lead iniciou contato solicitando informações sobre imóveis.;Aluguel;quartos
INT00652;LED0188;2026-08-09 12:00:00;Agente;Mensagem;Agente identificou intenção: Aluguel.;Aluguel;retorno_esperado_pct
INT00653;LED0188;2026-08-11 15:30:00;Lead;Mensagem;Agente coletou preferências de região, orçamento e características.;Aluguel;intencao
INT00654;LED0188;2026-08-13 14:30:00;Agente;Follow-up;Lead respondeu ao acompanhamento e atualizou preferências.;Aluguel;orcamento_ticket
INT00655;LED0188;2026-08-15 14:15:00;Lead;Follow-up;Agente realizou follow-up para retomar a conversa.;Aluguel;tipo_imovel_interesse
INT00656;LED0189;2026-08-04 13:30:00;Lead;Mensagem;Lead iniciou contato solicitando informações sobre imóveis.;Compra;retorno_esperado_pct
INT00657;LED0189;2026-08-06 11:15:00;Agente;Mensagem;Agente identificou intenção: Compra.;Compra;intencao
INT00658;LED0189;2026-08-08 18:45:00;Lead;Mensagem;Agente coletou preferências de região, orçamento e características.;Compra;
INT00659;LED0189;2026-08-10 13:15:00;Agente;Follow-up;Lead respondeu ao acompanhamento e atualizou preferências.;Compra;regiao_bairro
INT00660;LED0190;2026-07-23 15:00:00;Lead;Mensagem;Lead demonstrou interesse e iniciou conversa com o agente.;Aluguel;quartos
INT00661;LED0190;2026-07-25 19:00:00;Agente;Mensagem;Agente identificou intenção: Aluguel.;Aluguel;perfil_investidor
INT00662;LED0191;2026-09-23 16:30:00;Lead;Mensagem;Lead iniciou contato solicitando informações sobre imóveis.;Compra;tipo_imovel_interesse
INT00663;LED0191;2026-09-25 16:15:00;Agente;Mensagem;Agente identificou intenção: Compra.;Compra;quartos
INT00664;LED0192;2026-09-01 19:15:00;Lead;Mensagem;Lead iniciou contato solicitando informações sobre imóveis.;Compra;tipo_imovel_interesse
INT00665;LED0192;2026-09-03 14:30:00;Agente;Mensagem;Agente identificou intenção: Compra.;Compra;urgencia
INT00666;LED0192;2026-09-05 17:30:00;Lead;Mensagem;Agente coletou preferências de região, orçamento e características.;Compra;tipo_imovel_interesse
INT00667;LED0192;2026-09-07 13:00:00;Agente;Follow-up;Agente confirmou próximos passos do atendimento.;Compra;retorno_esperado_pct
INT00668;LED0192;2026-09-09 11:30:00;Lead;Follow-up;Lead respondeu ao acompanhamento e atualizou preferências.;Compra;tipo_imovel_interesse
INT00669;LED0193;2026-08-14 18:00:00;Lead;Mensagem;Lead iniciou contato solicitando informações sobre imóveis.;Aluguel;urgencia
INT00670;LED0193;2026-08-16 17:15:00;Agente;Mensagem;Agente identificou intenção: Aluguel.;Aluguel;retorno_esperado_pct
INT00671;LED0193;2026-08-18 11:00:00;Lead;Mensagem;Agente coletou preferências de região, orçamento e características.;Aluguel;quartos
INT00672;LED0193;2026-08-20 11:45:00;Agente;Follow-up;Agente confirmou próximos passos do atendimento.;Aluguel;urgencia
INT00673;LED0194;2026-08-26 10:45:00;Lead;Mensagem;Lead iniciou contato solicitando informações sobre imóveis.;Compra;quartos
INT00674;LED0194;2026-08-28 19:30:00;Agente;Mensagem;Agente identificou intenção: Compra.;Compra;regiao_bairro
INT00675;LED0194;2026-08-30 14:45:00;Lead;Mensagem;Agente coletou preferências de região, orçamento e características.;Compra;tipo_imovel_interesse
INT00676;LED0195;2026-08-31 09:00:00;Lead;Mensagem;Lead iniciou contato solicitando informações sobre imóveis.;;tipo_imovel_interesse
INT00677;LED0195;2026-09-02 13:00:00;Agente;Mensagem;Agente identificou intenção: ainda não definida.;;orcamento_ticket
INT00678;LED0195;2026-09-04 09:30:00;Lead;Mensagem;Agente coletou preferências de região, orçamento e características.;;intencao
INT00679;LED0196;2026-07-04 11:15:00;Lead;Mensagem;Lead iniciou contato solicitando informações sobre imóveis.;Aluguel;orcamento_ticket
INT00680;LED0196;2026-07-06 18:00:00;Agente;Mensagem;Agente identificou intenção: Aluguel.;Aluguel;urgencia
INT00681;LED0197;2026-07-31 09:15:00;Lead;Mensagem;Lead demonstrou interesse e iniciou conversa com o agente.;Compra;urgencia
INT00682;LED0197;2026-08-02 12:15:00;Agente;Mensagem;Agente identificou intenção: Compra.;Compra;intencao
INT00683;LED0197;2026-08-04 18:30:00;Lead;Mensagem;Agente coletou preferências de região, orçamento e características.;Compra;regiao_bairro
INT00684;LED0198;2026-08-13 19:15:00;Lead;Mensagem;Lead iniciou contato solicitando informações sobre imóveis.;Aluguel;intencao
INT00685;LED0198;2026-08-15 17:30:00;Agente;Mensagem;Agente identificou intenção: Aluguel.;Aluguel;
INT00686;LED0198;2026-08-17 10:45:00;Lead;Mensagem;Agente coletou preferências de região, orçamento e características.;Aluguel;quartos
INT00687;LED0199;2026-07-16 11:15:00;Lead;Mensagem;Lead respondeu anúncio e pediu atendimento.;Aluguel;orcamento_ticket
INT00688;LED0199;2026-07-18 12:30:00;Agente;Mensagem;Agente identificou intenção: Aluguel.;Aluguel;tipo_imovel_interesse
INT00689;LED0199;2026-07-20 10:00:00;Lead;Mensagem;Agente coletou preferências de região, orçamento e características.;Aluguel;retorno_esperado_pct
INT00690;LED0200;2026-09-24 14:15:00;Lead;Mensagem;Lead iniciou contato solicitando informações sobre imóveis.;Compra;orcamento_ticket
INT00691;LED0200;2026-09-25 17:45:00;Agente;Mensagem;Agente identificou intenção: Compra.;Compra;
INT00692;LED0200;2026-09-25 14:45:00;Lead;Mensagem;Agente coletou preferências de região, orçamento e características.;Compra;
INT00693;LED0200;2026-09-25 16:00:00;Agente;Follow-up;Lead respondeu ao acompanhamento e atualizou preferências.;Compra;orcamento_ticket
INT00694;LED0201;2026-07-31 19:15:00;Lead;Mensagem;Lead respondeu anúncio e pediu atendimento.;Aluguel;
INT00695;LED0201;2026-08-02 13:30:00;Agente;Mensagem;Agente identificou intenção: Aluguel.;Aluguel;regiao_bairro
INT00696;LED0201;2026-08-04 15:30:00;Lead;Mensagem;Agente coletou preferências de região, orçamento e características.;Aluguel;tipo_imovel_interesse
INT00697;LED0201;2026-08-06 11:45:00;Agente;Follow-up;Lead respondeu ao acompanhamento e atualizou preferências.;Aluguel;perfil_investidor
INT00698;LED0202;2026-09-05 17:15:00;Lead;Mensagem;Lead respondeu anúncio e pediu atendimento.;Investimento;quartos
INT00699;LED0202;2026-09-07 15:00:00;Agente;Mensagem;Agente identificou intenção: Investimento.;Investimento;quartos
INT00700;LED0202;2026-09-09 13:00:00;Lead;Mensagem;Agente coletou preferências de região, orçamento e características.;Investimento;
INT00701;LED0202;2026-09-11 14:15:00;Agente;Follow-up;Agente realizou follow-up para retomar a conversa.;Investimento;retorno_esperado_pct
INT00702;LED0203;2026-07-16 10:30:00;Lead;Mensagem;Lead iniciou contato solicitando informações sobre imóveis.;Compra;perfil_investidor
INT00703;LED0203;2026-07-18 16:00:00;Agente;Mensagem;Agente identificou intenção: Compra.;Compra;retorno_esperado_pct
INT00704;LED0203;2026-07-20 13:00:00;Lead;Mensagem;Agente coletou preferências de região, orçamento e características.;Compra;orcamento_ticket
INT00705;LED0203;2026-07-22 09:45:00;Agente;Follow-up;Lead respondeu ao acompanhamento e atualizou preferências.;Compra;urgencia
INT00706;LED0203;2026-07-24 09:00:00;Lead;Follow-up;Lead respondeu ao acompanhamento e atualizou preferências.;Compra;perfil_investidor
INT00707;LED0204;2026-07-09 11:45:00;Lead;Mensagem;Lead iniciou contato solicitando informações sobre imóveis.;Aluguel;urgencia
INT00708;LED0204;2026-07-11 15:30:00;Agente;Mensagem;Agente identificou intenção: Aluguel.;Aluguel;urgencia
INT00709;LED0204;2026-07-13 17:30:00;Lead;Mensagem;Agente coletou preferências de região, orçamento e características.;Aluguel;intencao
INT00710;LED0204;2026-07-15 19:15:00;Agente;Follow-up;Agente realizou follow-up para retomar a conversa.;Aluguel;perfil_investidor
INT00711;LED0205;2026-08-26 19:00:00;Lead;Mensagem;Lead iniciou contato solicitando informações sobre imóveis.;Investimento;
INT00712;LED0205;2026-08-28 17:45:00;Agente;Mensagem;Agente identificou intenção: Investimento.;Investimento;intencao
INT00713;LED0205;2026-08-30 11:15:00;Lead;Mensagem;Agente coletou preferências de região, orçamento e características.;Investimento;regiao_bairro
INT00714;LED0205;2026-09-01 18:00:00;Agente;Follow-up;Lead respondeu ao acompanhamento e atualizou preferências.;Investimento;urgencia
INT00715;LED0206;2026-09-24 14:45:00;Lead;Mensagem;Lead respondeu anúncio e pediu atendimento.;;retorno_esperado_pct
INT00716;LED0206;2026-09-25 11:30:00;Agente;Mensagem;Agente identificou intenção: ainda não definida.;;urgencia
INT00717;LED0206;2026-09-25 15:30:00;Lead;Mensagem;Agente coletou preferências de região, orçamento e características.;;tipo_imovel_interesse
INT00718;LED0207;2026-08-08 12:45:00;Lead;Mensagem;Lead respondeu anúncio e pediu atendimento.;Compra;urgencia
INT00719;LED0207;2026-08-10 10:15:00;Agente;Mensagem;Agente identificou intenção: Compra.;Compra;intencao
INT00720;LED0207;2026-08-12 16:30:00;Lead;Mensagem;Agente coletou preferências de região, orçamento e características.;Compra;tipo_imovel_interesse
INT00721;LED0207;2026-08-14 14:00:00;Agente;Follow-up;Lead respondeu ao acompanhamento e atualizou preferências.;Compra;quartos
INT00722;LED0207;2026-08-16 09:30:00;Lead;Follow-up;Lead respondeu ao acompanhamento e atualizou preferências.;Compra;
INT00723;LED0208;2026-09-15 17:15:00;Lead;Mensagem;Lead iniciou contato solicitando informações sobre imóveis.;Investimento;
INT00724;LED0208;2026-09-17 10:00:00;Agente;Mensagem;Agente identificou intenção: Investimento.;Investimento;tipo_imovel_interesse
INT00725;LED0209;2026-08-19 19:30:00;Lead;Mensagem;Lead respondeu anúncio e pediu atendimento.;;perfil_investidor
INT00726;LED0209;2026-08-21 19:00:00;Agente;Mensagem;Agente identificou intenção: ainda não definida.;;tipo_imovel_interesse
INT00727;LED0209;2026-08-23 14:00:00;Lead;Mensagem;Agente coletou preferências de região, orçamento e características.;;orcamento_ticket
INT00728;LED0209;2026-08-25 10:45:00;Agente;Follow-up;Lead respondeu ao acompanhamento e atualizou preferências.;;quartos
INT00729;LED0210;2026-09-03 18:15:00;Lead;Mensagem;Lead iniciou contato solicitando informações sobre imóveis.;Compra;urgencia
INT00730;LED0210;2026-09-05 09:00:00;Agente;Mensagem;Agente identificou intenção: Compra.;Compra;
INT00731;LED0210;2026-09-07 19:15:00;Lead;Mensagem;Agente coletou preferências de região, orçamento e características.;Compra;intencao
INT00732;LED0210;2026-09-09 19:00:00;Agente;Follow-up;Agente confirmou próximos passos do atendimento.;Compra;intencao
INT00733;LED0210;2026-09-11 17:45:00;Lead;Follow-up;Agente confirmou próximos passos do atendimento.;Compra;urgencia
INT00734;LED0211;2026-07-22 14:00:00;Lead;Mensagem;Lead respondeu anúncio e pediu atendimento.;Aluguel;tipo_imovel_interesse
INT00735;LED0211;2026-07-24 17:45:00;Agente;Mensagem;Agente identificou intenção: Aluguel.;Aluguel;urgencia
INT00736;LED0211;2026-07-26 09:45:00;Lead;Mensagem;Agente coletou preferências de região, orçamento e características.;Aluguel;orcamento_ticket
INT00737;LED0211;2026-07-28 17:15:00;Agente;Follow-up;Lead respondeu ao acompanhamento e atualizou preferências.;Aluguel;
INT00738;LED0211;2026-07-30 15:30:00;Lead;Follow-up;Lead respondeu ao acompanhamento e atualizou preferências.;Aluguel;regiao_bairro
INT00739;LED0212;2026-08-31 14:15:00;Lead;Mensagem;Lead respondeu anúncio e pediu atendimento.;Aluguel;intencao
INT00740;LED0212;2026-09-02 14:30:00;Agente;Mensagem;Agente identificou intenção: Aluguel.;Aluguel;urgencia
INT00741;LED0212;2026-09-04 09:30:00;Lead;Mensagem;Agente coletou preferências de região, orçamento e características.;Aluguel;regiao_bairro
INT00742;LED0213;2026-07-31 11:30:00;Lead;Mensagem;Lead iniciou contato solicitando informações sobre imóveis.;Compra;quartos
INT00743;LED0213;2026-08-02 10:15:00;Agente;Mensagem;Agente identificou intenção: Compra.;Compra;quartos
INT00744;LED0213;2026-08-04 15:45:00;Lead;Mensagem;Agente coletou preferências de região, orçamento e características.;Compra;perfil_investidor
INT00745;LED0213;2026-08-06 11:00:00;Agente;Follow-up;Lead respondeu ao acompanhamento e atualizou preferências.;Compra;quartos
INT00746;LED0214;2026-08-14 09:00:00;Lead;Mensagem;Lead respondeu anúncio e pediu atendimento.;Compra;orcamento_ticket
INT00747;LED0214;2026-08-16 13:00:00;Agente;Mensagem;Agente identificou intenção: Compra.;Compra;perfil_investidor
INT00748;LED0214;2026-08-18 14:45:00;Lead;Mensagem;Agente coletou preferências de região, orçamento e características.;Compra;perfil_investidor
INT00749;LED0215;2026-07-31 13:30:00;Lead;Mensagem;Lead respondeu anúncio e pediu atendimento.;Aluguel;regiao_bairro
INT00750;LED0215;2026-08-02 18:30:00;Agente;Mensagem;Agente identificou intenção: Aluguel.;Aluguel;urgencia
INT00751;LED0216;2026-07-14 09:15:00;Lead;Mensagem;Lead demonstrou interesse e iniciou conversa com o agente.;Aluguel;regiao_bairro
INT00752;LED0216;2026-07-16 09:30:00;Agente;Mensagem;Agente identificou intenção: Aluguel.;Aluguel;perfil_investidor
INT00753;LED0216;2026-07-18 12:15:00;Lead;Mensagem;Agente coletou preferências de região, orçamento e características.;Aluguel;orcamento_ticket
INT00754;LED0217;2026-09-04 15:30:00;Lead;Mensagem;Lead demonstrou interesse e iniciou conversa com o agente.;Aluguel;intencao
INT00755;LED0217;2026-09-06 17:00:00;Agente;Mensagem;Agente identificou intenção: Aluguel.;Aluguel;orcamento_ticket
INT00756;LED0217;2026-09-08 09:45:00;Lead;Mensagem;Agente coletou preferências de região, orçamento e características.;Aluguel;perfil_investidor
INT00757;LED0218;2026-09-09 14:15:00;Lead;Mensagem;Lead respondeu anúncio e pediu atendimento.;Compra;
INT00758;LED0218;2026-09-11 14:00:00;Agente;Mensagem;Agente identificou intenção: Compra.;Compra;tipo_imovel_interesse
INT00759;LED0219;2026-09-16 11:15:00;Lead;Mensagem;Lead demonstrou interesse e iniciou conversa com o agente.;;perfil_investidor
INT00760;LED0219;2026-09-18 12:45:00;Agente;Mensagem;Agente identificou intenção: ainda não definida.;;
INT00761;LED0219;2026-09-20 14:15:00;Lead;Mensagem;Agente coletou preferências de região, orçamento e características.;;intencao
INT00762;LED0219;2026-09-22 18:30:00;Agente;Follow-up;Lead respondeu ao acompanhamento e atualizou preferências.;;intencao
INT00763;LED0220;2026-07-29 11:15:00;Lead;Mensagem;Lead demonstrou interesse e iniciou conversa com o agente.;Aluguel;
INT00764;LED0220;2026-07-31 17:15:00;Agente;Mensagem;Agente identificou intenção: Aluguel.;Aluguel;
INT00765;LED0220;2026-08-02 12:00:00;Lead;Mensagem;Agente coletou preferências de região, orçamento e características.;Aluguel;tipo_imovel_interesse
INT00766;LED0221;2026-09-01 14:30:00;Lead;Mensagem;Lead iniciou contato solicitando informações sobre imóveis.;Compra;perfil_investidor
INT00767;LED0221;2026-09-03 09:15:00;Agente;Mensagem;Agente identificou intenção: Compra.;Compra;orcamento_ticket
INT00768;LED0221;2026-09-05 09:45:00;Lead;Mensagem;Agente coletou preferências de região, orçamento e características.;Compra;retorno_esperado_pct
INT00769;LED0221;2026-09-07 16:00:00;Agente;Follow-up;Agente realizou follow-up para retomar a conversa.;Compra;retorno_esperado_pct
INT00770;LED0221;2026-09-09 12:15:00;Lead;Follow-up;Agente confirmou próximos passos do atendimento.;Compra;regiao_bairro
INT00771;LED0222;2026-08-21 17:00:00;Lead;Mensagem;Lead iniciou contato solicitando informações sobre imóveis.;Aluguel;tipo_imovel_interesse
INT00772;LED0222;2026-08-23 10:15:00;Agente;Mensagem;Agente identificou intenção: Aluguel.;Aluguel;urgencia
INT00773;LED0222;2026-08-25 10:30:00;Lead;Mensagem;Agente coletou preferências de região, orçamento e características.;Aluguel;
INT00774;LED0222;2026-08-27 10:15:00;Agente;Follow-up;Agente realizou follow-up para retomar a conversa.;Aluguel;intencao
INT00775;LED0223;2026-07-19 13:30:00;Lead;Mensagem;Lead iniciou contato solicitando informações sobre imóveis.;Aluguel;urgencia
INT00776;LED0223;2026-07-21 14:30:00;Agente;Mensagem;Agente identificou intenção: Aluguel.;Aluguel;urgencia
INT00777;LED0223;2026-07-23 14:30:00;Lead;Mensagem;Agente coletou preferências de região, orçamento e características.;Aluguel;quartos
INT00778;LED0223;2026-07-25 14:30:00;Agente;Follow-up;Agente realizou follow-up para retomar a conversa.;Aluguel;retorno_esperado_pct
INT00779;LED0224;2026-07-13 09:00:00;Lead;Mensagem;Lead respondeu anúncio e pediu atendimento.;Compra;regiao_bairro
INT00780;LED0224;2026-07-15 16:30:00;Agente;Mensagem;Agente identificou intenção: Compra.;Compra;retorno_esperado_pct
INT00781;LED0225;2026-08-01 09:45:00;Lead;Mensagem;Lead iniciou contato solicitando informações sobre imóveis.;Aluguel;
INT00782;LED0225;2026-08-03 11:15:00;Agente;Mensagem;Agente identificou intenção: Aluguel.;Aluguel;orcamento_ticket
INT00783;LED0225;2026-08-05 11:15:00;Lead;Mensagem;Agente coletou preferências de região, orçamento e características.;Aluguel;retorno_esperado_pct
INT00784;LED0225;2026-08-07 09:30:00;Agente;Follow-up;Agente realizou follow-up para retomar a conversa.;Aluguel;perfil_investidor
INT00785;LED0226;2026-09-21 13:15:00;Lead;Mensagem;Lead respondeu anúncio e pediu atendimento.;Compra;
INT00786;LED0226;2026-09-23 12:15:00;Agente;Mensagem;Agente identificou intenção: Compra.;Compra;regiao_bairro
INT00787;LED0226;2026-09-25 09:45:00;Lead;Mensagem;Agente coletou preferências de região, orçamento e características.;Compra;perfil_investidor
INT00788;LED0227;2026-08-29 12:15:00;Lead;Mensagem;Lead respondeu anúncio e pediu atendimento.;;quartos
INT00789;LED0227;2026-08-31 10:45:00;Agente;Mensagem;Agente identificou intenção: ainda não definida.;;perfil_investidor
INT00790;LED0228;2026-09-17 09:45:00;Lead;Mensagem;Lead respondeu anúncio e pediu atendimento.;Compra;urgencia
INT00791;LED0228;2026-09-19 16:45:00;Agente;Mensagem;Agente identificou intenção: Compra.;Compra;tipo_imovel_interesse
INT00792;LED0229;2026-08-25 11:15:00;Lead;Mensagem;Lead respondeu anúncio e pediu atendimento.;Compra;intencao
INT00793;LED0229;2026-08-27 19:00:00;Agente;Mensagem;Agente identificou intenção: Compra.;Compra;
INT00794;LED0229;2026-08-29 17:15:00;Lead;Mensagem;Agente coletou preferências de região, orçamento e características.;Compra;orcamento_ticket
INT00795;LED0229;2026-08-31 11:00:00;Agente;Follow-up;Lead respondeu ao acompanhamento e atualizou preferências.;Compra;urgencia
INT00796;LED0229;2026-09-02 13:45:00;Lead;Follow-up;Agente confirmou próximos passos do atendimento.;Compra;perfil_investidor
INT00797;LED0230;2026-08-07 15:00:00;Lead;Mensagem;Lead iniciou contato solicitando informações sobre imóveis.;Compra;urgencia
INT00798;LED0230;2026-08-09 10:45:00;Agente;Mensagem;Agente identificou intenção: Compra.;Compra;retorno_esperado_pct
INT00799;LED0230;2026-08-11 18:00:00;Lead;Mensagem;Agente coletou preferências de região, orçamento e características.;Compra;urgencia
INT00800;LED0231;2026-09-21 19:15:00;Lead;Mensagem;Lead demonstrou interesse e iniciou conversa com o agente.;Compra;orcamento_ticket
INT00801;LED0231;2026-09-23 13:30:00;Agente;Mensagem;Agente identificou intenção: Compra.;Compra;tipo_imovel_interesse
INT00802;LED0231;2026-09-25 16:45:00;Lead;Mensagem;Agente coletou preferências de região, orçamento e características.;Compra;tipo_imovel_interesse
INT00803;LED0232;2026-08-14 19:30:00;Lead;Mensagem;Lead iniciou contato solicitando informações sobre imóveis.;;regiao_bairro
INT00804;LED0232;2026-08-16 19:15:00;Agente;Mensagem;Agente identificou intenção: ainda não definida.;;orcamento_ticket
INT00805;LED0232;2026-08-18 09:30:00;Lead;Mensagem;Agente coletou preferências de região, orçamento e características.;;regiao_bairro
INT00806;LED0232;2026-08-20 15:30:00;Agente;Follow-up;Agente realizou follow-up para retomar a conversa.;;urgencia
INT00807;LED0233;2026-07-27 12:00:00;Lead;Mensagem;Lead iniciou contato solicitando informações sobre imóveis.;Compra;retorno_esperado_pct
INT00808;LED0233;2026-07-29 16:00:00;Agente;Mensagem;Agente identificou intenção: Compra.;Compra;intencao
INT00809;LED0233;2026-07-31 15:00:00;Lead;Mensagem;Agente coletou preferências de região, orçamento e características.;Compra;orcamento_ticket
INT00810;LED0233;2026-08-02 18:45:00;Agente;Follow-up;Agente confirmou próximos passos do atendimento.;Compra;regiao_bairro
INT00811;LED0234;2026-08-02 18:45:00;Lead;Mensagem;Lead demonstrou interesse e iniciou conversa com o agente.;Aluguel;retorno_esperado_pct
INT00812;LED0234;2026-08-04 10:45:00;Agente;Mensagem;Agente identificou intenção: Aluguel.;Aluguel;regiao_bairro
INT00813;LED0234;2026-08-06 18:30:00;Lead;Mensagem;Agente coletou preferências de região, orçamento e características.;Aluguel;urgencia
INT00814;LED0235;2026-07-30 11:00:00;Lead;Mensagem;Lead respondeu anúncio e pediu atendimento.;Compra;
INT00815;LED0235;2026-08-01 09:00:00;Agente;Mensagem;Agente identificou intenção: Compra.;Compra;regiao_bairro
INT00816;LED0235;2026-08-03 09:30:00;Lead;Mensagem;Agente coletou preferências de região, orçamento e características.;Compra;perfil_investidor
INT00817;LED0235;2026-08-05 16:30:00;Agente;Follow-up;Agente realizou follow-up para retomar a conversa.;Compra;
INT00818;LED0236;2026-07-29 18:30:00;Lead;Mensagem;Lead demonstrou interesse e iniciou conversa com o agente.;Aluguel;retorno_esperado_pct
INT00819;LED0236;2026-07-31 16:45:00;Agente;Mensagem;Agente identificou intenção: Aluguel.;Aluguel;orcamento_ticket
INT00820;LED0236;2026-08-02 14:30:00;Lead;Mensagem;Agente coletou preferências de região, orçamento e características.;Aluguel;retorno_esperado_pct
INT00821;LED0236;2026-08-04 13:00:00;Agente;Follow-up;Agente realizou follow-up para retomar a conversa.;Aluguel;orcamento_ticket
INT00822;LED0237;2026-09-01 19:00:00;Lead;Mensagem;Lead respondeu anúncio e pediu atendimento.;Investimento;urgencia
INT00823;LED0237;2026-09-03 14:45:00;Agente;Mensagem;Agente identificou intenção: Investimento.;Investimento;quartos
INT00824;LED0237;2026-09-05 09:30:00;Lead;Mensagem;Agente coletou preferências de região, orçamento e características.;Investimento;orcamento_ticket
INT00825;LED0238;2026-09-06 18:00:00;Lead;Mensagem;Lead iniciou contato solicitando informações sobre imóveis.;Compra;intencao
INT00826;LED0238;2026-09-08 14:30:00;Agente;Mensagem;Agente identificou intenção: Compra.;Compra;quartos
INT00827;LED0238;2026-09-10 17:15:00;Lead;Mensagem;Agente coletou preferências de região, orçamento e características.;Compra;intencao
INT00828;LED0238;2026-09-12 19:15:00;Agente;Follow-up;Agente realizou follow-up para retomar a conversa.;Compra;
INT00829;LED0239;2026-08-08 17:15:00;Lead;Mensagem;Lead demonstrou interesse e iniciou conversa com o agente.;Investimento;
INT00830;LED0239;2026-08-10 10:15:00;Agente;Mensagem;Agente identificou intenção: Investimento.;Investimento;quartos
INT00831;LED0239;2026-08-12 09:30:00;Lead;Mensagem;Agente coletou preferências de região, orçamento e características.;Investimento;
INT00832;LED0240;2026-07-22 12:45:00;Lead;Mensagem;Lead respondeu anúncio e pediu atendimento.;;intencao
INT00833;LED0240;2026-07-24 16:00:00;Agente;Mensagem;Agente identificou intenção: ainda não definida.;;retorno_esperado_pct
INT00834;LED0240;2026-07-26 09:15:00;Lead;Mensagem;Agente coletou preferências de região, orçamento e características.;;
INT00835;LED0241;2026-07-28 12:15:00;Lead;Mensagem;Lead demonstrou interesse e iniciou conversa com o agente.;Compra;
INT00836;LED0241;2026-07-30 15:15:00;Agente;Mensagem;Agente identificou intenção: Compra.;Compra;tipo_imovel_interesse
INT00837;LED0241;2026-08-01 12:15:00;Lead;Mensagem;Agente coletou preferências de região, orçamento e características.;Compra;intencao
INT00838;LED0241;2026-08-03 19:15:00;Agente;Follow-up;Lead respondeu ao acompanhamento e atualizou preferências.;Compra;quartos
INT00839;LED0242;2026-08-08 09:30:00;Lead;Mensagem;Lead iniciou contato solicitando informações sobre imóveis.;Compra;retorno_esperado_pct
INT00840;LED0242;2026-08-10 10:45:00;Agente;Mensagem;Agente identificou intenção: Compra.;Compra;regiao_bairro
INT00841;LED0242;2026-08-12 10:00:00;Lead;Mensagem;Agente coletou preferências de região, orçamento e características.;Compra;
INT00842;LED0243;2026-09-14 19:00:00;Lead;Mensagem;Lead demonstrou interesse e iniciou conversa com o agente.;Aluguel;quartos
INT00843;LED0243;2026-09-16 09:00:00;Agente;Mensagem;Agente identificou intenção: Aluguel.;Aluguel;orcamento_ticket
INT00844;LED0243;2026-09-18 15:30:00;Lead;Mensagem;Agente coletou preferências de região, orçamento e características.;Aluguel;tipo_imovel_interesse
INT00845;LED0243;2026-09-20 09:15:00;Agente;Follow-up;Agente confirmou próximos passos do atendimento.;Aluguel;quartos
INT00846;LED0244;2026-07-21 17:45:00;Lead;Mensagem;Lead respondeu anúncio e pediu atendimento.;Compra;tipo_imovel_interesse
INT00847;LED0244;2026-07-23 13:30:00;Agente;Mensagem;Agente identificou intenção: Compra.;Compra;urgencia
INT00848;LED0244;2026-07-25 14:45:00;Lead;Mensagem;Agente coletou preferências de região, orçamento e características.;Compra;intencao
INT00849;LED0244;2026-07-27 10:30:00;Agente;Follow-up;Lead respondeu ao acompanhamento e atualizou preferências.;Compra;perfil_investidor
INT00850;LED0245;2026-07-09 17:30:00;Lead;Mensagem;Lead iniciou contato solicitando informações sobre imóveis.;Compra;tipo_imovel_interesse
INT00851;LED0245;2026-07-11 16:15:00;Agente;Mensagem;Agente identificou intenção: Compra.;Compra;
INT00852;LED0245;2026-07-13 14:45:00;Lead;Mensagem;Agente coletou preferências de região, orçamento e características.;Compra;urgencia
INT00853;LED0246;2026-08-01 17:30:00;Lead;Mensagem;Lead iniciou contato solicitando informações sobre imóveis.;Compra;tipo_imovel_interesse
INT00854;LED0246;2026-08-03 18:30:00;Agente;Mensagem;Agente identificou intenção: Compra.;Compra;intencao
INT00855;LED0246;2026-08-05 15:15:00;Lead;Mensagem;Agente coletou preferências de região, orçamento e características.;Compra;orcamento_ticket
INT00856;LED0246;2026-08-07 14:15:00;Agente;Follow-up;Agente confirmou próximos passos do atendimento.;Compra;regiao_bairro
INT00857;LED0246;2026-08-09 16:30:00;Lead;Follow-up;Agente realizou follow-up para retomar a conversa.;Compra;retorno_esperado_pct
INT00858;LED0247;2026-09-19 17:15:00;Lead;Mensagem;Lead respondeu anúncio e pediu atendimento.;Compra;urgencia
INT00859;LED0247;2026-09-21 16:00:00;Agente;Mensagem;Agente identificou intenção: Compra.;Compra;quartos
INT00860;LED0247;2026-09-23 15:30:00;Lead;Mensagem;Agente coletou preferências de região, orçamento e características.;Compra;perfil_investidor
INT00861;LED0247;2026-09-25 09:30:00;Agente;Follow-up;Agente confirmou próximos passos do atendimento.;Compra;urgencia
INT00862;LED0248;2026-09-23 17:00:00;Lead;Mensagem;Lead respondeu anúncio e pediu atendimento.;Aluguel;perfil_investidor
INT00863;LED0248;2026-09-25 12:00:00;Agente;Mensagem;Agente identificou intenção: Aluguel.;Aluguel;tipo_imovel_interesse
INT00864;LED0248;2026-09-25 09:15:00;Lead;Mensagem;Agente coletou preferências de região, orçamento e características.;Aluguel;orcamento_ticket
INT00865;LED0249;2026-07-26 14:15:00;Lead;Mensagem;Lead demonstrou interesse e iniciou conversa com o agente.;Compra;
INT00866;LED0249;2026-07-28 12:45:00;Agente;Mensagem;Agente identificou intenção: Compra.;Compra;urgencia
INT00867;LED0249;2026-07-30 09:45:00;Lead;Mensagem;Agente coletou preferências de região, orçamento e características.;Compra;retorno_esperado_pct
INT00868;LED0249;2026-08-01 18:30:00;Agente;Follow-up;Agente confirmou próximos passos do atendimento.;Compra;
INT00869;LED0250;2026-07-04 15:00:00;Lead;Mensagem;Lead respondeu anúncio e pediu atendimento.;Aluguel;
INT00870;LED0250;2026-07-06 16:00:00;Agente;Mensagem;Agente identificou intenção: Aluguel.;Aluguel;
INT00871;LED0250;2026-07-08 09:00:00;Lead;Mensagem;Agente coletou preferências de região, orçamento e características.;Aluguel;perfil_investidor
INT00872;LED0250;2026-07-10 14:15:00;Agente;Follow-up;Agente confirmou próximos passos do atendimento.;Aluguel;retorno_esperado_pct
INT00873;LED0250;2026-07-12 19:30:00;Lead;Follow-up;Lead respondeu ao acompanhamento e atualizou preferências.;Aluguel;
INT00874;LED0251;2026-09-07 15:45:00;Lead;Mensagem;Lead respondeu anúncio e pediu atendimento.;;urgencia
INT00875;LED0251;2026-09-09 13:45:00;Agente;Mensagem;Agente identificou intenção: ainda não definida.;;regiao_bairro
INT00876;LED0251;2026-09-11 16:45:00;Lead;Mensagem;Agente coletou preferências de região, orçamento e características.;;regiao_bairro
INT00877;LED0251;2026-09-13 16:15:00;Agente;Follow-up;Agente realizou follow-up para retomar a conversa.;;retorno_esperado_pct
INT00878;LED0252;2026-09-15 13:15:00;Lead;Mensagem;Lead iniciou contato solicitando informações sobre imóveis.;Aluguel;orcamento_ticket
INT00879;LED0252;2026-09-17 11:00:00;Agente;Mensagem;Agente identificou intenção: Aluguel.;Aluguel;regiao_bairro
INT00880;LED0252;2026-09-19 18:45:00;Lead;Mensagem;Agente coletou preferências de região, orçamento e características.;Aluguel;intencao
INT00881;LED0253;2026-09-23 14:30:00;Lead;Mensagem;Lead demonstrou interesse e iniciou conversa com o agente.;Compra;orcamento_ticket
INT00882;LED0253;2026-09-25 16:30:00;Agente;Mensagem;Agente identificou intenção: Compra.;Compra;retorno_esperado_pct
INT00883;LED0253;2026-09-25 09:30:00;Lead;Mensagem;Agente coletou preferências de região, orçamento e características.;Compra;retorno_esperado_pct
INT00884;LED0253;2026-09-25 13:30:00;Agente;Follow-up;Lead respondeu ao acompanhamento e atualizou preferências.;Compra;intencao
INT00885;LED0253;2026-09-25 12:15:00;Lead;Follow-up;Agente confirmou próximos passos do atendimento.;Compra;retorno_esperado_pct
INT00886;LED0254;2026-07-15 13:45:00;Lead;Mensagem;Lead iniciou contato solicitando informações sobre imóveis.;Compra;regiao_bairro
INT00887;LED0254;2026-07-17 12:15:00;Agente;Mensagem;Agente identificou intenção: Compra.;Compra;retorno_esperado_pct
INT00888;LED0254;2026-07-19 13:15:00;Lead;Mensagem;Agente coletou preferências de região, orçamento e características.;Compra;
INT00889;LED0255;2026-08-01 13:15:00;Lead;Mensagem;Lead respondeu anúncio e pediu atendimento.;Compra;intencao
INT00890;LED0255;2026-08-03 18:00:00;Agente;Mensagem;Agente identificou intenção: Compra.;Compra;tipo_imovel_interesse
INT00891;LED0255;2026-08-05 11:45:00;Lead;Mensagem;Agente coletou preferências de região, orçamento e características.;Compra;urgencia
INT00892;LED0256;2026-07-18 10:00:00;Lead;Mensagem;Lead iniciou contato solicitando informações sobre imóveis.;Compra;retorno_esperado_pct
INT00893;LED0256;2026-07-20 18:15:00;Agente;Mensagem;Agente identificou intenção: Compra.;Compra;quartos
INT00894;LED0256;2026-07-22 13:15:00;Lead;Mensagem;Agente coletou preferências de região, orçamento e características.;Compra;
INT00895;LED0256;2026-07-24 12:00:00;Agente;Follow-up;Lead respondeu ao acompanhamento e atualizou preferências.;Compra;regiao_bairro
INT00896;LED0257;2026-08-03 18:15:00;Lead;Mensagem;Lead respondeu anúncio e pediu atendimento.;Compra;
INT00897;LED0257;2026-08-05 09:30:00;Agente;Mensagem;Agente identificou intenção: Compra.;Compra;urgencia
INT00898;LED0257;2026-08-07 16:30:00;Lead;Mensagem;Agente coletou preferências de região, orçamento e características.;Compra;regiao_bairro
INT00899;LED0258;2026-07-12 19:00:00;Lead;Mensagem;Lead iniciou contato solicitando informações sobre imóveis.;Investimento;quartos
INT00900;LED0258;2026-07-14 19:30:00;Agente;Mensagem;Agente identificou intenção: Investimento.;Investimento;regiao_bairro
INT00901;LED0258;2026-07-16 13:30:00;Lead;Mensagem;Agente coletou preferências de região, orçamento e características.;Investimento;perfil_investidor
INT00902;LED0259;2026-07-02 11:30:00;Lead;Mensagem;Lead demonstrou interesse e iniciou conversa com o agente.;Investimento;regiao_bairro
INT00903;LED0259;2026-07-04 12:15:00;Agente;Mensagem;Agente identificou intenção: Investimento.;Investimento;quartos
INT00904;LED0259;2026-07-06 19:00:00;Lead;Mensagem;Agente coletou preferências de região, orçamento e características.;Investimento;intencao
INT00905;LED0260;2026-07-08 19:30:00;Lead;Mensagem;Lead iniciou contato solicitando informações sobre imóveis.;Compra;perfil_investidor
INT00906;LED0260;2026-07-10 13:30:00;Agente;Mensagem;Agente identificou intenção: Compra.;Compra;tipo_imovel_interesse
INT00907;LED0260;2026-07-12 16:15:00;Lead;Mensagem;Agente coletou preferências de região, orçamento e características.;Compra;urgencia
INT00908;LED0260;2026-07-14 16:30:00;Agente;Follow-up;Agente realizou follow-up para retomar a conversa.;Compra;quartos
INT00909;LED0261;2026-08-01 19:45:00;Lead;Mensagem;Lead iniciou contato solicitando informações sobre imóveis.;Investimento;tipo_imovel_interesse
INT00910;LED0261;2026-08-03 19:15:00;Agente;Mensagem;Agente identificou intenção: Investimento.;Investimento;
INT00911;LED0261;2026-08-05 19:45:00;Lead;Mensagem;Agente coletou preferências de região, orçamento e características.;Investimento;intencao
INT00912;LED0262;2026-09-02 19:30:00;Lead;Mensagem;Lead demonstrou interesse e iniciou conversa com o agente.;Compra;quartos
INT00913;LED0262;2026-09-04 16:45:00;Agente;Mensagem;Agente identificou intenção: Compra.;Compra;quartos
INT00914;LED0262;2026-09-06 14:15:00;Lead;Mensagem;Agente coletou preferências de região, orçamento e características.;Compra;retorno_esperado_pct
INT00915;LED0262;2026-09-08 17:15:00;Agente;Follow-up;Agente realizou follow-up para retomar a conversa.;Compra;orcamento_ticket
INT00916;LED0263;2026-08-12 12:15:00;Lead;Mensagem;Lead respondeu anúncio e pediu atendimento.;;tipo_imovel_interesse
INT00917;LED0263;2026-08-14 16:45:00;Agente;Mensagem;Agente identificou intenção: ainda não definida.;;
INT00918;LED0263;2026-08-16 10:00:00;Lead;Mensagem;Agente coletou preferências de região, orçamento e características.;;retorno_esperado_pct
INT00919;LED0264;2026-09-08 19:15:00;Lead;Mensagem;Lead iniciou contato solicitando informações sobre imóveis.;Compra;regiao_bairro
INT00920;LED0264;2026-09-10 12:15:00;Agente;Mensagem;Agente identificou intenção: Compra.;Compra;retorno_esperado_pct
INT00921;LED0264;2026-09-12 16:00:00;Lead;Mensagem;Agente coletou preferências de região, orçamento e características.;Compra;urgencia
INT00922;LED0265;2026-09-09 18:30:00;Lead;Mensagem;Lead iniciou contato solicitando informações sobre imóveis.;Compra;tipo_imovel_interesse
INT00923;LED0265;2026-09-11 19:30:00;Agente;Mensagem;Agente identificou intenção: Compra.;Compra;quartos
INT00924;LED0265;2026-09-13 16:00:00;Lead;Mensagem;Agente coletou preferências de região, orçamento e características.;Compra;regiao_bairro
INT00925;LED0265;2026-09-15 18:45:00;Agente;Follow-up;Lead respondeu ao acompanhamento e atualizou preferências.;Compra;intencao
INT00926;LED0266;2026-07-12 11:15:00;Lead;Mensagem;Lead demonstrou interesse e iniciou conversa com o agente.;Aluguel;
INT00927;LED0266;2026-07-14 15:30:00;Agente;Mensagem;Agente identificou intenção: Aluguel.;Aluguel;retorno_esperado_pct
INT00928;LED0267;2026-08-01 15:45:00;Lead;Mensagem;Lead respondeu anúncio e pediu atendimento.;Investimento;intencao
INT00929;LED0267;2026-08-03 17:30:00;Agente;Mensagem;Agente identificou intenção: Investimento.;Investimento;retorno_esperado_pct
INT00930;LED0267;2026-08-05 12:15:00;Lead;Mensagem;Agente coletou preferências de região, orçamento e características.;Investimento;retorno_esperado_pct
INT00931;LED0267;2026-08-07 10:00:00;Agente;Follow-up;Agente realizou follow-up para retomar a conversa.;Investimento;regiao_bairro
INT00932;LED0268;2026-09-20 18:45:00;Lead;Mensagem;Lead demonstrou interesse e iniciou conversa com o agente.;Investimento;intencao
INT00933;LED0268;2026-09-22 12:00:00;Agente;Mensagem;Agente identificou intenção: Investimento.;Investimento;perfil_investidor
INT00934;LED0268;2026-09-24 16:00:00;Lead;Mensagem;Agente coletou preferências de região, orçamento e características.;Investimento;tipo_imovel_interesse
INT00935;LED0268;2026-09-25 10:30:00;Agente;Follow-up;Agente confirmou próximos passos do atendimento.;Investimento;
INT00936;LED0268;2026-09-25 10:45:00;Lead;Follow-up;Agente realizou follow-up para retomar a conversa.;Investimento;quartos
INT00937;LED0269;2026-08-21 19:45:00;Lead;Mensagem;Lead demonstrou interesse e iniciou conversa com o agente.;Compra;quartos
INT00938;LED0269;2026-08-23 15:45:00;Agente;Mensagem;Agente identificou intenção: Compra.;Compra;intencao
INT00939;LED0269;2026-08-25 16:45:00;Lead;Mensagem;Agente coletou preferências de região, orçamento e características.;Compra;urgencia
INT00940;LED0269;2026-08-27 09:15:00;Agente;Follow-up;Lead respondeu ao acompanhamento e atualizou preferências.;Compra;quartos
INT00941;LED0269;2026-08-29 11:00:00;Lead;Follow-up;Agente confirmou próximos passos do atendimento.;Compra;urgencia
INT00942;LED0270;2026-07-17 15:15:00;Lead;Mensagem;Lead respondeu anúncio e pediu atendimento.;Aluguel;intencao
INT00943;LED0270;2026-07-19 14:15:00;Agente;Mensagem;Agente identificou intenção: Aluguel.;Aluguel;urgencia
INT00944;LED0270;2026-07-21 18:00:00;Lead;Mensagem;Agente coletou preferências de região, orçamento e características.;Aluguel;urgencia
INT00945;LED0270;2026-07-23 12:45:00;Agente;Follow-up;Lead respondeu ao acompanhamento e atualizou preferências.;Aluguel;retorno_esperado_pct
INT00946;LED0271;2026-07-02 13:30:00;Lead;Mensagem;Lead respondeu anúncio e pediu atendimento.;Aluguel;retorno_esperado_pct
INT00947;LED0271;2026-07-04 17:15:00;Agente;Mensagem;Agente identificou intenção: Aluguel.;Aluguel;tipo_imovel_interesse
INT00948;LED0271;2026-07-06 12:00:00;Lead;Mensagem;Agente coletou preferências de região, orçamento e características.;Aluguel;retorno_esperado_pct
INT00949;LED0271;2026-07-08 19:15:00;Agente;Follow-up;Agente realizou follow-up para retomar a conversa.;Aluguel;quartos
INT00950;LED0272;2026-09-24 19:45:00;Lead;Mensagem;Lead iniciou contato solicitando informações sobre imóveis.;;orcamento_ticket
INT00951;LED0272;2026-09-25 09:15:00;Agente;Mensagem;Agente identificou intenção: ainda não definida.;;perfil_investidor
INT00952;LED0272;2026-09-25 09:45:00;Lead;Mensagem;Agente coletou preferências de região, orçamento e características.;;orcamento_ticket
INT00953;LED0273;2026-08-04 14:30:00;Lead;Mensagem;Lead respondeu anúncio e pediu atendimento.;Aluguel;perfil_investidor
INT00954;LED0273;2026-08-06 13:30:00;Agente;Mensagem;Agente identificou intenção: Aluguel.;Aluguel;
INT00955;LED0274;2026-07-15 10:30:00;Lead;Mensagem;Lead iniciou contato solicitando informações sobre imóveis.;Aluguel;urgencia
INT00956;LED0274;2026-07-17 11:30:00;Agente;Mensagem;Agente identificou intenção: Aluguel.;Aluguel;quartos
INT00957;LED0274;2026-07-19 12:45:00;Lead;Mensagem;Agente coletou preferências de região, orçamento e características.;Aluguel;
INT00958;LED0274;2026-07-21 09:45:00;Agente;Follow-up;Agente confirmou próximos passos do atendimento.;Aluguel;regiao_bairro
INT00959;LED0274;2026-07-23 16:00:00;Lead;Follow-up;Lead respondeu ao acompanhamento e atualizou preferências.;Aluguel;intencao
INT00960;LED0275;2026-08-07 14:45:00;Lead;Mensagem;Lead respondeu anúncio e pediu atendimento.;Investimento;tipo_imovel_interesse
INT00961;LED0275;2026-08-09 12:45:00;Agente;Mensagem;Agente identificou intenção: Investimento.;Investimento;quartos
INT00962;LED0275;2026-08-11 11:45:00;Lead;Mensagem;Agente coletou preferências de região, orçamento e características.;Investimento;perfil_investidor
INT00963;LED0275;2026-08-13 12:15:00;Agente;Follow-up;Lead respondeu ao acompanhamento e atualizou preferências.;Investimento;retorno_esperado_pct
INT00964;LED0276;2026-09-04 17:45:00;Lead;Mensagem;Lead iniciou contato solicitando informações sobre imóveis.;Compra;
INT00965;LED0276;2026-09-06 12:30:00;Agente;Mensagem;Agente identificou intenção: Compra.;Compra;intencao
INT00966;LED0276;2026-09-08 12:30:00;Lead;Mensagem;Agente coletou preferências de região, orçamento e características.;Compra;urgencia
INT00967;LED0276;2026-09-10 16:30:00;Agente;Follow-up;Agente realizou follow-up para retomar a conversa.;Compra;quartos
INT00968;LED0276;2026-09-12 11:30:00;Lead;Follow-up;Lead respondeu ao acompanhamento e atualizou preferências.;Compra;perfil_investidor
INT00969;LED0277;2026-08-05 17:00:00;Lead;Mensagem;Lead respondeu anúncio e pediu atendimento.;Aluguel;intencao
INT00970;LED0277;2026-08-07 17:30:00;Agente;Mensagem;Agente identificou intenção: Aluguel.;Aluguel;perfil_investidor
INT00971;LED0277;2026-08-09 09:45:00;Lead;Mensagem;Agente coletou preferências de região, orçamento e características.;Aluguel;orcamento_ticket
INT00972;LED0278;2026-07-12 19:30:00;Lead;Mensagem;Lead iniciou contato solicitando informações sobre imóveis.;Aluguel;perfil_investidor
INT00973;LED0278;2026-07-14 17:30:00;Agente;Mensagem;Agente identificou intenção: Aluguel.;Aluguel;intencao
INT00974;LED0278;2026-07-16 16:30:00;Lead;Mensagem;Agente coletou preferências de região, orçamento e características.;Aluguel;retorno_esperado_pct
INT00975;LED0279;2026-09-16 15:45:00;Lead;Mensagem;Lead iniciou contato solicitando informações sobre imóveis.;Compra;urgencia
INT00976;LED0279;2026-09-18 18:00:00;Agente;Mensagem;Agente identificou intenção: Compra.;Compra;intencao
INT00977;LED0280;2026-09-13 11:45:00;Lead;Mensagem;Lead respondeu anúncio e pediu atendimento.;Compra;retorno_esperado_pct
INT00978;LED0280;2026-09-15 11:15:00;Agente;Mensagem;Agente identificou intenção: Compra.;Compra;intencao
INT00979;LED0280;2026-09-17 15:45:00;Lead;Mensagem;Agente coletou preferências de região, orçamento e características.;Compra;retorno_esperado_pct
INT00980;LED0280;2026-09-19 19:00:00;Agente;Follow-up;Agente confirmou próximos passos do atendimento.;Compra;retorno_esperado_pct
INT00981;LED0281;2026-09-14 14:00:00;Lead;Mensagem;Lead iniciou contato solicitando informações sobre imóveis.;;urgencia
INT00982;LED0281;2026-09-16 11:15:00;Agente;Mensagem;Agente identificou intenção: ainda não definida.;;regiao_bairro
INT00983;LED0281;2026-09-18 10:15:00;Lead;Mensagem;Agente coletou preferências de região, orçamento e características.;;urgencia
INT00984;LED0281;2026-09-20 15:30:00;Agente;Follow-up;Agente confirmou próximos passos do atendimento.;;quartos
INT00985;LED0282;2026-08-22 16:30:00;Lead;Mensagem;Lead respondeu anúncio e pediu atendimento.;Compra;tipo_imovel_interesse
INT00986;LED0282;2026-08-24 10:15:00;Agente;Mensagem;Agente identificou intenção: Compra.;Compra;orcamento_ticket
INT00987;LED0282;2026-08-26 14:00:00;Lead;Mensagem;Agente coletou preferências de região, orçamento e características.;Compra;orcamento_ticket
INT00988;LED0282;2026-08-28 13:45:00;Agente;Follow-up;Lead respondeu ao acompanhamento e atualizou preferências.;Compra;regiao_bairro
INT00989;LED0283;2026-07-23 11:00:00;Lead;Mensagem;Lead respondeu anúncio e pediu atendimento.;Aluguel;
INT00990;LED0283;2026-07-25 16:00:00;Agente;Mensagem;Agente identificou intenção: Aluguel.;Aluguel;quartos
INT00991;LED0283;2026-07-27 16:15:00;Lead;Mensagem;Agente coletou preferências de região, orçamento e características.;Aluguel;orcamento_ticket
INT00992;LED0283;2026-07-29 13:00:00;Agente;Follow-up;Agente confirmou próximos passos do atendimento.;Aluguel;orcamento_ticket
INT00993;LED0283;2026-07-31 19:45:00;Lead;Follow-up;Lead respondeu ao acompanhamento e atualizou preferências.;Aluguel;quartos
INT00994;LED0284;2026-09-21 15:00:00;Lead;Mensagem;Lead respondeu anúncio e pediu atendimento.;Investimento;retorno_esperado_pct
INT00995;LED0284;2026-09-23 10:00:00;Agente;Mensagem;Agente identificou intenção: Investimento.;Investimento;orcamento_ticket
INT00996;LED0285;2026-07-17 14:15:00;Lead;Mensagem;Lead iniciou contato solicitando informações sobre imóveis.;Aluguel;perfil_investidor
INT00997;LED0285;2026-07-19 12:00:00;Agente;Mensagem;Agente identificou intenção: Aluguel.;Aluguel;tipo_imovel_interesse
INT00998;LED0286;2026-09-02 12:45:00;Lead;Mensagem;Lead respondeu anúncio e pediu atendimento.;Investimento;tipo_imovel_interesse
INT00999;LED0286;2026-09-04 18:30:00;Agente;Mensagem;Agente identificou intenção: Investimento.;Investimento;retorno_esperado_pct
INT01000;LED0286;2026-09-06 18:30:00;Lead;Mensagem;Agente coletou preferências de região, orçamento e características.;Investimento;retorno_esperado_pct
INT01001;LED0287;2026-07-10 10:45:00;Lead;Mensagem;Lead iniciou contato solicitando informações sobre imóveis.;Aluguel;quartos
INT01002;LED0287;2026-07-12 19:00:00;Agente;Mensagem;Agente identificou intenção: Aluguel.;Aluguel;orcamento_ticket
INT01003;LED0288;2026-07-02 19:45:00;Lead;Mensagem;Lead respondeu anúncio e pediu atendimento.;;tipo_imovel_interesse
INT01004;LED0288;2026-07-04 13:45:00;Agente;Mensagem;Agente identificou intenção: ainda não definida.;;quartos
INT01005;LED0288;2026-07-06 17:15:00;Lead;Mensagem;Agente coletou preferências de região, orçamento e características.;;quartos
INT01006;LED0289;2026-07-04 14:30:00;Lead;Mensagem;Lead respondeu anúncio e pediu atendimento.;Investimento;orcamento_ticket
INT01007;LED0289;2026-07-06 12:45:00;Agente;Mensagem;Agente identificou intenção: Investimento.;Investimento;quartos
INT01008;LED0290;2026-07-15 12:45:00;Lead;Mensagem;Lead respondeu anúncio e pediu atendimento.;Investimento;perfil_investidor
INT01009;LED0290;2026-07-17 14:15:00;Agente;Mensagem;Agente identificou intenção: Investimento.;Investimento;perfil_investidor
INT01010;LED0290;2026-07-19 15:30:00;Lead;Mensagem;Agente coletou preferências de região, orçamento e características.;Investimento;retorno_esperado_pct
INT01011;LED0290;2026-07-21 15:00:00;Agente;Follow-up;Agente realizou follow-up para retomar a conversa.;Investimento;
INT01012;LED0291;2026-09-14 13:00:00;Lead;Mensagem;Lead respondeu anúncio e pediu atendimento.;Compra;intencao
INT01013;LED0291;2026-09-16 11:00:00;Agente;Mensagem;Agente identificou intenção: Compra.;Compra;intencao
INT01014;LED0291;2026-09-18 13:45:00;Lead;Mensagem;Agente coletou preferências de região, orçamento e características.;Compra;
INT01015;LED0292;2026-07-30 11:00:00;Lead;Mensagem;Lead demonstrou interesse e iniciou conversa com o agente.;Compra;perfil_investidor
INT01016;LED0292;2026-08-01 11:00:00;Agente;Mensagem;Agente identificou intenção: Compra.;Compra;urgencia
INT01017;LED0292;2026-08-03 19:00:00;Lead;Mensagem;Agente coletou preferências de região, orçamento e características.;Compra;perfil_investidor
INT01018;LED0293;2026-08-21 15:00:00;Lead;Mensagem;Lead iniciou contato solicitando informações sobre imóveis.;Aluguel;tipo_imovel_interesse
INT01019;LED0293;2026-08-23 14:00:00;Agente;Mensagem;Agente identificou intenção: Aluguel.;Aluguel;
INT01020;LED0293;2026-08-25 17:45:00;Lead;Mensagem;Agente coletou preferências de região, orçamento e características.;Aluguel;retorno_esperado_pct
INT01021;LED0294;2026-08-14 10:45:00;Lead;Mensagem;Lead iniciou contato solicitando informações sobre imóveis.;;urgencia
INT01022;LED0294;2026-08-16 19:45:00;Agente;Mensagem;Agente identificou intenção: ainda não definida.;;quartos
INT01023;LED0295;2026-07-16 10:45:00;Lead;Mensagem;Lead respondeu anúncio e pediu atendimento.;Investimento;tipo_imovel_interesse
INT01024;LED0295;2026-07-18 09:45:00;Agente;Mensagem;Agente identificou intenção: Investimento.;Investimento;regiao_bairro
INT01025;LED0295;2026-07-20 13:30:00;Lead;Mensagem;Agente coletou preferências de região, orçamento e características.;Investimento;regiao_bairro
INT01026;LED0295;2026-07-22 14:45:00;Agente;Follow-up;Agente realizou follow-up para retomar a conversa.;Investimento;quartos
INT01027;LED0296;2026-09-18 13:45:00;Lead;Mensagem;Lead respondeu anúncio e pediu atendimento.;Investimento;tipo_imovel_interesse
INT01028;LED0296;2026-09-20 10:15:00;Agente;Mensagem;Agente identificou intenção: Investimento.;Investimento;quartos
INT01029;LED0297;2026-07-24 12:00:00;Lead;Mensagem;Lead iniciou contato solicitando informações sobre imóveis.;Investimento;intencao
INT01030;LED0297;2026-07-26 16:15:00;Agente;Mensagem;Agente identificou intenção: Investimento.;Investimento;tipo_imovel_interesse
INT01031;LED0298;2026-09-19 11:30:00;Lead;Mensagem;Lead demonstrou interesse e iniciou conversa com o agente.;Aluguel;urgencia
INT01032;LED0298;2026-09-21 09:15:00;Agente;Mensagem;Agente identificou intenção: Aluguel.;Aluguel;regiao_bairro
INT01033;LED0298;2026-09-23 17:00:00;Lead;Mensagem;Agente coletou preferências de região, orçamento e características.;Aluguel;tipo_imovel_interesse
INT01034;LED0298;2026-09-25 16:45:00;Agente;Follow-up;Lead respondeu ao acompanhamento e atualizou preferências.;Aluguel;intencao
INT01035;LED0298;2026-09-25 13:30:00;Lead;Follow-up;Agente confirmou próximos passos do atendimento.;Aluguel;perfil_investidor
INT01036;LED0299;2026-09-06 16:15:00;Lead;Mensagem;Lead respondeu anúncio e pediu atendimento.;Compra;tipo_imovel_interesse
INT01037;LED0299;2026-09-08 09:15:00;Agente;Mensagem;Agente identificou intenção: Compra.;Compra;tipo_imovel_interesse
INT01038;LED0299;2026-09-10 12:45:00;Lead;Mensagem;Agente coletou preferências de região, orçamento e características.;Compra;quartos
INT01039;LED0299;2026-09-12 19:00:00;Agente;Follow-up;Agente confirmou próximos passos do atendimento.;Compra;quartos
INT01040;LED0300;2026-08-30 10:15:00;Lead;Mensagem;Lead respondeu anúncio e pediu atendimento.;Aluguel;perfil_investidor
INT01041;LED0300;2026-09-01 10:15:00;Agente;Mensagem;Agente identificou intenção: Aluguel.;Aluguel;perfil_investidor
INT01042;LED0301;2026-09-10 15:45:00;Lead;Mensagem;Lead respondeu anúncio e pediu atendimento.;;orcamento_ticket
INT01043;LED0301;2026-09-12 09:00:00;Agente;Mensagem;Agente identificou intenção: ainda não definida.;;orcamento_ticket
INT01044;LED0301;2026-09-14 13:30:00;Lead;Mensagem;Agente coletou preferências de região, orçamento e características.;;perfil_investidor
INT01045;LED0301;2026-09-16 12:30:00;Agente;Follow-up;Lead respondeu ao acompanhamento e atualizou preferências.;;orcamento_ticket
INT01046;LED0302;2026-09-10 19:30:00;Lead;Mensagem;Lead demonstrou interesse e iniciou conversa com o agente.;Aluguel;regiao_bairro
INT01047;LED0302;2026-09-12 17:45:00;Agente;Mensagem;Agente identificou intenção: Aluguel.;Aluguel;regiao_bairro
INT01048;LED0302;2026-09-14 12:15:00;Lead;Mensagem;Agente coletou preferências de região, orçamento e características.;Aluguel;
INT01049;LED0302;2026-09-16 15:45:00;Agente;Follow-up;Agente confirmou próximos passos do atendimento.;Aluguel;
INT01050;LED0303;2026-08-05 14:00:00;Lead;Mensagem;Lead demonstrou interesse e iniciou conversa com o agente.;Compra;retorno_esperado_pct
INT01051;LED0303;2026-08-07 16:00:00;Agente;Mensagem;Agente identificou intenção: Compra.;Compra;quartos
INT01052;LED0303;2026-08-09 14:00:00;Lead;Mensagem;Agente coletou preferências de região, orçamento e características.;Compra;perfil_investidor
INT01053;LED0303;2026-08-11 11:00:00;Agente;Follow-up;Lead respondeu ao acompanhamento e atualizou preferências.;Compra;perfil_investidor
INT01054;LED0303;2026-08-13 17:15:00;Lead;Follow-up;Lead respondeu ao acompanhamento e atualizou preferências.;Compra;tipo_imovel_interesse
INT01055;LED0304;2026-08-13 11:30:00;Lead;Mensagem;Lead demonstrou interesse e iniciou conversa com o agente.;Aluguel;
INT01056;LED0304;2026-08-15 13:15:00;Agente;Mensagem;Agente identificou intenção: Aluguel.;Aluguel;intencao
INT01057;LED0304;2026-08-17 19:30:00;Lead;Mensagem;Agente coletou preferências de região, orçamento e características.;Aluguel;regiao_bairro
INT01058;LED0305;2026-07-03 18:45:00;Lead;Mensagem;Lead respondeu anúncio e pediu atendimento.;Compra;intencao
INT01059;LED0305;2026-07-05 10:15:00;Agente;Mensagem;Agente identificou intenção: Compra.;Compra;regiao_bairro
INT01060;LED0305;2026-07-07 09:30:00;Lead;Mensagem;Agente coletou preferências de região, orçamento e características.;Compra;regiao_bairro
INT01061;LED0306;2026-09-05 11:30:00;Lead;Mensagem;Lead respondeu anúncio e pediu atendimento.;Compra;intencao
INT01062;LED0306;2026-09-07 13:30:00;Agente;Mensagem;Agente identificou intenção: Compra.;Compra;perfil_investidor
INT01063;LED0307;2026-08-22 13:45:00;Lead;Mensagem;Lead respondeu anúncio e pediu atendimento.;Investimento;urgencia
INT01064;LED0307;2026-08-24 18:00:00;Agente;Mensagem;Agente identificou intenção: Investimento.;Investimento;intencao
INT01065;LED0307;2026-08-26 16:45:00;Lead;Mensagem;Agente coletou preferências de região, orçamento e características.;Investimento;urgencia
INT01066;LED0307;2026-08-28 09:45:00;Agente;Follow-up;Agente confirmou próximos passos do atendimento.;Investimento;urgencia
INT01067;LED0307;2026-08-30 17:30:00;Lead;Follow-up;Agente realizou follow-up para retomar a conversa.;Investimento;retorno_esperado_pct
INT01068;LED0308;2026-09-23 17:00:00;Lead;Mensagem;Lead respondeu anúncio e pediu atendimento.;Aluguel;urgencia
INT01069;LED0308;2026-09-25 11:45:00;Agente;Mensagem;Agente identificou intenção: Aluguel.;Aluguel;orcamento_ticket
INT01070;LED0308;2026-09-25 09:30:00;Lead;Mensagem;Agente coletou preferências de região, orçamento e características.;Aluguel;retorno_esperado_pct
INT01071;LED0309;2026-09-05 12:45:00;Lead;Mensagem;Lead demonstrou interesse e iniciou conversa com o agente.;Compra;retorno_esperado_pct
INT01072;LED0309;2026-09-07 15:15:00;Agente;Mensagem;Agente identificou intenção: Compra.;Compra;quartos
INT01073;LED0309;2026-09-09 18:30:00;Lead;Mensagem;Agente coletou preferências de região, orçamento e características.;Compra;regiao_bairro
INT01074;LED0309;2026-09-11 13:45:00;Agente;Follow-up;Agente realizou follow-up para retomar a conversa.;Compra;urgencia
INT01075;LED0309;2026-09-13 13:30:00;Lead;Follow-up;Agente confirmou próximos passos do atendimento.;Compra;regiao_bairro
INT01076;LED0310;2026-09-12 10:15:00;Lead;Mensagem;Lead iniciou contato solicitando informações sobre imóveis.;Compra;tipo_imovel_interesse
INT01077;LED0310;2026-09-14 13:15:00;Agente;Mensagem;Agente identificou intenção: Compra.;Compra;perfil_investidor
INT01078;LED0311;2026-08-16 11:30:00;Lead;Mensagem;Lead demonstrou interesse e iniciou conversa com o agente.;Aluguel;perfil_investidor
INT01079;LED0311;2026-08-18 18:00:00;Agente;Mensagem;Agente identificou intenção: Aluguel.;Aluguel;retorno_esperado_pct
INT01080;LED0311;2026-08-20 11:30:00;Lead;Mensagem;Agente coletou preferências de região, orçamento e características.;Aluguel;intencao
INT01081;LED0311;2026-08-22 10:15:00;Agente;Follow-up;Lead respondeu ao acompanhamento e atualizou preferências.;Aluguel;regiao_bairro
INT01082;LED0312;2026-08-26 14:45:00;Lead;Mensagem;Lead demonstrou interesse e iniciou conversa com o agente.;Aluguel;orcamento_ticket
INT01083;LED0312;2026-08-28 18:45:00;Agente;Mensagem;Agente identificou intenção: Aluguel.;Aluguel;intencao
INT01084;LED0312;2026-08-30 15:45:00;Lead;Mensagem;Agente coletou preferências de região, orçamento e características.;Aluguel;
INT01085;LED0313;2026-08-16 12:15:00;Lead;Mensagem;Lead respondeu anúncio e pediu atendimento.;Aluguel;regiao_bairro
INT01086;LED0313;2026-08-18 16:45:00;Agente;Mensagem;Agente identificou intenção: Aluguel.;Aluguel;perfil_investidor
INT01087;LED0313;2026-08-20 09:00:00;Lead;Mensagem;Agente coletou preferências de região, orçamento e características.;Aluguel;intencao
INT01088;LED0314;2026-09-08 19:30:00;Lead;Mensagem;Lead demonstrou interesse e iniciou conversa com o agente.;Aluguel;intencao
INT01089;LED0314;2026-09-10 12:30:00;Agente;Mensagem;Agente identificou intenção: Aluguel.;Aluguel;orcamento_ticket
INT01090;LED0314;2026-09-12 12:15:00;Lead;Mensagem;Agente coletou preferências de região, orçamento e características.;Aluguel;perfil_investidor
INT01091;LED0314;2026-09-14 18:45:00;Agente;Follow-up;Agente realizou follow-up para retomar a conversa.;Aluguel;urgencia
INT01092;LED0314;2026-09-16 12:30:00;Lead;Follow-up;Lead respondeu ao acompanhamento e atualizou preferências.;Aluguel;intencao
INT01093;LED0315;2026-09-01 17:15:00;Lead;Mensagem;Lead respondeu anúncio e pediu atendimento.;Compra;orcamento_ticket
INT01094;LED0315;2026-09-03 18:45:00;Agente;Mensagem;Agente identificou intenção: Compra.;Compra;retorno_esperado_pct
INT01095;LED0316;2026-08-16 11:30:00;Lead;Mensagem;Lead iniciou contato solicitando informações sobre imóveis.;Compra;tipo_imovel_interesse
INT01096;LED0316;2026-08-18 17:15:00;Agente;Mensagem;Agente identificou intenção: Compra.;Compra;retorno_esperado_pct
INT01097;LED0316;2026-08-20 12:45:00;Lead;Mensagem;Agente coletou preferências de região, orçamento e características.;Compra;regiao_bairro
INT01098;LED0316;2026-08-22 13:15:00;Agente;Follow-up;Lead respondeu ao acompanhamento e atualizou preferências.;Compra;
INT01099;LED0317;2026-07-21 12:15:00;Lead;Mensagem;Lead respondeu anúncio e pediu atendimento.;Aluguel;orcamento_ticket
INT01100;LED0317;2026-07-23 11:00:00;Agente;Mensagem;Agente identificou intenção: Aluguel.;Aluguel;urgencia
INT01101;LED0317;2026-07-25 19:30:00;Lead;Mensagem;Agente coletou preferências de região, orçamento e características.;Aluguel;intencao
INT01102;LED0317;2026-07-27 09:45:00;Agente;Follow-up;Agente confirmou próximos passos do atendimento.;Aluguel;
INT01103;LED0317;2026-07-29 12:30:00;Lead;Follow-up;Agente realizou follow-up para retomar a conversa.;Aluguel;orcamento_ticket
INT01104;LED0318;2026-07-06 17:30:00;Lead;Mensagem;Lead respondeu anúncio e pediu atendimento.;Aluguel;urgencia
INT01105;LED0318;2026-07-08 18:30:00;Agente;Mensagem;Agente identificou intenção: Aluguel.;Aluguel;tipo_imovel_interesse
INT01106;LED0318;2026-07-10 13:15:00;Lead;Mensagem;Agente coletou preferências de região, orçamento e características.;Aluguel;perfil_investidor
INT01107;LED0319;2026-08-22 13:45:00;Lead;Mensagem;Lead demonstrou interesse e iniciou conversa com o agente.;Aluguel;perfil_investidor
INT01108;LED0319;2026-08-24 14:15:00;Agente;Mensagem;Agente identificou intenção: Aluguel.;Aluguel;tipo_imovel_interesse
INT01109;LED0319;2026-08-26 19:45:00;Lead;Mensagem;Agente coletou preferências de região, orçamento e características.;Aluguel;retorno_esperado_pct
INT01110;LED0319;2026-08-28 14:00:00;Agente;Follow-up;Agente realizou follow-up para retomar a conversa.;Aluguel;retorno_esperado_pct
INT01111;LED0319;2026-08-30 10:00:00;Lead;Follow-up;Agente confirmou próximos passos do atendimento.;Aluguel;perfil_investidor
INT01112;LED0320;2026-07-28 10:15:00;Lead;Mensagem;Lead demonstrou interesse e iniciou conversa com o agente.;Compra;tipo_imovel_interesse
INT01113;LED0320;2026-07-30 14:15:00;Agente;Mensagem;Agente identificou intenção: Compra.;Compra;tipo_imovel_interesse
INT01114;LED0320;2026-08-01 09:45:00;Lead;Mensagem;Agente coletou preferências de região, orçamento e características.;Compra;retorno_esperado_pct
INT01115;LED0320;2026-08-03 10:30:00;Agente;Follow-up;Agente realizou follow-up para retomar a conversa.;Compra;orcamento_ticket
INT01116;LED0320;2026-08-05 13:00:00;Lead;Follow-up;Lead respondeu ao acompanhamento e atualizou preferências.;Compra;perfil_investidor
INT01117;LED0321;2026-07-15 10:45:00;Lead;Mensagem;Lead respondeu anúncio e pediu atendimento.;Aluguel;
INT01118;LED0321;2026-07-17 12:45:00;Agente;Mensagem;Agente identificou intenção: Aluguel.;Aluguel;perfil_investidor
INT01119;LED0321;2026-07-19 15:15:00;Lead;Mensagem;Agente coletou preferências de região, orçamento e características.;Aluguel;perfil_investidor
INT01120;LED0321;2026-07-21 09:30:00;Agente;Follow-up;Agente realizou follow-up para retomar a conversa.;Aluguel;retorno_esperado_pct
INT01121;LED0322;2026-09-09 09:45:00;Lead;Mensagem;Lead demonstrou interesse e iniciou conversa com o agente.;Compra;orcamento_ticket
INT01122;LED0322;2026-09-11 12:15:00;Agente;Mensagem;Agente identificou intenção: Compra.;Compra;regiao_bairro
INT01123;LED0322;2026-09-13 15:30:00;Lead;Mensagem;Agente coletou preferências de região, orçamento e características.;Compra;retorno_esperado_pct
INT01124;LED0322;2026-09-15 12:00:00;Agente;Follow-up;Lead respondeu ao acompanhamento e atualizou preferências.;Compra;tipo_imovel_interesse
INT01125;LED0322;2026-09-17 15:30:00;Lead;Follow-up;Agente confirmou próximos passos do atendimento.;Compra;urgencia
INT01126;LED0323;2026-07-10 19:30:00;Lead;Mensagem;Lead demonstrou interesse e iniciou conversa com o agente.;;tipo_imovel_interesse
INT01127;LED0323;2026-07-12 14:00:00;Agente;Mensagem;Agente identificou intenção: ainda não definida.;;orcamento_ticket
INT01128;LED0323;2026-07-14 09:30:00;Lead;Mensagem;Agente coletou preferências de região, orçamento e características.;;regiao_bairro
INT01129;LED0323;2026-07-16 19:30:00;Agente;Follow-up;Agente confirmou próximos passos do atendimento.;;quartos
INT01130;LED0323;2026-07-18 10:00:00;Lead;Follow-up;Agente confirmou próximos passos do atendimento.;;perfil_investidor
INT01131;LED0324;2026-08-15 12:30:00;Lead;Mensagem;Lead respondeu anúncio e pediu atendimento.;Investimento;perfil_investidor
INT01132;LED0324;2026-08-17 19:30:00;Agente;Mensagem;Agente identificou intenção: Investimento.;Investimento;tipo_imovel_interesse
INT01133;LED0324;2026-08-19 15:00:00;Lead;Mensagem;Agente coletou preferências de região, orçamento e características.;Investimento;regiao_bairro
INT01134;LED0325;2026-08-19 19:15:00;Lead;Mensagem;Lead demonstrou interesse e iniciou conversa com o agente.;Compra;regiao_bairro
INT01135;LED0325;2026-08-21 11:15:00;Agente;Mensagem;Agente identificou intenção: Compra.;Compra;perfil_investidor
INT01136;LED0326;2026-09-09 09:30:00;Lead;Mensagem;Lead iniciou contato solicitando informações sobre imóveis.;Compra;intencao
INT01137;LED0326;2026-09-11 12:45:00;Agente;Mensagem;Agente identificou intenção: Compra.;Compra;retorno_esperado_pct
INT01138;LED0326;2026-09-13 19:45:00;Lead;Mensagem;Agente coletou preferências de região, orçamento e características.;Compra;intencao
INT01139;LED0327;2026-09-24 16:15:00;Lead;Mensagem;Lead respondeu anúncio e pediu atendimento.;Compra;intencao
INT01140;LED0327;2026-09-25 17:45:00;Agente;Mensagem;Agente identificou intenção: Compra.;Compra;
INT01141;LED0327;2026-09-25 13:45:00;Lead;Mensagem;Agente coletou preferências de região, orçamento e características.;Compra;intencao
INT01142;LED0328;2026-09-22 17:45:00;Lead;Mensagem;Lead respondeu anúncio e pediu atendimento.;Investimento;retorno_esperado_pct
INT01143;LED0328;2026-09-24 17:00:00;Agente;Mensagem;Agente identificou intenção: Investimento.;Investimento;tipo_imovel_interesse
INT01144;LED0328;2026-09-25 15:45:00;Lead;Mensagem;Agente coletou preferências de região, orçamento e características.;Investimento;intencao
INT01145;LED0329;2026-07-04 18:45:00;Lead;Mensagem;Lead demonstrou interesse e iniciou conversa com o agente.;Aluguel;quartos
INT01146;LED0329;2026-07-06 17:15:00;Agente;Mensagem;Agente identificou intenção: Aluguel.;Aluguel;perfil_investidor
INT01147;LED0329;2026-07-08 15:00:00;Lead;Mensagem;Agente coletou preferências de região, orçamento e características.;Aluguel;
INT01148;LED0329;2026-07-10 11:00:00;Agente;Follow-up;Agente realizou follow-up para retomar a conversa.;Aluguel;intencao
INT01149;LED0329;2026-07-12 15:15:00;Lead;Follow-up;Lead respondeu ao acompanhamento e atualizou preferências.;Aluguel;intencao
INT01150;LED0330;2026-07-30 19:45:00;Lead;Mensagem;Lead demonstrou interesse e iniciou conversa com o agente.;Compra;
INT01151;LED0330;2026-08-01 16:00:00;Agente;Mensagem;Agente identificou intenção: Compra.;Compra;orcamento_ticket
INT01152;LED0330;2026-08-03 14:45:00;Lead;Mensagem;Agente coletou preferências de região, orçamento e características.;Compra;intencao
INT01153;LED0331;2026-08-12 10:45:00;Lead;Mensagem;Lead iniciou contato solicitando informações sobre imóveis.;Compra;intencao
INT01154;LED0331;2026-08-14 11:15:00;Agente;Mensagem;Agente identificou intenção: Compra.;Compra;regiao_bairro
INT01155;LED0331;2026-08-16 10:30:00;Lead;Mensagem;Agente coletou preferências de região, orçamento e características.;Compra;urgencia
INT01156;LED0331;2026-08-18 11:45:00;Agente;Follow-up;Agente realizou follow-up para retomar a conversa.;Compra;intencao
INT01157;LED0331;2026-08-20 19:45:00;Lead;Follow-up;Agente confirmou próximos passos do atendimento.;Compra;retorno_esperado_pct
INT01158;LED0332;2026-07-16 11:15:00;Lead;Mensagem;Lead demonstrou interesse e iniciou conversa com o agente.;;perfil_investidor
INT01159;LED0332;2026-07-18 12:15:00;Agente;Mensagem;Agente identificou intenção: ainda não definida.;;regiao_bairro
INT01160;LED0333;2026-09-10 10:45:00;Lead;Mensagem;Lead respondeu anúncio e pediu atendimento.;Aluguel;perfil_investidor
INT01161;LED0333;2026-09-12 17:45:00;Agente;Mensagem;Agente identificou intenção: Aluguel.;Aluguel;intencao
INT01162;LED0333;2026-09-14 17:30:00;Lead;Mensagem;Agente coletou preferências de região, orçamento e características.;Aluguel;tipo_imovel_interesse
INT01163;LED0333;2026-09-16 14:00:00;Agente;Follow-up;Agente realizou follow-up para retomar a conversa.;Aluguel;regiao_bairro
INT01164;LED0333;2026-09-18 13:30:00;Lead;Follow-up;Agente confirmou próximos passos do atendimento.;Aluguel;regiao_bairro
INT01165;LED0334;2026-07-27 12:30:00;Lead;Mensagem;Lead respondeu anúncio e pediu atendimento.;Compra;
INT01166;LED0334;2026-07-29 17:15:00;Agente;Mensagem;Agente identificou intenção: Compra.;Compra;tipo_imovel_interesse
INT01167;LED0334;2026-07-31 14:45:00;Lead;Mensagem;Agente coletou preferências de região, orçamento e características.;Compra;perfil_investidor
INT01168;LED0334;2026-08-02 18:15:00;Agente;Follow-up;Agente realizou follow-up para retomar a conversa.;Compra;quartos
INT01169;LED0334;2026-08-04 11:45:00;Lead;Follow-up;Lead respondeu ao acompanhamento e atualizou preferências.;Compra;intencao
INT01170;LED0335;2026-09-19 15:15:00;Lead;Mensagem;Lead demonstrou interesse e iniciou conversa com o agente.;Aluguel;quartos
INT01171;LED0335;2026-09-21 16:45:00;Agente;Mensagem;Agente identificou intenção: Aluguel.;Aluguel;perfil_investidor
INT01172;LED0336;2026-07-12 10:15:00;Lead;Mensagem;Lead respondeu anúncio e pediu atendimento.;Compra;orcamento_ticket
INT01173;LED0336;2026-07-14 09:30:00;Agente;Mensagem;Agente identificou intenção: Compra.;Compra;quartos
INT01174;LED0337;2026-07-30 10:15:00;Lead;Mensagem;Lead respondeu anúncio e pediu atendimento.;Compra;urgencia
INT01175;LED0337;2026-08-01 10:30:00;Agente;Mensagem;Agente identificou intenção: Compra.;Compra;retorno_esperado_pct
INT01176;LED0337;2026-08-03 19:30:00;Lead;Mensagem;Agente coletou preferências de região, orçamento e características.;Compra;intencao
INT01177;LED0337;2026-08-05 11:00:00;Agente;Follow-up;Agente confirmou próximos passos do atendimento.;Compra;regiao_bairro
INT01178;LED0338;2026-07-25 15:15:00;Lead;Mensagem;Lead respondeu anúncio e pediu atendimento.;Aluguel;orcamento_ticket
INT01179;LED0338;2026-07-27 10:00:00;Agente;Mensagem;Agente identificou intenção: Aluguel.;Aluguel;tipo_imovel_interesse
INT01180;LED0338;2026-07-29 13:00:00;Lead;Mensagem;Agente coletou preferências de região, orçamento e características.;Aluguel;intencao
INT01181;LED0338;2026-07-31 11:45:00;Agente;Follow-up;Agente confirmou próximos passos do atendimento.;Aluguel;retorno_esperado_pct
INT01182;LED0338;2026-08-02 09:00:00;Lead;Follow-up;Agente confirmou próximos passos do atendimento.;Aluguel;urgencia
INT01183;LED0339;2026-09-01 17:15:00;Lead;Mensagem;Lead iniciou contato solicitando informações sobre imóveis.;Aluguel;intencao
INT01184;LED0339;2026-09-03 16:00:00;Agente;Mensagem;Agente identificou intenção: Aluguel.;Aluguel;retorno_esperado_pct
INT01185;LED0339;2026-09-05 13:15:00;Lead;Mensagem;Agente coletou preferências de região, orçamento e características.;Aluguel;quartos
INT01186;LED0339;2026-09-07 13:45:00;Agente;Follow-up;Agente realizou follow-up para retomar a conversa.;Aluguel;orcamento_ticket
INT01187;LED0340;2026-08-26 17:00:00;Lead;Mensagem;Lead demonstrou interesse e iniciou conversa com o agente.;Investimento;quartos
INT01188;LED0340;2026-08-28 19:30:00;Agente;Mensagem;Agente identificou intenção: Investimento.;Investimento;quartos
INT01189;LED0340;2026-08-30 12:00:00;Lead;Mensagem;Agente coletou preferências de região, orçamento e características.;Investimento;orcamento_ticket
INT01190;LED0340;2026-09-01 18:45:00;Agente;Follow-up;Lead respondeu ao acompanhamento e atualizou preferências.;Investimento;quartos
INT01191;LED0340;2026-09-03 14:00:00;Lead;Follow-up;Agente confirmou próximos passos do atendimento.;Investimento;intencao
INT01192;LED0341;2026-09-21 09:30:00;Lead;Mensagem;Lead demonstrou interesse e iniciou conversa com o agente.;Compra;urgencia
INT01193;LED0341;2026-09-23 19:00:00;Agente;Mensagem;Agente identificou intenção: Compra.;Compra;quartos
INT01194;LED0342;2026-08-26 17:45:00;Lead;Mensagem;Lead demonstrou interesse e iniciou conversa com o agente.;;regiao_bairro
INT01195;LED0342;2026-08-28 10:15:00;Agente;Mensagem;Agente identificou intenção: ainda não definida.;;urgencia
INT01196;LED0342;2026-08-30 11:00:00;Lead;Mensagem;Agente coletou preferências de região, orçamento e características.;;tipo_imovel_interesse
INT01197;LED0342;2026-09-01 13:15:00;Agente;Follow-up;Agente realizou follow-up para retomar a conversa.;;perfil_investidor
INT01198;LED0342;2026-09-03 10:30:00;Lead;Follow-up;Agente confirmou próximos passos do atendimento.;;retorno_esperado_pct
INT01199;LED0343;2026-09-24 13:45:00;Lead;Mensagem;Lead iniciou contato solicitando informações sobre imóveis.;Aluguel;tipo_imovel_interesse
INT01200;LED0343;2026-09-25 18:30:00;Agente;Mensagem;Agente identificou intenção: Aluguel.;Aluguel;retorno_esperado_pct
INT01201;LED0343;2026-09-25 19:00:00;Lead;Mensagem;Agente coletou preferências de região, orçamento e características.;Aluguel;tipo_imovel_interesse
INT01202;LED0343;2026-09-25 19:45:00;Agente;Follow-up;Agente realizou follow-up para retomar a conversa.;Aluguel;regiao_bairro
INT01203;LED0344;2026-08-24 17:30:00;Lead;Mensagem;Lead respondeu anúncio e pediu atendimento.;Aluguel;regiao_bairro
INT01204;LED0344;2026-08-26 13:45:00;Agente;Mensagem;Agente identificou intenção: Aluguel.;Aluguel;orcamento_ticket
INT01205;LED0344;2026-08-28 09:30:00;Lead;Mensagem;Agente coletou preferências de região, orçamento e características.;Aluguel;tipo_imovel_interesse
INT01206;LED0344;2026-08-30 16:00:00;Agente;Follow-up;Agente realizou follow-up para retomar a conversa.;Aluguel;intencao
INT01207;LED0345;2026-07-07 13:45:00;Lead;Mensagem;Lead respondeu anúncio e pediu atendimento.;;intencao
INT01208;LED0345;2026-07-09 09:00:00;Agente;Mensagem;Agente identificou intenção: ainda não definida.;;quartos
INT01209;LED0345;2026-07-11 09:15:00;Lead;Mensagem;Agente coletou preferências de região, orçamento e características.;;intencao
INT01210;LED0345;2026-07-13 14:45:00;Agente;Follow-up;Lead respondeu ao acompanhamento e atualizou preferências.;;perfil_investidor
INT01211;LED0346;2026-08-17 13:00:00;Lead;Mensagem;Lead respondeu anúncio e pediu atendimento.;Compra;quartos
INT01212;LED0346;2026-08-19 19:30:00;Agente;Mensagem;Agente identificou intenção: Compra.;Compra;tipo_imovel_interesse
INT01213;LED0346;2026-08-21 10:15:00;Lead;Mensagem;Agente coletou preferências de região, orçamento e características.;Compra;regiao_bairro
INT01214;LED0346;2026-08-23 11:15:00;Agente;Follow-up;Agente realizou follow-up para retomar a conversa.;Compra;quartos
INT01215;LED0346;2026-08-25 09:30:00;Lead;Follow-up;Agente realizou follow-up para retomar a conversa.;Compra;orcamento_ticket
INT01216;LED0347;2026-08-31 15:30:00;Lead;Mensagem;Lead demonstrou interesse e iniciou conversa com o agente.;Aluguel;tipo_imovel_interesse
INT01217;LED0347;2026-09-02 19:45:00;Agente;Mensagem;Agente identificou intenção: Aluguel.;Aluguel;intencao
INT01218;LED0347;2026-09-04 13:45:00;Lead;Mensagem;Agente coletou preferências de região, orçamento e características.;Aluguel;quartos
INT01219;LED0347;2026-09-06 12:00:00;Agente;Follow-up;Lead respondeu ao acompanhamento e atualizou preferências.;Aluguel;quartos
INT01220;LED0348;2026-08-28 19:00:00;Lead;Mensagem;Lead demonstrou interesse e iniciou conversa com o agente.;;
INT01221;LED0348;2026-08-30 16:30:00;Agente;Mensagem;Agente identificou intenção: ainda não definida.;;orcamento_ticket
INT01222;LED0348;2026-09-01 18:00:00;Lead;Mensagem;Agente coletou preferências de região, orçamento e características.;;regiao_bairro
INT01223;LED0349;2026-09-16 09:45:00;Lead;Mensagem;Lead iniciou contato solicitando informações sobre imóveis.;Compra;perfil_investidor
INT01224;LED0349;2026-09-18 09:45:00;Agente;Mensagem;Agente identificou intenção: Compra.;Compra;intencao
INT01225;LED0350;2026-07-26 12:00:00;Lead;Mensagem;Lead iniciou contato solicitando informações sobre imóveis.;Compra;orcamento_ticket
INT01226;LED0350;2026-07-28 17:15:00;Agente;Mensagem;Agente identificou intenção: Compra.;Compra;tipo_imovel_interesse
INT01227;LED0350;2026-07-30 18:30:00;Lead;Mensagem;Agente coletou preferências de região, orçamento e características.;Compra;orcamento_ticket
INT01228;LED0350;2026-08-01 19:15:00;Agente;Follow-up;Agente realizou follow-up para retomar a conversa.;Compra;orcamento_ticket
INT01229;LED0350;2026-08-03 10:30:00;Lead;Follow-up;Lead respondeu ao acompanhamento e atualizou preferências.;Compra;retorno_esperado_pct
INT01230;LED0351;2026-07-17 09:30:00;Lead;Mensagem;Lead demonstrou interesse e iniciou conversa com o agente.;Compra;tipo_imovel_interesse
INT01231;LED0351;2026-07-19 19:15:00;Agente;Mensagem;Agente identificou intenção: Compra.;Compra;tipo_imovel_interesse
INT01232;LED0351;2026-07-21 19:15:00;Lead;Mensagem;Agente coletou preferências de região, orçamento e características.;Compra;perfil_investidor
INT01233;LED0351;2026-07-23 17:45:00;Agente;Follow-up;Agente confirmou próximos passos do atendimento.;Compra;perfil_investidor
INT01234;LED0351;2026-07-25 14:00:00;Lead;Follow-up;Agente realizou follow-up para retomar a conversa.;Compra;
INT01235;LED0352;2026-08-17 10:15:00;Lead;Mensagem;Lead iniciou contato solicitando informações sobre imóveis.;Investimento;perfil_investidor
INT01236;LED0352;2026-08-19 15:15:00;Agente;Mensagem;Agente identificou intenção: Investimento.;Investimento;orcamento_ticket
INT01237;LED0352;2026-08-21 13:00:00;Lead;Mensagem;Agente coletou preferências de região, orçamento e características.;Investimento;retorno_esperado_pct
INT01238;LED0352;2026-08-23 15:45:00;Agente;Follow-up;Agente realizou follow-up para retomar a conversa.;Investimento;tipo_imovel_interesse
INT01239;LED0352;2026-08-25 14:15:00;Lead;Follow-up;Lead respondeu ao acompanhamento e atualizou preferências.;Investimento;quartos
INT01240;LED0353;2026-08-01 17:45:00;Lead;Mensagem;Lead respondeu anúncio e pediu atendimento.;Aluguel;urgencia
INT01241;LED0353;2026-08-03 11:30:00;Agente;Mensagem;Agente identificou intenção: Aluguel.;Aluguel;
INT01242;LED0353;2026-08-05 13:30:00;Lead;Mensagem;Agente coletou preferências de região, orçamento e características.;Aluguel;regiao_bairro
INT01243;LED0353;2026-08-07 14:45:00;Agente;Follow-up;Lead respondeu ao acompanhamento e atualizou preferências.;Aluguel;perfil_investidor
INT01244;LED0354;2026-09-07 15:30:00;Lead;Mensagem;Lead respondeu anúncio e pediu atendimento.;Aluguel;urgencia
INT01245;LED0354;2026-09-09 16:00:00;Agente;Mensagem;Agente identificou intenção: Aluguel.;Aluguel;orcamento_ticket
INT01246;LED0354;2026-09-11 14:15:00;Lead;Mensagem;Agente coletou preferências de região, orçamento e características.;Aluguel;regiao_bairro
INT01247;LED0354;2026-09-13 13:45:00;Agente;Follow-up;Agente realizou follow-up para retomar a conversa.;Aluguel;regiao_bairro
INT01248;LED0355;2026-08-30 13:15:00;Lead;Mensagem;Lead iniciou contato solicitando informações sobre imóveis.;Compra;regiao_bairro
INT01249;LED0355;2026-09-01 10:30:00;Agente;Mensagem;Agente identificou intenção: Compra.;Compra;
INT01250;LED0355;2026-09-03 14:15:00;Lead;Mensagem;Agente coletou preferências de região, orçamento e características.;Compra;retorno_esperado_pct
INT01251;LED0355;2026-09-05 13:00:00;Agente;Follow-up;Agente confirmou próximos passos do atendimento.;Compra;
INT01252;LED0355;2026-09-07 16:30:00;Lead;Follow-up;Agente confirmou próximos passos do atendimento.;Compra;quartos
INT01253;LED0356;2026-09-21 13:30:00;Lead;Mensagem;Lead iniciou contato solicitando informações sobre imóveis.;Aluguel;orcamento_ticket
INT01254;LED0356;2026-09-23 15:00:00;Agente;Mensagem;Agente identificou intenção: Aluguel.;Aluguel;retorno_esperado_pct
INT01255;LED0357;2026-08-04 15:00:00;Lead;Mensagem;Lead respondeu anúncio e pediu atendimento.;Compra;orcamento_ticket
INT01256;LED0357;2026-08-06 10:00:00;Agente;Mensagem;Agente identificou intenção: Compra.;Compra;tipo_imovel_interesse
INT01257;LED0357;2026-08-08 12:15:00;Lead;Mensagem;Agente coletou preferências de região, orçamento e características.;Compra;
INT01258;LED0357;2026-08-10 15:45:00;Agente;Follow-up;Lead respondeu ao acompanhamento e atualizou preferências.;Compra;retorno_esperado_pct
INT01259;LED0358;2026-09-06 18:00:00;Lead;Mensagem;Lead iniciou contato solicitando informações sobre imóveis.;Aluguel;urgencia
INT01260;LED0358;2026-09-08 15:00:00;Agente;Mensagem;Agente identificou intenção: Aluguel.;Aluguel;quartos
INT01261;LED0358;2026-09-10 10:00:00;Lead;Mensagem;Agente coletou preferências de região, orçamento e características.;Aluguel;retorno_esperado_pct
INT01262;LED0359;2026-09-12 16:15:00;Lead;Mensagem;Lead respondeu anúncio e pediu atendimento.;Compra;urgencia
INT01263;LED0359;2026-09-14 16:15:00;Agente;Mensagem;Agente identificou intenção: Compra.;Compra;regiao_bairro
INT01264;LED0359;2026-09-16 14:30:00;Lead;Mensagem;Agente coletou preferências de região, orçamento e características.;Compra;orcamento_ticket
INT01265;LED0359;2026-09-18 16:45:00;Agente;Follow-up;Lead respondeu ao acompanhamento e atualizou preferências.;Compra;urgencia
INT01266;LED0360;2026-08-06 18:15:00;Lead;Mensagem;Lead iniciou contato solicitando informações sobre imóveis.;Compra;tipo_imovel_interesse
INT01267;LED0360;2026-08-08 10:00:00;Agente;Mensagem;Agente identificou intenção: Compra.;Compra;
INT01268;LED0360;2026-08-10 17:00:00;Lead;Mensagem;Agente coletou preferências de região, orçamento e características.;Compra;quartos
INT01269;LED0361;2026-07-31 19:00:00;Lead;Mensagem;Lead respondeu anúncio e pediu atendimento.;Investimento;retorno_esperado_pct
INT01270;LED0361;2026-08-02 14:00:00;Agente;Mensagem;Agente identificou intenção: Investimento.;Investimento;tipo_imovel_interesse
INT01271;LED0362;2026-08-01 12:00:00;Lead;Mensagem;Lead respondeu anúncio e pediu atendimento.;;intencao
INT01272;LED0362;2026-08-03 17:30:00;Agente;Mensagem;Agente identificou intenção: ainda não definida.;;tipo_imovel_interesse
INT01273;LED0363;2026-07-30 17:15:00;Lead;Mensagem;Lead respondeu anúncio e pediu atendimento.;;urgencia
INT01274;LED0363;2026-08-01 16:45:00;Agente;Mensagem;Agente identificou intenção: ainda não definida.;;intencao
INT01275;LED0363;2026-08-03 15:30:00;Lead;Mensagem;Agente coletou preferências de região, orçamento e características.;;perfil_investidor
INT01276;LED0363;2026-08-05 19:00:00;Agente;Follow-up;Agente realizou follow-up para retomar a conversa.;;
INT01277;LED0363;2026-08-07 10:15:00;Lead;Follow-up;Lead respondeu ao acompanhamento e atualizou preferências.;;tipo_imovel_interesse
INT01278;LED0364;2026-08-14 16:15:00;Lead;Mensagem;Lead respondeu anúncio e pediu atendimento.;Compra;orcamento_ticket
INT01279;LED0364;2026-08-16 12:45:00;Agente;Mensagem;Agente identificou intenção: Compra.;Compra;tipo_imovel_interesse
INT01280;LED0365;2026-08-03 16:30:00;Lead;Mensagem;Lead iniciou contato solicitando informações sobre imóveis.;Compra;urgencia
INT01281;LED0365;2026-08-05 16:15:00;Agente;Mensagem;Agente identificou intenção: Compra.;Compra;retorno_esperado_pct
INT01282;LED0365;2026-08-07 17:30:00;Lead;Mensagem;Agente coletou preferências de região, orçamento e características.;Compra;quartos
INT01283;LED0365;2026-08-09 16:00:00;Agente;Follow-up;Agente confirmou próximos passos do atendimento.;Compra;perfil_investidor
INT01284;LED0365;2026-08-11 09:00:00;Lead;Follow-up;Lead respondeu ao acompanhamento e atualizou preferências.;Compra;regiao_bairro
INT01285;LED0366;2026-07-25 19:15:00;Lead;Mensagem;Lead demonstrou interesse e iniciou conversa com o agente.;Compra;perfil_investidor
INT01286;LED0366;2026-07-27 14:30:00;Agente;Mensagem;Agente identificou intenção: Compra.;Compra;urgencia
INT01287;LED0366;2026-07-29 09:00:00;Lead;Mensagem;Agente coletou preferências de região, orçamento e características.;Compra;regiao_bairro
INT01288;LED0366;2026-07-31 09:15:00;Agente;Follow-up;Lead respondeu ao acompanhamento e atualizou preferências.;Compra;perfil_investidor
INT01289;LED0367;2026-07-01 11:45:00;Lead;Mensagem;Lead iniciou contato solicitando informações sobre imóveis.;;
INT01290;LED0367;2026-07-03 12:00:00;Agente;Mensagem;Agente identificou intenção: ainda não definida.;;perfil_investidor
INT01291;LED0367;2026-07-05 09:00:00;Lead;Mensagem;Agente coletou preferências de região, orçamento e características.;;retorno_esperado_pct
INT01292;LED0367;2026-07-07 17:30:00;Agente;Follow-up;Agente confirmou próximos passos do atendimento.;;tipo_imovel_interesse
INT01293;LED0367;2026-07-09 15:45:00;Lead;Follow-up;Agente confirmou próximos passos do atendimento.;;tipo_imovel_interesse
INT01294;LED0368;2026-09-16 13:00:00;Lead;Mensagem;Lead iniciou contato solicitando informações sobre imóveis.;Compra;perfil_investidor
INT01295;LED0368;2026-09-18 11:15:00;Agente;Mensagem;Agente identificou intenção: Compra.;Compra;
INT01296;LED0368;2026-09-20 10:30:00;Lead;Mensagem;Agente coletou preferências de região, orçamento e características.;Compra;orcamento_ticket
INT01297;LED0369;2026-08-25 18:00:00;Lead;Mensagem;Lead respondeu anúncio e pediu atendimento.;Compra;regiao_bairro
INT01298;LED0369;2026-08-27 10:30:00;Agente;Mensagem;Agente identificou intenção: Compra.;Compra;quartos
INT01299;LED0370;2026-09-23 18:15:00;Lead;Mensagem;Lead respondeu anúncio e pediu atendimento.;Aluguel;
INT01300;LED0370;2026-09-25 18:15:00;Agente;Mensagem;Agente identificou intenção: Aluguel.;Aluguel;intencao
INT01301;LED0370;2026-09-25 19:00:00;Lead;Mensagem;Agente coletou preferências de região, orçamento e características.;Aluguel;intencao
INT01302;LED0370;2026-09-25 10:00:00;Agente;Follow-up;Agente realizou follow-up para retomar a conversa.;Aluguel;regiao_bairro
INT01303;LED0370;2026-09-25 12:30:00;Lead;Follow-up;Lead respondeu ao acompanhamento e atualizou preferências.;Aluguel;intencao
INT01304;LED0371;2026-08-26 19:45:00;Lead;Mensagem;Lead respondeu anúncio e pediu atendimento.;Compra;tipo_imovel_interesse
INT01305;LED0371;2026-08-28 16:45:00;Agente;Mensagem;Agente identificou intenção: Compra.;Compra;regiao_bairro
INT01306;LED0371;2026-08-30 11:30:00;Lead;Mensagem;Agente coletou preferências de região, orçamento e características.;Compra;perfil_investidor
INT01307;LED0371;2026-09-01 11:30:00;Agente;Follow-up;Agente confirmou próximos passos do atendimento.;Compra;regiao_bairro
INT01308;LED0371;2026-09-03 15:45:00;Lead;Follow-up;Agente confirmou próximos passos do atendimento.;Compra;
INT01309;LED0372;2026-07-13 15:30:00;Lead;Mensagem;Lead iniciou contato solicitando informações sobre imóveis.;Compra;tipo_imovel_interesse
INT01310;LED0372;2026-07-15 16:00:00;Agente;Mensagem;Agente identificou intenção: Compra.;Compra;intencao
INT01311;LED0373;2026-08-10 13:45:00;Lead;Mensagem;Lead respondeu anúncio e pediu atendimento.;Compra;quartos
INT01312;LED0373;2026-08-12 19:15:00;Agente;Mensagem;Agente identificou intenção: Compra.;Compra;regiao_bairro
INT01313;LED0373;2026-08-14 13:15:00;Lead;Mensagem;Agente coletou preferências de região, orçamento e características.;Compra;quartos
INT01314;LED0374;2026-07-28 12:00:00;Lead;Mensagem;Lead demonstrou interesse e iniciou conversa com o agente.;Compra;perfil_investidor
INT01315;LED0374;2026-07-30 14:30:00;Agente;Mensagem;Agente identificou intenção: Compra.;Compra;intencao
INT01316;LED0374;2026-08-01 11:30:00;Lead;Mensagem;Agente coletou preferências de região, orçamento e características.;Compra;perfil_investidor
INT01317;LED0374;2026-08-03 14:30:00;Agente;Follow-up;Agente confirmou próximos passos do atendimento.;Compra;orcamento_ticket
INT01318;LED0374;2026-08-05 11:45:00;Lead;Follow-up;Lead respondeu ao acompanhamento e atualizou preferências.;Compra;tipo_imovel_interesse
INT01319;LED0375;2026-08-07 19:45:00;Lead;Mensagem;Lead iniciou contato solicitando informações sobre imóveis.;Compra;orcamento_ticket
INT01320;LED0375;2026-08-09 09:30:00;Agente;Mensagem;Agente identificou intenção: Compra.;Compra;tipo_imovel_interesse
INT01321;LED0375;2026-08-11 19:15:00;Lead;Mensagem;Agente coletou preferências de região, orçamento e características.;Compra;regiao_bairro
INT01322;LED0375;2026-08-13 19:30:00;Agente;Follow-up;Agente confirmou próximos passos do atendimento.;Compra;quartos
INT01323;LED0376;2026-09-20 16:30:00;Lead;Mensagem;Lead iniciou contato solicitando informações sobre imóveis.;Aluguel;perfil_investidor
INT01324;LED0376;2026-09-22 10:15:00;Agente;Mensagem;Agente identificou intenção: Aluguel.;Aluguel;retorno_esperado_pct
INT01325;LED0376;2026-09-24 13:45:00;Lead;Mensagem;Agente coletou preferências de região, orçamento e características.;Aluguel;quartos
INT01326;LED0376;2026-09-25 09:30:00;Agente;Follow-up;Agente realizou follow-up para retomar a conversa.;Aluguel;urgencia
INT01327;LED0376;2026-09-25 14:00:00;Lead;Follow-up;Lead respondeu ao acompanhamento e atualizou preferências.;Aluguel;tipo_imovel_interesse
INT01328;LED0377;2026-09-23 14:15:00;Lead;Mensagem;Lead demonstrou interesse e iniciou conversa com o agente.;Aluguel;
INT01329;LED0377;2026-09-25 09:15:00;Agente;Mensagem;Agente identificou intenção: Aluguel.;Aluguel;orcamento_ticket
INT01330;LED0377;2026-09-25 11:15:00;Lead;Mensagem;Agente coletou preferências de região, orçamento e características.;Aluguel;regiao_bairro
INT01331;LED0377;2026-09-25 19:30:00;Agente;Follow-up;Agente realizou follow-up para retomar a conversa.;Aluguel;orcamento_ticket
INT01332;LED0377;2026-09-25 14:30:00;Lead;Follow-up;Lead respondeu ao acompanhamento e atualizou preferências.;Aluguel;orcamento_ticket
INT01333;LED0378;2026-07-11 15:30:00;Lead;Mensagem;Lead respondeu anúncio e pediu atendimento.;Compra;regiao_bairro
INT01334;LED0378;2026-07-13 12:15:00;Agente;Mensagem;Agente identificou intenção: Compra.;Compra;tipo_imovel_interesse
INT01335;LED0378;2026-07-15 15:45:00;Lead;Mensagem;Agente coletou preferências de região, orçamento e características.;Compra;
INT01336;LED0379;2026-08-24 16:45:00;Lead;Mensagem;Lead respondeu anúncio e pediu atendimento.;Aluguel;
INT01337;LED0379;2026-08-26 10:45:00;Agente;Mensagem;Agente identificou intenção: Aluguel.;Aluguel;intencao
INT01338;LED0379;2026-08-28 18:00:00;Lead;Mensagem;Agente coletou preferências de região, orçamento e características.;Aluguel;
INT01339;LED0379;2026-08-30 10:00:00;Agente;Follow-up;Agente confirmou próximos passos do atendimento.;Aluguel;orcamento_ticket
INT01340;LED0379;2026-09-01 15:15:00;Lead;Follow-up;Agente confirmou próximos passos do atendimento.;Aluguel;regiao_bairro
INT01341;LED0380;2026-07-28 18:45:00;Lead;Mensagem;Lead iniciou contato solicitando informações sobre imóveis.;Aluguel;regiao_bairro
INT01342;LED0380;2026-07-30 15:45:00;Agente;Mensagem;Agente identificou intenção: Aluguel.;Aluguel;retorno_esperado_pct
INT01343;LED0381;2026-07-24 12:45:00;Lead;Mensagem;Lead iniciou contato solicitando informações sobre imóveis.;Compra;regiao_bairro
INT01344;LED0381;2026-07-26 09:30:00;Agente;Mensagem;Agente identificou intenção: Compra.;Compra;orcamento_ticket
INT01345;LED0381;2026-07-28 14:30:00;Lead;Mensagem;Agente coletou preferências de região, orçamento e características.;Compra;quartos
INT01346;LED0382;2026-09-09 13:15:00;Lead;Mensagem;Lead demonstrou interesse e iniciou conversa com o agente.;Compra;retorno_esperado_pct
INT01347;LED0382;2026-09-11 17:30:00;Agente;Mensagem;Agente identificou intenção: Compra.;Compra;
INT01348;LED0382;2026-09-13 18:30:00;Lead;Mensagem;Agente coletou preferências de região, orçamento e características.;Compra;urgencia
INT01349;LED0382;2026-09-15 18:30:00;Agente;Follow-up;Agente confirmou próximos passos do atendimento.;Compra;perfil_investidor
INT01350;LED0382;2026-09-17 10:30:00;Lead;Follow-up;Lead respondeu ao acompanhamento e atualizou preferências.;Compra;quartos
INT01351;LED0383;2026-09-15 19:30:00;Lead;Mensagem;Lead respondeu anúncio e pediu atendimento.;Compra;urgencia
INT01352;LED0383;2026-09-17 14:30:00;Agente;Mensagem;Agente identificou intenção: Compra.;Compra;
INT01353;LED0383;2026-09-19 19:45:00;Lead;Mensagem;Agente coletou preferências de região, orçamento e características.;Compra;regiao_bairro
INT01354;LED0384;2026-07-26 14:45:00;Lead;Mensagem;Lead demonstrou interesse e iniciou conversa com o agente.;Aluguel;urgencia
INT01355;LED0384;2026-07-28 18:45:00;Agente;Mensagem;Agente identificou intenção: Aluguel.;Aluguel;tipo_imovel_interesse
INT01356;LED0384;2026-07-30 13:00:00;Lead;Mensagem;Agente coletou preferências de região, orçamento e características.;Aluguel;regiao_bairro
INT01357;LED0385;2026-07-21 15:00:00;Lead;Mensagem;Lead demonstrou interesse e iniciou conversa com o agente.;Investimento;retorno_esperado_pct
INT01358;LED0385;2026-07-23 16:15:00;Agente;Mensagem;Agente identificou intenção: Investimento.;Investimento;orcamento_ticket
INT01359;LED0385;2026-07-25 12:00:00;Lead;Mensagem;Agente coletou preferências de região, orçamento e características.;Investimento;regiao_bairro
INT01360;LED0385;2026-07-27 18:00:00;Agente;Follow-up;Agente realizou follow-up para retomar a conversa.;Investimento;urgencia
INT01361;LED0386;2026-07-13 17:30:00;Lead;Mensagem;Lead respondeu anúncio e pediu atendimento.;Investimento;orcamento_ticket
INT01362;LED0386;2026-07-15 14:00:00;Agente;Mensagem;Agente identificou intenção: Investimento.;Investimento;intencao
INT01363;LED0386;2026-07-17 10:15:00;Lead;Mensagem;Agente coletou preferências de região, orçamento e características.;Investimento;tipo_imovel_interesse
INT01364;LED0387;2026-08-04 15:15:00;Lead;Mensagem;Lead demonstrou interesse e iniciou conversa com o agente.;Compra;urgencia
INT01365;LED0387;2026-08-06 18:30:00;Agente;Mensagem;Agente identificou intenção: Compra.;Compra;orcamento_ticket
INT01366;LED0387;2026-08-08 19:30:00;Lead;Mensagem;Agente coletou preferências de região, orçamento e características.;Compra;tipo_imovel_interesse
INT01367;LED0388;2026-08-30 17:30:00;Lead;Mensagem;Lead demonstrou interesse e iniciou conversa com o agente.;Aluguel;
INT01368;LED0388;2026-09-01 09:45:00;Agente;Mensagem;Agente identificou intenção: Aluguel.;Aluguel;regiao_bairro
INT01369;LED0388;2026-09-03 13:15:00;Lead;Mensagem;Agente coletou preferências de região, orçamento e características.;Aluguel;tipo_imovel_interesse
INT01370;LED0388;2026-09-05 15:00:00;Agente;Follow-up;Lead respondeu ao acompanhamento e atualizou preferências.;Aluguel;
INT01371;LED0388;2026-09-07 15:30:00;Lead;Follow-up;Agente confirmou próximos passos do atendimento.;Aluguel;
INT01372;LED0389;2026-09-06 13:00:00;Lead;Mensagem;Lead respondeu anúncio e pediu atendimento.;Aluguel;orcamento_ticket
INT01373;LED0389;2026-09-08 11:15:00;Agente;Mensagem;Agente identificou intenção: Aluguel.;Aluguel;perfil_investidor
INT01374;LED0390;2026-09-09 13:00:00;Lead;Mensagem;Lead iniciou contato solicitando informações sobre imóveis.;Compra;retorno_esperado_pct
INT01375;LED0390;2026-09-11 12:15:00;Agente;Mensagem;Agente identificou intenção: Compra.;Compra;intencao
INT01376;LED0390;2026-09-13 13:45:00;Lead;Mensagem;Agente coletou preferências de região, orçamento e características.;Compra;intencao
INT01377;LED0390;2026-09-15 12:30:00;Agente;Follow-up;Agente confirmou próximos passos do atendimento.;Compra;orcamento_ticket
INT01378;LED0390;2026-09-17 15:30:00;Lead;Follow-up;Agente realizou follow-up para retomar a conversa.;Compra;tipo_imovel_interesse
INT01379;LED0391;2026-09-12 09:45:00;Lead;Mensagem;Lead respondeu anúncio e pediu atendimento.;Compra;perfil_investidor
INT01380;LED0391;2026-09-14 13:00:00;Agente;Mensagem;Agente identificou intenção: Compra.;Compra;tipo_imovel_interesse
INT01381;LED0392;2026-07-31 15:45:00;Lead;Mensagem;Lead iniciou contato solicitando informações sobre imóveis.;Compra;orcamento_ticket
INT01382;LED0392;2026-08-02 16:00:00;Agente;Mensagem;Agente identificou intenção: Compra.;Compra;tipo_imovel_interesse
INT01383;LED0393;2026-08-26 19:30:00;Lead;Mensagem;Lead respondeu anúncio e pediu atendimento.;Compra;intencao
INT01384;LED0393;2026-08-28 11:00:00;Agente;Mensagem;Agente identificou intenção: Compra.;Compra;orcamento_ticket
INT01385;LED0393;2026-08-30 15:45:00;Lead;Mensagem;Agente coletou preferências de região, orçamento e características.;Compra;
INT01386;LED0393;2026-09-01 15:00:00;Agente;Follow-up;Lead respondeu ao acompanhamento e atualizou preferências.;Compra;retorno_esperado_pct
INT01387;LED0393;2026-09-03 16:30:00;Lead;Follow-up;Lead respondeu ao acompanhamento e atualizou preferências.;Compra;retorno_esperado_pct
INT01388;LED0394;2026-08-19 11:30:00;Lead;Mensagem;Lead iniciou contato solicitando informações sobre imóveis.;Compra;quartos
INT01389;LED0394;2026-08-21 10:45:00;Agente;Mensagem;Agente identificou intenção: Compra.;Compra;retorno_esperado_pct
INT01390;LED0394;2026-08-23 11:15:00;Lead;Mensagem;Agente coletou preferências de região, orçamento e características.;Compra;orcamento_ticket
INT01391;LED0394;2026-08-25 09:00:00;Agente;Follow-up;Agente realizou follow-up para retomar a conversa.;Compra;urgencia
INT01392;LED0394;2026-08-27 09:30:00;Lead;Follow-up;Agente realizou follow-up para retomar a conversa.;Compra;urgencia
INT01393;LED0395;2026-08-25 15:00:00;Lead;Mensagem;Lead demonstrou interesse e iniciou conversa com o agente.;Aluguel;retorno_esperado_pct
INT01394;LED0395;2026-08-27 14:15:00;Agente;Mensagem;Agente identificou intenção: Aluguel.;Aluguel;retorno_esperado_pct
INT01395;LED0395;2026-08-29 13:15:00;Lead;Mensagem;Agente coletou preferências de região, orçamento e características.;Aluguel;retorno_esperado_pct
INT01396;LED0395;2026-08-31 12:45:00;Agente;Follow-up;Agente realizou follow-up para retomar a conversa.;Aluguel;retorno_esperado_pct
INT01397;LED0396;2026-07-19 15:15:00;Lead;Mensagem;Lead iniciou contato solicitando informações sobre imóveis.;Compra;intencao
INT01398;LED0396;2026-07-21 15:30:00;Agente;Mensagem;Agente identificou intenção: Compra.;Compra;tipo_imovel_interesse
INT01399;LED0397;2026-07-23 18:15:00;Lead;Mensagem;Lead demonstrou interesse e iniciou conversa com o agente.;Compra;regiao_bairro
INT01400;LED0397;2026-07-25 10:30:00;Agente;Mensagem;Agente identificou intenção: Compra.;Compra;orcamento_ticket
INT01401;LED0397;2026-07-27 17:15:00;Lead;Mensagem;Agente coletou preferências de região, orçamento e características.;Compra;
INT01402;LED0397;2026-07-29 19:30:00;Agente;Follow-up;Lead respondeu ao acompanhamento e atualizou preferências.;Compra;orcamento_ticket
INT01403;LED0398;2026-07-19 13:45:00;Lead;Mensagem;Lead demonstrou interesse e iniciou conversa com o agente.;Investimento;retorno_esperado_pct
INT01404;LED0398;2026-07-21 11:30:00;Agente;Mensagem;Agente identificou intenção: Investimento.;Investimento;perfil_investidor
INT01405;LED0398;2026-07-23 09:45:00;Lead;Mensagem;Agente coletou preferências de região, orçamento e características.;Investimento;perfil_investidor
INT01406;LED0399;2026-08-21 11:15:00;Lead;Mensagem;Lead demonstrou interesse e iniciou conversa com o agente.;Compra;tipo_imovel_interesse
INT01407;LED0399;2026-08-23 18:30:00;Agente;Mensagem;Agente identificou intenção: Compra.;Compra;quartos
INT01408;LED0399;2026-08-25 19:00:00;Lead;Mensagem;Agente coletou preferências de região, orçamento e características.;Compra;regiao_bairro
INT01409;LED0400;2026-08-25 18:15:00;Lead;Mensagem;Lead demonstrou interesse e iniciou conversa com o agente.;Investimento;
INT01410;LED0400;2026-08-27 12:45:00;Agente;Mensagem;Agente identificou intenção: Investimento.;Investimento;intencao
INT01411;LED0400;2026-08-29 11:30:00;Lead;Mensagem;Agente coletou preferências de região, orçamento e características.;Investimento;tipo_imovel_interesse
INT01412;LED0400;2026-08-31 11:00:00;Agente;Follow-up;Lead respondeu ao acompanhamento e atualizou preferências.;Investimento;orcamento_ticket
INT01413;LED0401;2026-07-15 13:45:00;Lead;Mensagem;Lead demonstrou interesse e iniciou conversa com o agente.;Investimento;quartos
INT01414;LED0401;2026-07-17 11:15:00;Agente;Mensagem;Agente identificou intenção: Investimento.;Investimento;perfil_investidor
INT01415;LED0401;2026-07-19 10:30:00;Lead;Mensagem;Agente coletou preferências de região, orçamento e características.;Investimento;intencao
INT01416;LED0401;2026-07-21 19:30:00;Agente;Follow-up;Agente confirmou próximos passos do atendimento.;Investimento;regiao_bairro
INT01417;LED0402;2026-08-05 13:45:00;Lead;Mensagem;Lead demonstrou interesse e iniciou conversa com o agente.;Investimento;retorno_esperado_pct
INT01418;LED0402;2026-08-07 13:45:00;Agente;Mensagem;Agente identificou intenção: Investimento.;Investimento;perfil_investidor
INT01419;LED0403;2026-07-12 09:30:00;Lead;Mensagem;Lead respondeu anúncio e pediu atendimento.;Compra;orcamento_ticket
INT01420;LED0403;2026-07-14 12:15:00;Agente;Mensagem;Agente identificou intenção: Compra.;Compra;quartos
INT01421;LED0404;2026-09-09 11:00:00;Lead;Mensagem;Lead demonstrou interesse e iniciou conversa com o agente.;Compra;
INT01422;LED0404;2026-09-11 18:00:00;Agente;Mensagem;Agente identificou intenção: Compra.;Compra;regiao_bairro
INT01423;LED0405;2026-07-05 13:30:00;Lead;Mensagem;Lead demonstrou interesse e iniciou conversa com o agente.;Investimento;
INT01424;LED0405;2026-07-07 09:45:00;Agente;Mensagem;Agente identificou intenção: Investimento.;Investimento;
INT01425;LED0405;2026-07-09 19:30:00;Lead;Mensagem;Agente coletou preferências de região, orçamento e características.;Investimento;urgencia
INT01426;LED0406;2026-08-09 19:45:00;Lead;Mensagem;Lead iniciou contato solicitando informações sobre imóveis.;Aluguel;perfil_investidor
INT01427;LED0406;2026-08-11 14:15:00;Agente;Mensagem;Agente identificou intenção: Aluguel.;Aluguel;regiao_bairro
INT01428;LED0406;2026-08-13 13:00:00;Lead;Mensagem;Agente coletou preferências de região, orçamento e características.;Aluguel;tipo_imovel_interesse
INT01429;LED0406;2026-08-15 16:30:00;Agente;Follow-up;Lead respondeu ao acompanhamento e atualizou preferências.;Aluguel;quartos
INT01430;LED0406;2026-08-17 13:00:00;Lead;Follow-up;Agente confirmou próximos passos do atendimento.;Aluguel;retorno_esperado_pct
INT01431;LED0407;2026-08-06 18:45:00;Lead;Mensagem;Lead respondeu anúncio e pediu atendimento.;Compra;urgencia
INT01432;LED0407;2026-08-08 16:00:00;Agente;Mensagem;Agente identificou intenção: Compra.;Compra;regiao_bairro
INT01433;LED0408;2026-08-19 15:30:00;Lead;Mensagem;Lead demonstrou interesse e iniciou conversa com o agente.;Compra;orcamento_ticket
INT01434;LED0408;2026-08-21 15:45:00;Agente;Mensagem;Agente identificou intenção: Compra.;Compra;orcamento_ticket
INT01435;LED0408;2026-08-23 09:45:00;Lead;Mensagem;Agente coletou preferências de região, orçamento e características.;Compra;retorno_esperado_pct
INT01436;LED0408;2026-08-25 10:15:00;Agente;Follow-up;Lead respondeu ao acompanhamento e atualizou preferências.;Compra;retorno_esperado_pct
INT01437;LED0409;2026-08-27 13:15:00;Lead;Mensagem;Lead respondeu anúncio e pediu atendimento.;Investimento;urgencia
INT01438;LED0409;2026-08-29 10:30:00;Agente;Mensagem;Agente identificou intenção: Investimento.;Investimento;quartos
INT01439;LED0409;2026-08-31 10:15:00;Lead;Mensagem;Agente coletou preferências de região, orçamento e características.;Investimento;perfil_investidor
INT01440;LED0410;2026-08-01 11:00:00;Lead;Mensagem;Lead iniciou contato solicitando informações sobre imóveis.;Compra;perfil_investidor
INT01441;LED0410;2026-08-03 10:15:00;Agente;Mensagem;Agente identificou intenção: Compra.;Compra;urgencia
INT01442;LED0411;2026-07-15 09:15:00;Lead;Mensagem;Lead iniciou contato solicitando informações sobre imóveis.;Compra;urgencia
INT01443;LED0411;2026-07-17 14:00:00;Agente;Mensagem;Agente identificou intenção: Compra.;Compra;intencao
INT01444;LED0411;2026-07-19 17:00:00;Lead;Mensagem;Agente coletou preferências de região, orçamento e características.;Compra;
INT01445;LED0411;2026-07-21 19:15:00;Agente;Follow-up;Agente confirmou próximos passos do atendimento.;Compra;orcamento_ticket
INT01446;LED0411;2026-07-23 13:00:00;Lead;Follow-up;Agente realizou follow-up para retomar a conversa.;Compra;quartos
INT01447;LED0412;2026-09-20 17:45:00;Lead;Mensagem;Lead iniciou contato solicitando informações sobre imóveis.;Compra;urgencia
INT01448;LED0412;2026-09-22 13:45:00;Agente;Mensagem;Agente identificou intenção: Compra.;Compra;
INT01449;LED0412;2026-09-24 10:00:00;Lead;Mensagem;Agente coletou preferências de região, orçamento e características.;Compra;retorno_esperado_pct
INT01450;LED0412;2026-09-25 11:30:00;Agente;Follow-up;Agente realizou follow-up para retomar a conversa.;Compra;intencao
INT01451;LED0412;2026-09-25 16:15:00;Lead;Follow-up;Agente confirmou próximos passos do atendimento.;Compra;retorno_esperado_pct
INT01452;LED0413;2026-08-02 16:15:00;Lead;Mensagem;Lead respondeu anúncio e pediu atendimento.;Compra;perfil_investidor
INT01453;LED0413;2026-08-04 09:45:00;Agente;Mensagem;Agente identificou intenção: Compra.;Compra;tipo_imovel_interesse
INT01454;LED0413;2026-08-06 12:15:00;Lead;Mensagem;Agente coletou preferências de região, orçamento e características.;Compra;
INT01455;LED0413;2026-08-08 16:45:00;Agente;Follow-up;Lead respondeu ao acompanhamento e atualizou preferências.;Compra;urgencia
INT01456;LED0413;2026-08-10 13:45:00;Lead;Follow-up;Agente realizou follow-up para retomar a conversa.;Compra;retorno_esperado_pct
INT01457;LED0414;2026-08-04 15:30:00;Lead;Mensagem;Lead demonstrou interesse e iniciou conversa com o agente.;Investimento;tipo_imovel_interesse
INT01458;LED0414;2026-08-06 18:15:00;Agente;Mensagem;Agente identificou intenção: Investimento.;Investimento;retorno_esperado_pct
INT01459;LED0415;2026-07-02 12:00:00;Lead;Mensagem;Lead respondeu anúncio e pediu atendimento.;Compra;tipo_imovel_interesse
INT01460;LED0415;2026-07-04 19:45:00;Agente;Mensagem;Agente identificou intenção: Compra.;Compra;intencao
INT01461;LED0416;2026-09-06 15:00:00;Lead;Mensagem;Lead demonstrou interesse e iniciou conversa com o agente.;Investimento;quartos
INT01462;LED0416;2026-09-08 15:00:00;Agente;Mensagem;Agente identificou intenção: Investimento.;Investimento;tipo_imovel_interesse
INT01463;LED0416;2026-09-10 19:15:00;Lead;Mensagem;Agente coletou preferências de região, orçamento e características.;Investimento;urgencia
INT01464;LED0417;2026-07-10 18:30:00;Lead;Mensagem;Lead demonstrou interesse e iniciou conversa com o agente.;Compra;retorno_esperado_pct
INT01465;LED0417;2026-07-12 10:45:00;Agente;Mensagem;Agente identificou intenção: Compra.;Compra;intencao
INT01466;LED0417;2026-07-14 10:45:00;Lead;Mensagem;Agente coletou preferências de região, orçamento e características.;Compra;tipo_imovel_interesse
INT01467;LED0417;2026-07-16 19:30:00;Agente;Follow-up;Agente realizou follow-up para retomar a conversa.;Compra;quartos
INT01468;LED0418;2026-07-17 18:00:00;Lead;Mensagem;Lead demonstrou interesse e iniciou conversa com o agente.;Compra;
INT01469;LED0418;2026-07-19 09:45:00;Agente;Mensagem;Agente identificou intenção: Compra.;Compra;perfil_investidor
INT01470;LED0418;2026-07-21 14:15:00;Lead;Mensagem;Agente coletou preferências de região, orçamento e características.;Compra;urgencia
INT01471;LED0418;2026-07-23 16:45:00;Agente;Follow-up;Lead respondeu ao acompanhamento e atualizou preferências.;Compra;urgencia
INT01472;LED0419;2026-07-05 15:15:00;Lead;Mensagem;Lead demonstrou interesse e iniciou conversa com o agente.;Compra;urgencia
INT01473;LED0419;2026-07-07 12:15:00;Agente;Mensagem;Agente identificou intenção: Compra.;Compra;retorno_esperado_pct
INT01474;LED0419;2026-07-09 14:45:00;Lead;Mensagem;Agente coletou preferências de região, orçamento e características.;Compra;orcamento_ticket
INT01475;LED0420;2026-09-06 13:45:00;Lead;Mensagem;Lead demonstrou interesse e iniciou conversa com o agente.;Investimento;tipo_imovel_interesse
INT01476;LED0420;2026-09-08 14:45:00;Agente;Mensagem;Agente identificou intenção: Investimento.;Investimento;intencao
INT01477;LED0420;2026-09-10 19:15:00;Lead;Mensagem;Agente coletou preferências de região, orçamento e características.;Investimento;quartos
INT01478;LED0420;2026-09-12 11:00:00;Agente;Follow-up;Agente realizou follow-up para retomar a conversa.;Investimento;orcamento_ticket
INT01479;LED0420;2026-09-14 16:00:00;Lead;Follow-up;Lead respondeu ao acompanhamento e atualizou preferências.;Investimento;orcamento_ticket
INT01480;LED0421;2026-09-24 10:00:00;Lead;Mensagem;Lead demonstrou interesse e iniciou conversa com o agente.;Investimento;tipo_imovel_interesse
INT01481;LED0421;2026-09-25 16:00:00;Agente;Mensagem;Agente identificou intenção: Investimento.;Investimento;
INT01482;LED0421;2026-09-25 18:00:00;Lead;Mensagem;Agente coletou preferências de região, orçamento e características.;Investimento;regiao_bairro
INT01483;LED0421;2026-09-25 16:45:00;Agente;Follow-up;Lead respondeu ao acompanhamento e atualizou preferências.;Investimento;
INT01484;LED0421;2026-09-25 10:15:00;Lead;Follow-up;Agente realizou follow-up para retomar a conversa.;Investimento;intencao
INT01485;LED0422;2026-08-02 09:45:00;Lead;Mensagem;Lead iniciou contato solicitando informações sobre imóveis.;Compra;orcamento_ticket
INT01486;LED0422;2026-08-04 12:00:00;Agente;Mensagem;Agente identificou intenção: Compra.;Compra;
INT01487;LED0422;2026-08-06 12:15:00;Lead;Mensagem;Agente coletou preferências de região, orçamento e características.;Compra;intencao
INT01488;LED0423;2026-09-02 09:45:00;Lead;Mensagem;Lead demonstrou interesse e iniciou conversa com o agente.;Investimento;urgencia
INT01489;LED0423;2026-09-04 09:30:00;Agente;Mensagem;Agente identificou intenção: Investimento.;Investimento;retorno_esperado_pct
INT01490;LED0423;2026-09-06 10:00:00;Lead;Mensagem;Agente coletou preferências de região, orçamento e características.;Investimento;orcamento_ticket
INT01491;LED0423;2026-09-08 19:00:00;Agente;Follow-up;Agente realizou follow-up para retomar a conversa.;Investimento;intencao
INT01492;LED0423;2026-09-10 10:15:00;Lead;Follow-up;Lead respondeu ao acompanhamento e atualizou preferências.;Investimento;urgencia
INT01493;LED0424;2026-09-05 15:15:00;Lead;Mensagem;Lead demonstrou interesse e iniciou conversa com o agente.;Aluguel;perfil_investidor
INT01494;LED0424;2026-09-07 14:00:00;Agente;Mensagem;Agente identificou intenção: Aluguel.;Aluguel;perfil_investidor
INT01495;LED0424;2026-09-09 10:45:00;Lead;Mensagem;Agente coletou preferências de região, orçamento e características.;Aluguel;tipo_imovel_interesse
INT01496;LED0425;2026-07-22 19:30:00;Lead;Mensagem;Lead demonstrou interesse e iniciou conversa com o agente.;;
INT01497;LED0425;2026-07-24 17:45:00;Agente;Mensagem;Agente identificou intenção: ainda não definida.;;intencao
INT01498;LED0425;2026-07-26 15:00:00;Lead;Mensagem;Agente coletou preferências de região, orçamento e características.;;tipo_imovel_interesse
INT01499;LED0426;2026-09-22 09:30:00;Lead;Mensagem;Lead respondeu anúncio e pediu atendimento.;Investimento;
INT01500;LED0426;2026-09-24 17:00:00;Agente;Mensagem;Agente identificou intenção: Investimento.;Investimento;tipo_imovel_interesse
INT01501;LED0426;2026-09-25 14:15:00;Lead;Mensagem;Agente coletou preferências de região, orçamento e características.;Investimento;
INT01502;LED0427;2026-09-01 18:15:00;Lead;Mensagem;Lead respondeu anúncio e pediu atendimento.;Investimento;quartos
INT01503;LED0427;2026-09-03 13:30:00;Agente;Mensagem;Agente identificou intenção: Investimento.;Investimento;perfil_investidor
INT01504;LED0427;2026-09-05 09:45:00;Lead;Mensagem;Agente coletou preferências de região, orçamento e características.;Investimento;tipo_imovel_interesse
INT01505;LED0427;2026-09-07 11:15:00;Agente;Follow-up;Agente confirmou próximos passos do atendimento.;Investimento;intencao
INT01506;LED0428;2026-07-11 09:30:00;Lead;Mensagem;Lead demonstrou interesse e iniciou conversa com o agente.;Compra;intencao
INT01507;LED0428;2026-07-13 11:00:00;Agente;Mensagem;Agente identificou intenção: Compra.;Compra;regiao_bairro
INT01508;LED0429;2026-08-28 09:30:00;Lead;Mensagem;Lead respondeu anúncio e pediu atendimento.;Compra;perfil_investidor
INT01509;LED0429;2026-08-30 18:45:00;Agente;Mensagem;Agente identificou intenção: Compra.;Compra;
INT01510;LED0430;2026-07-12 17:45:00;Lead;Mensagem;Lead respondeu anúncio e pediu atendimento.;Compra;quartos
INT01511;LED0430;2026-07-14 16:15:00;Agente;Mensagem;Agente identificou intenção: Compra.;Compra;perfil_investidor
INT01512;LED0430;2026-07-16 17:30:00;Lead;Mensagem;Agente coletou preferências de região, orçamento e características.;Compra;retorno_esperado_pct
INT01513;LED0430;2026-07-18 16:30:00;Agente;Follow-up;Lead respondeu ao acompanhamento e atualizou preferências.;Compra;regiao_bairro
INT01514;LED0430;2026-07-20 15:00:00;Lead;Follow-up;Lead respondeu ao acompanhamento e atualizou preferências.;Compra;regiao_bairro
INT01515;LED0431;2026-08-03 12:30:00;Lead;Mensagem;Lead demonstrou interesse e iniciou conversa com o agente.;Compra;intencao
INT01516;LED0431;2026-08-05 14:00:00;Agente;Mensagem;Agente identificou intenção: Compra.;Compra;
INT01517;LED0432;2026-07-31 18:45:00;Lead;Mensagem;Lead respondeu anúncio e pediu atendimento.;Investimento;urgencia
INT01518;LED0432;2026-08-02 10:15:00;Agente;Mensagem;Agente identificou intenção: Investimento.;Investimento;retorno_esperado_pct
INT01519;LED0432;2026-08-04 11:30:00;Lead;Mensagem;Agente coletou preferências de região, orçamento e características.;Investimento;
INT01520;LED0433;2026-07-11 18:00:00;Lead;Mensagem;Lead demonstrou interesse e iniciou conversa com o agente.;Compra;
INT01521;LED0433;2026-07-13 11:30:00;Agente;Mensagem;Agente identificou intenção: Compra.;Compra;intencao
INT01522;LED0434;2026-08-08 09:30:00;Lead;Mensagem;Lead respondeu anúncio e pediu atendimento.;Compra;
INT01523;LED0434;2026-08-10 11:45:00;Agente;Mensagem;Agente identificou intenção: Compra.;Compra;intencao
INT01524;LED0434;2026-08-12 19:45:00;Lead;Mensagem;Agente coletou preferências de região, orçamento e características.;Compra;perfil_investidor
INT01525;LED0434;2026-08-14 14:30:00;Agente;Follow-up;Lead respondeu ao acompanhamento e atualizou preferências.;Compra;
INT01526;LED0435;2026-07-25 11:00:00;Lead;Mensagem;Lead demonstrou interesse e iniciou conversa com o agente.;;tipo_imovel_interesse
INT01527;LED0435;2026-07-27 10:15:00;Agente;Mensagem;Agente identificou intenção: ainda não definida.;;intencao
INT01528;LED0435;2026-07-29 16:30:00;Lead;Mensagem;Agente coletou preferências de região, orçamento e características.;;quartos
INT01529;LED0436;2026-09-22 09:15:00;Lead;Mensagem;Lead demonstrou interesse e iniciou conversa com o agente.;Compra;urgencia
INT01530;LED0436;2026-09-24 13:15:00;Agente;Mensagem;Agente identificou intenção: Compra.;Compra;intencao
INT01531;LED0437;2026-08-28 15:15:00;Lead;Mensagem;Lead respondeu anúncio e pediu atendimento.;Aluguel;retorno_esperado_pct
INT01532;LED0437;2026-08-30 13:45:00;Agente;Mensagem;Agente identificou intenção: Aluguel.;Aluguel;quartos
INT01533;LED0437;2026-09-01 17:45:00;Lead;Mensagem;Agente coletou preferências de região, orçamento e características.;Aluguel;retorno_esperado_pct
INT01534;LED0437;2026-09-03 09:30:00;Agente;Follow-up;Agente confirmou próximos passos do atendimento.;Aluguel;
INT01535;LED0437;2026-09-05 10:00:00;Lead;Follow-up;Lead respondeu ao acompanhamento e atualizou preferências.;Aluguel;urgencia
INT01536;LED0438;2026-07-04 14:45:00;Lead;Mensagem;Lead iniciou contato solicitando informações sobre imóveis.;Compra;
INT01537;LED0438;2026-07-06 18:30:00;Agente;Mensagem;Agente identificou intenção: Compra.;Compra;tipo_imovel_interesse
INT01538;LED0438;2026-07-08 19:15:00;Lead;Mensagem;Agente coletou preferências de região, orçamento e características.;Compra;retorno_esperado_pct
INT01539;LED0438;2026-07-10 14:30:00;Agente;Follow-up;Agente realizou follow-up para retomar a conversa.;Compra;intencao
INT01540;LED0438;2026-07-12 17:00:00;Lead;Follow-up;Agente realizou follow-up para retomar a conversa.;Compra;intencao
INT01541;LED0439;2026-07-01 19:30:00;Lead;Mensagem;Lead respondeu anúncio e pediu atendimento.;Aluguel;intencao
INT01542;LED0439;2026-07-03 14:30:00;Agente;Mensagem;Agente identificou intenção: Aluguel.;Aluguel;perfil_investidor
INT01543;LED0439;2026-07-05 10:00:00;Lead;Mensagem;Agente coletou preferências de região, orçamento e características.;Aluguel;urgencia
INT01544;LED0439;2026-07-07 12:00:00;Agente;Follow-up;Agente confirmou próximos passos do atendimento.;Aluguel;orcamento_ticket
INT01545;LED0440;2026-08-19 14:15:00;Lead;Mensagem;Lead iniciou contato solicitando informações sobre imóveis.;Aluguel;tipo_imovel_interesse
INT01546;LED0440;2026-08-21 12:30:00;Agente;Mensagem;Agente identificou intenção: Aluguel.;Aluguel;tipo_imovel_interesse
INT01547;LED0440;2026-08-23 19:15:00;Lead;Mensagem;Agente coletou preferências de região, orçamento e características.;Aluguel;retorno_esperado_pct
INT01548;LED0440;2026-08-25 18:15:00;Agente;Follow-up;Agente realizou follow-up para retomar a conversa.;Aluguel;perfil_investidor
INT01549;LED0441;2026-09-15 13:15:00;Lead;Mensagem;Lead respondeu anúncio e pediu atendimento.;Compra;tipo_imovel_interesse
INT01550;LED0441;2026-09-17 09:30:00;Agente;Mensagem;Agente identificou intenção: Compra.;Compra;tipo_imovel_interesse
INT01551;LED0442;2026-08-27 09:15:00;Lead;Mensagem;Lead iniciou contato solicitando informações sobre imóveis.;Compra;perfil_investidor
INT01552;LED0442;2026-08-29 09:15:00;Agente;Mensagem;Agente identificou intenção: Compra.;Compra;
INT01553;LED0443;2026-09-04 19:15:00;Lead;Mensagem;Lead respondeu anúncio e pediu atendimento.;Compra;
INT01554;LED0443;2026-09-06 09:00:00;Agente;Mensagem;Agente identificou intenção: Compra.;Compra;intencao
INT01555;LED0443;2026-09-08 15:30:00;Lead;Mensagem;Agente coletou preferências de região, orçamento e características.;Compra;perfil_investidor
INT01556;LED0444;2026-08-04 11:15:00;Lead;Mensagem;Lead demonstrou interesse e iniciou conversa com o agente.;Investimento;retorno_esperado_pct
INT01557;LED0444;2026-08-06 13:15:00;Agente;Mensagem;Agente identificou intenção: Investimento.;Investimento;urgencia
INT01558;LED0444;2026-08-08 16:45:00;Lead;Mensagem;Agente coletou preferências de região, orçamento e características.;Investimento;intencao
INT01559;LED0445;2026-07-05 14:00:00;Lead;Mensagem;Lead iniciou contato solicitando informações sobre imóveis.;Compra;perfil_investidor
INT01560;LED0445;2026-07-07 16:45:00;Agente;Mensagem;Agente identificou intenção: Compra.;Compra;tipo_imovel_interesse
INT01561;LED0445;2026-07-09 12:30:00;Lead;Mensagem;Agente coletou preferências de região, orçamento e características.;Compra;quartos
INT01562;LED0445;2026-07-11 16:30:00;Agente;Follow-up;Lead respondeu ao acompanhamento e atualizou preferências.;Compra;urgencia
INT01563;LED0445;2026-07-13 10:00:00;Lead;Follow-up;Lead respondeu ao acompanhamento e atualizou preferências.;Compra;tipo_imovel_interesse
INT01564;LED0446;2026-08-25 09:45:00;Lead;Mensagem;Lead respondeu anúncio e pediu atendimento.;Investimento;quartos
INT01565;LED0446;2026-08-27 18:30:00;Agente;Mensagem;Agente identificou intenção: Investimento.;Investimento;orcamento_ticket
INT01566;LED0447;2026-08-18 14:00:00;Lead;Mensagem;Lead iniciou contato solicitando informações sobre imóveis.;Compra;quartos
INT01567;LED0447;2026-08-20 15:45:00;Agente;Mensagem;Agente identificou intenção: Compra.;Compra;perfil_investidor
INT01568;LED0447;2026-08-22 16:30:00;Lead;Mensagem;Agente coletou preferências de região, orçamento e características.;Compra;intencao
INT01569;LED0448;2026-09-06 14:15:00;Lead;Mensagem;Lead iniciou contato solicitando informações sobre imóveis.;Compra;regiao_bairro
INT01570;LED0448;2026-09-08 13:15:00;Agente;Mensagem;Agente identificou intenção: Compra.;Compra;retorno_esperado_pct
INT01571;LED0448;2026-09-10 13:30:00;Lead;Mensagem;Agente coletou preferências de região, orçamento e características.;Compra;orcamento_ticket
INT01572;LED0448;2026-09-12 16:45:00;Agente;Follow-up;Lead respondeu ao acompanhamento e atualizou preferências.;Compra;retorno_esperado_pct
INT01573;LED0449;2026-07-22 15:00:00;Lead;Mensagem;Lead demonstrou interesse e iniciou conversa com o agente.;Aluguel;intencao
INT01574;LED0449;2026-07-24 15:30:00;Agente;Mensagem;Agente identificou intenção: Aluguel.;Aluguel;retorno_esperado_pct
INT01575;LED0449;2026-07-26 16:30:00;Lead;Mensagem;Agente coletou preferências de região, orçamento e características.;Aluguel;regiao_bairro
INT01576;LED0449;2026-07-28 17:00:00;Agente;Follow-up;Lead respondeu ao acompanhamento e atualizou preferências.;Aluguel;perfil_investidor
INT01577;LED0450;2026-09-16 12:45:00;Lead;Mensagem;Lead iniciou contato solicitando informações sobre imóveis.;Investimento;perfil_investidor
INT01578;LED0450;2026-09-18 16:45:00;Agente;Mensagem;Agente identificou intenção: Investimento.;Investimento;regiao_bairro
INT01579;LED0450;2026-09-20 10:00:00;Lead;Mensagem;Agente coletou preferências de região, orçamento e características.;Investimento;quartos
INT01580;LED0450;2026-09-22 19:45:00;Agente;Follow-up;Lead respondeu ao acompanhamento e atualizou preferências.;Investimento;intencao
INT01581;LED0450;2026-09-24 11:45:00;Lead;Follow-up;Agente realizou follow-up para retomar a conversa.;Investimento;quartos
INT01582;LED0451;2026-08-26 11:15:00;Lead;Mensagem;Lead demonstrou interesse e iniciou conversa com o agente.;Compra;tipo_imovel_interesse
INT01583;LED0451;2026-08-28 19:00:00;Agente;Mensagem;Agente identificou intenção: Compra.;Compra;
INT01584;LED0452;2026-08-12 16:30:00;Lead;Mensagem;Lead iniciou contato solicitando informações sobre imóveis.;Investimento;quartos
INT01585;LED0452;2026-08-14 19:45:00;Agente;Mensagem;Agente identificou intenção: Investimento.;Investimento;quartos
INT01586;LED0452;2026-08-16 11:00:00;Lead;Mensagem;Agente coletou preferências de região, orçamento e características.;Investimento;regiao_bairro
INT01587;LED0452;2026-08-18 12:30:00;Agente;Follow-up;Agente realizou follow-up para retomar a conversa.;Investimento;retorno_esperado_pct
INT01588;LED0452;2026-08-20 17:30:00;Lead;Follow-up;Agente realizou follow-up para retomar a conversa.;Investimento;intencao
INT01589;LED0453;2026-07-25 16:30:00;Lead;Mensagem;Lead respondeu anúncio e pediu atendimento.;Compra;intencao
INT01590;LED0453;2026-07-27 16:00:00;Agente;Mensagem;Agente identificou intenção: Compra.;Compra;tipo_imovel_interesse
INT01591;LED0453;2026-07-29 10:15:00;Lead;Mensagem;Agente coletou preferências de região, orçamento e características.;Compra;urgencia
INT01592;LED0453;2026-07-31 12:00:00;Agente;Follow-up;Agente confirmou próximos passos do atendimento.;Compra;
INT01593;LED0453;2026-08-02 15:45:00;Lead;Follow-up;Agente realizou follow-up para retomar a conversa.;Compra;intencao
INT01594;LED0454;2026-09-21 12:00:00;Lead;Mensagem;Lead iniciou contato solicitando informações sobre imóveis.;Compra;regiao_bairro
INT01595;LED0454;2026-09-23 15:30:00;Agente;Mensagem;Agente identificou intenção: Compra.;Compra;
INT01596;LED0455;2026-07-10 18:00:00;Lead;Mensagem;Lead demonstrou interesse e iniciou conversa com o agente.;Investimento;tipo_imovel_interesse
INT01597;LED0455;2026-07-12 15:15:00;Agente;Mensagem;Agente identificou intenção: Investimento.;Investimento;perfil_investidor
INT01598;LED0455;2026-07-14 13:30:00;Lead;Mensagem;Agente coletou preferências de região, orçamento e características.;Investimento;orcamento_ticket
INT01599;LED0456;2026-08-28 18:15:00;Lead;Mensagem;Lead demonstrou interesse e iniciou conversa com o agente.;Compra;orcamento_ticket
INT01600;LED0456;2026-08-30 16:00:00;Agente;Mensagem;Agente identificou intenção: Compra.;Compra;regiao_bairro
INT01601;LED0457;2026-09-03 16:30:00;Lead;Mensagem;Lead demonstrou interesse e iniciou conversa com o agente.;Aluguel;retorno_esperado_pct
INT01602;LED0457;2026-09-05 16:45:00;Agente;Mensagem;Agente identificou intenção: Aluguel.;Aluguel;perfil_investidor
INT01603;LED0457;2026-09-07 14:00:00;Lead;Mensagem;Agente coletou preferências de região, orçamento e características.;Aluguel;perfil_investidor
INT01604;LED0457;2026-09-09 12:45:00;Agente;Follow-up;Lead respondeu ao acompanhamento e atualizou preferências.;Aluguel;tipo_imovel_interesse
INT01605;LED0457;2026-09-11 14:30:00;Lead;Follow-up;Agente confirmou próximos passos do atendimento.;Aluguel;intencao
INT01606;LED0458;2026-07-16 18:45:00;Lead;Mensagem;Lead iniciou contato solicitando informações sobre imóveis.;Aluguel;tipo_imovel_interesse
INT01607;LED0458;2026-07-18 10:30:00;Agente;Mensagem;Agente identificou intenção: Aluguel.;Aluguel;orcamento_ticket
INT01608;LED0459;2026-08-29 13:30:00;Lead;Mensagem;Lead respondeu anúncio e pediu atendimento.;Compra;urgencia
INT01609;LED0459;2026-08-31 14:45:00;Agente;Mensagem;Agente identificou intenção: Compra.;Compra;urgencia
INT01610;LED0460;2026-08-12 12:15:00;Lead;Mensagem;Lead respondeu anúncio e pediu atendimento.;Aluguel;regiao_bairro
INT01611;LED0460;2026-08-14 16:45:00;Agente;Mensagem;Agente identificou intenção: Aluguel.;Aluguel;regiao_bairro
INT01612;LED0460;2026-08-16 16:00:00;Lead;Mensagem;Agente coletou preferências de região, orçamento e características.;Aluguel;
INT01613;LED0461;2026-09-02 10:00:00;Lead;Mensagem;Lead respondeu anúncio e pediu atendimento.;Investimento;intencao
INT01614;LED0461;2026-09-04 15:45:00;Agente;Mensagem;Agente identificou intenção: Investimento.;Investimento;
INT01615;LED0461;2026-09-06 10:45:00;Lead;Mensagem;Agente coletou preferências de região, orçamento e características.;Investimento;tipo_imovel_interesse
INT01616;LED0461;2026-09-08 18:00:00;Agente;Follow-up;Lead respondeu ao acompanhamento e atualizou preferências.;Investimento;urgencia
INT01617;LED0462;2026-07-15 13:30:00;Lead;Mensagem;Lead respondeu anúncio e pediu atendimento.;Compra;orcamento_ticket
INT01618;LED0462;2026-07-17 16:15:00;Agente;Mensagem;Agente identificou intenção: Compra.;Compra;quartos
INT01619;LED0462;2026-07-19 13:30:00;Lead;Mensagem;Agente coletou preferências de região, orçamento e características.;Compra;orcamento_ticket
INT01620;LED0463;2026-07-14 12:15:00;Lead;Mensagem;Lead demonstrou interesse e iniciou conversa com o agente.;Compra;urgencia
INT01621;LED0463;2026-07-16 19:00:00;Agente;Mensagem;Agente identificou intenção: Compra.;Compra;tipo_imovel_interesse
INT01622;LED0463;2026-07-18 18:30:00;Lead;Mensagem;Agente coletou preferências de região, orçamento e características.;Compra;retorno_esperado_pct
INT01623;LED0464;2026-07-20 19:30:00;Lead;Mensagem;Lead iniciou contato solicitando informações sobre imóveis.;Compra;intencao
INT01624;LED0464;2026-07-22 09:00:00;Agente;Mensagem;Agente identificou intenção: Compra.;Compra;orcamento_ticket
INT01625;LED0464;2026-07-24 10:45:00;Lead;Mensagem;Agente coletou preferências de região, orçamento e características.;Compra;perfil_investidor
INT01626;LED0465;2026-07-14 14:45:00;Lead;Mensagem;Lead iniciou contato solicitando informações sobre imóveis.;Compra;retorno_esperado_pct
INT01627;LED0465;2026-07-16 12:15:00;Agente;Mensagem;Agente identificou intenção: Compra.;Compra;urgencia
INT01628;LED0465;2026-07-18 09:15:00;Lead;Mensagem;Agente coletou preferências de região, orçamento e características.;Compra;retorno_esperado_pct
INT01629;LED0466;2026-07-19 16:15:00;Lead;Mensagem;Lead demonstrou interesse e iniciou conversa com o agente.;Compra;orcamento_ticket
INT01630;LED0466;2026-07-21 19:30:00;Agente;Mensagem;Agente identificou intenção: Compra.;Compra;regiao_bairro
INT01631;LED0466;2026-07-23 09:30:00;Lead;Mensagem;Agente coletou preferências de região, orçamento e características.;Compra;urgencia
INT01632;LED0466;2026-07-25 18:15:00;Agente;Follow-up;Agente confirmou próximos passos do atendimento.;Compra;urgencia
INT01633;LED0466;2026-07-27 13:30:00;Lead;Follow-up;Agente realizou follow-up para retomar a conversa.;Compra;retorno_esperado_pct
INT01634;LED0467;2026-07-13 16:15:00;Lead;Mensagem;Lead iniciou contato solicitando informações sobre imóveis.;Investimento;quartos
INT01635;LED0467;2026-07-15 15:30:00;Agente;Mensagem;Agente identificou intenção: Investimento.;Investimento;perfil_investidor
INT01636;LED0467;2026-07-17 12:30:00;Lead;Mensagem;Agente coletou preferências de região, orçamento e características.;Investimento;intencao
INT01637;LED0468;2026-07-01 12:30:00;Lead;Mensagem;Lead iniciou contato solicitando informações sobre imóveis.;Compra;
INT01638;LED0468;2026-07-03 11:45:00;Agente;Mensagem;Agente identificou intenção: Compra.;Compra;perfil_investidor
INT01639;LED0468;2026-07-05 19:30:00;Lead;Mensagem;Agente coletou preferências de região, orçamento e características.;Compra;perfil_investidor
INT01640;LED0469;2026-07-21 19:15:00;Lead;Mensagem;Lead demonstrou interesse e iniciou conversa com o agente.;Compra;tipo_imovel_interesse
INT01641;LED0469;2026-07-23 18:45:00;Agente;Mensagem;Agente identificou intenção: Compra.;Compra;tipo_imovel_interesse
INT01642;LED0470;2026-07-04 09:00:00;Lead;Mensagem;Lead demonstrou interesse e iniciou conversa com o agente.;Aluguel;perfil_investidor
INT01643;LED0470;2026-07-06 16:30:00;Agente;Mensagem;Agente identificou intenção: Aluguel.;Aluguel;regiao_bairro
INT01644;LED0470;2026-07-08 18:30:00;Lead;Mensagem;Agente coletou preferências de região, orçamento e características.;Aluguel;regiao_bairro
INT01645;LED0470;2026-07-10 10:45:00;Agente;Follow-up;Agente confirmou próximos passos do atendimento.;Aluguel;perfil_investidor
INT01646;LED0470;2026-07-12 16:15:00;Lead;Follow-up;Agente realizou follow-up para retomar a conversa.;Aluguel;intencao
INT01647;LED0471;2026-07-25 18:00:00;Lead;Mensagem;Lead demonstrou interesse e iniciou conversa com o agente.;Investimento;perfil_investidor
INT01648;LED0471;2026-07-27 17:45:00;Agente;Mensagem;Agente identificou intenção: Investimento.;Investimento;
INT01649;LED0472;2026-07-16 16:45:00;Lead;Mensagem;Lead demonstrou interesse e iniciou conversa com o agente.;Aluguel;orcamento_ticket
INT01650;LED0472;2026-07-18 19:15:00;Agente;Mensagem;Agente identificou intenção: Aluguel.;Aluguel;urgencia
INT01651;LED0472;2026-07-20 10:30:00;Lead;Mensagem;Agente coletou preferências de região, orçamento e características.;Aluguel;regiao_bairro
INT01652;LED0473;2026-08-04 17:45:00;Lead;Mensagem;Lead iniciou contato solicitando informações sobre imóveis.;Investimento;retorno_esperado_pct
INT01653;LED0473;2026-08-06 13:45:00;Agente;Mensagem;Agente identificou intenção: Investimento.;Investimento;tipo_imovel_interesse
INT01654;LED0473;2026-08-08 13:15:00;Lead;Mensagem;Agente coletou preferências de região, orçamento e características.;Investimento;regiao_bairro
INT01655;LED0474;2026-07-27 13:00:00;Lead;Mensagem;Lead iniciou contato solicitando informações sobre imóveis.;Compra;intencao
INT01656;LED0474;2026-07-29 17:30:00;Agente;Mensagem;Agente identificou intenção: Compra.;Compra;
INT01657;LED0474;2026-07-31 19:45:00;Lead;Mensagem;Agente coletou preferências de região, orçamento e características.;Compra;regiao_bairro
INT01658;LED0475;2026-07-01 09:30:00;Lead;Mensagem;Lead iniciou contato solicitando informações sobre imóveis.;Compra;intencao
INT01659;LED0475;2026-07-03 12:45:00;Agente;Mensagem;Agente identificou intenção: Compra.;Compra;
INT01660;LED0476;2026-07-03 14:45:00;Lead;Mensagem;Lead iniciou contato solicitando informações sobre imóveis.;;quartos
INT01661;LED0476;2026-07-05 14:45:00;Agente;Mensagem;Agente identificou intenção: ainda não definida.;;intencao
INT01662;LED0476;2026-07-07 16:00:00;Lead;Mensagem;Agente coletou preferências de região, orçamento e características.;;retorno_esperado_pct
INT01663;LED0477;2026-09-03 18:45:00;Lead;Mensagem;Lead demonstrou interesse e iniciou conversa com o agente.;Compra;regiao_bairro
INT01664;LED0477;2026-09-05 12:00:00;Agente;Mensagem;Agente identificou intenção: Compra.;Compra;retorno_esperado_pct
INT01665;LED0477;2026-09-07 09:00:00;Lead;Mensagem;Agente coletou preferências de região, orçamento e características.;Compra;retorno_esperado_pct
INT01666;LED0477;2026-09-09 19:30:00;Agente;Follow-up;Agente realizou follow-up para retomar a conversa.;Compra;quartos
INT01667;LED0478;2026-07-20 16:30:00;Lead;Mensagem;Lead iniciou contato solicitando informações sobre imóveis.;Aluguel;orcamento_ticket
INT01668;LED0478;2026-07-22 18:15:00;Agente;Mensagem;Agente identificou intenção: Aluguel.;Aluguel;regiao_bairro
INT01669;LED0478;2026-07-24 09:15:00;Lead;Mensagem;Agente coletou preferências de região, orçamento e características.;Aluguel;perfil_investidor
INT01670;LED0479;2026-08-28 09:45:00;Lead;Mensagem;Lead iniciou contato solicitando informações sobre imóveis.;Compra;
INT01671;LED0479;2026-08-30 14:30:00;Agente;Mensagem;Agente identificou intenção: Compra.;Compra;tipo_imovel_interesse
INT01672;LED0480;2026-07-20 10:00:00;Lead;Mensagem;Lead iniciou contato solicitando informações sobre imóveis.;;perfil_investidor
INT01673;LED0480;2026-07-22 17:30:00;Agente;Mensagem;Agente identificou intenção: ainda não definida.;;orcamento_ticket
INT01674;LED0480;2026-07-24 16:30:00;Lead;Mensagem;Agente coletou preferências de região, orçamento e características.;;regiao_bairro
INT01675;LED0480;2026-07-26 14:30:00;Agente;Follow-up;Lead respondeu ao acompanhamento e atualizou preferências.;;tipo_imovel_interesse
INT01676;LED0480;2026-07-28 19:45:00;Lead;Follow-up;Lead respondeu ao acompanhamento e atualizou preferências.;;urgencia
INT01677;LED0481;2026-08-12 09:00:00;Lead;Mensagem;Lead iniciou contato solicitando informações sobre imóveis.;Compra;regiao_bairro
INT01678;LED0481;2026-08-14 09:30:00;Agente;Mensagem;Agente identificou intenção: Compra.;Compra;perfil_investidor
INT01679;LED0481;2026-08-16 10:00:00;Lead;Mensagem;Agente coletou preferências de região, orçamento e características.;Compra;regiao_bairro
INT01680;LED0481;2026-08-18 17:00:00;Agente;Follow-up;Lead respondeu ao acompanhamento e atualizou preferências.;Compra;
INT01681;LED0482;2026-07-13 13:30:00;Lead;Mensagem;Lead demonstrou interesse e iniciou conversa com o agente.;Compra;intencao
INT01682;LED0482;2026-07-15 15:15:00;Agente;Mensagem;Agente identificou intenção: Compra.;Compra;regiao_bairro
INT01683;LED0482;2026-07-17 16:15:00;Lead;Mensagem;Agente coletou preferências de região, orçamento e características.;Compra;retorno_esperado_pct
INT01684;LED0483;2026-08-03 18:45:00;Lead;Mensagem;Lead iniciou contato solicitando informações sobre imóveis.;Compra;regiao_bairro
INT01685;LED0483;2026-08-05 19:15:00;Agente;Mensagem;Agente identificou intenção: Compra.;Compra;quartos
INT01686;LED0484;2026-07-31 15:15:00;Lead;Mensagem;Lead demonstrou interesse e iniciou conversa com o agente.;Compra;urgencia
INT01687;LED0484;2026-08-02 11:30:00;Agente;Mensagem;Agente identificou intenção: Compra.;Compra;urgencia
INT01688;LED0484;2026-08-04 10:45:00;Lead;Mensagem;Agente coletou preferências de região, orçamento e características.;Compra;
INT01689;LED0485;2026-09-10 16:30:00;Lead;Mensagem;Lead iniciou contato solicitando informações sobre imóveis.;Aluguel;
INT01690;LED0485;2026-09-12 18:45:00;Agente;Mensagem;Agente identificou intenção: Aluguel.;Aluguel;regiao_bairro
INT01691;LED0486;2026-09-22 16:30:00;Lead;Mensagem;Lead respondeu anúncio e pediu atendimento.;Aluguel;perfil_investidor
INT01692;LED0486;2026-09-24 13:00:00;Agente;Mensagem;Agente identificou intenção: Aluguel.;Aluguel;
INT01693;LED0487;2026-08-27 14:30:00;Lead;Mensagem;Lead respondeu anúncio e pediu atendimento.;Investimento;
INT01694;LED0487;2026-08-29 18:30:00;Agente;Mensagem;Agente identificou intenção: Investimento.;Investimento;orcamento_ticket
INT01695;LED0488;2026-09-18 14:00:00;Lead;Mensagem;Lead iniciou contato solicitando informações sobre imóveis.;Aluguel;retorno_esperado_pct
INT01696;LED0488;2026-09-20 18:30:00;Agente;Mensagem;Agente identificou intenção: Aluguel.;Aluguel;regiao_bairro
INT01697;LED0488;2026-09-22 12:15:00;Lead;Mensagem;Agente coletou preferências de região, orçamento e características.;Aluguel;retorno_esperado_pct
INT01698;LED0488;2026-09-24 16:15:00;Agente;Follow-up;Agente confirmou próximos passos do atendimento.;Aluguel;urgencia
INT01699;LED0488;2026-09-25 12:00:00;Lead;Follow-up;Lead respondeu ao acompanhamento e atualizou preferências.;Aluguel;quartos
INT01700;LED0489;2026-09-07 09:30:00;Lead;Mensagem;Lead demonstrou interesse e iniciou conversa com o agente.;Compra;perfil_investidor
INT01701;LED0489;2026-09-09 19:30:00;Agente;Mensagem;Agente identificou intenção: Compra.;Compra;
INT01702;LED0490;2026-09-09 09:15:00;Lead;Mensagem;Lead demonstrou interesse e iniciou conversa com o agente.;Compra;orcamento_ticket
INT01703;LED0490;2026-09-11 17:00:00;Agente;Mensagem;Agente identificou intenção: Compra.;Compra;regiao_bairro
INT01704;LED0490;2026-09-13 18:15:00;Lead;Mensagem;Agente coletou preferências de região, orçamento e características.;Compra;retorno_esperado_pct
INT01705;LED0490;2026-09-15 18:30:00;Agente;Follow-up;Lead respondeu ao acompanhamento e atualizou preferências.;Compra;perfil_investidor
INT01706;LED0491;2026-07-05 16:00:00;Lead;Mensagem;Lead iniciou contato solicitando informações sobre imóveis.;Aluguel;orcamento_ticket
INT01707;LED0491;2026-07-07 19:30:00;Agente;Mensagem;Agente identificou intenção: Aluguel.;Aluguel;
INT01708;LED0491;2026-07-09 18:00:00;Lead;Mensagem;Agente coletou preferências de região, orçamento e características.;Aluguel;regiao_bairro
INT01709;LED0491;2026-07-11 17:45:00;Agente;Follow-up;Agente realizou follow-up para retomar a conversa.;Aluguel;retorno_esperado_pct
INT01710;LED0492;2026-08-19 18:30:00;Lead;Mensagem;Lead respondeu anúncio e pediu atendimento.;Aluguel;intencao
INT01711;LED0492;2026-08-21 15:45:00;Agente;Mensagem;Agente identificou intenção: Aluguel.;Aluguel;retorno_esperado_pct
INT01712;LED0493;2026-07-25 16:30:00;Lead;Mensagem;Lead demonstrou interesse e iniciou conversa com o agente.;Compra;orcamento_ticket
INT01713;LED0493;2026-07-27 15:15:00;Agente;Mensagem;Agente identificou intenção: Compra.;Compra;regiao_bairro
INT01714;LED0494;2026-09-20 09:30:00;Lead;Mensagem;Lead respondeu anúncio e pediu atendimento.;Compra;intencao
INT01715;LED0494;2026-09-22 12:45:00;Agente;Mensagem;Agente identificou intenção: Compra.;Compra;orcamento_ticket
INT01716;LED0495;2026-09-05 18:45:00;Lead;Mensagem;Lead iniciou contato solicitando informações sobre imóveis.;Investimento;orcamento_ticket
INT01717;LED0495;2026-09-07 19:30:00;Agente;Mensagem;Agente identificou intenção: Investimento.;Investimento;
INT01718;LED0495;2026-09-09 15:15:00;Lead;Mensagem;Agente coletou preferências de região, orçamento e características.;Investimento;
INT01719;LED0495;2026-09-11 13:00:00;Agente;Follow-up;Lead respondeu ao acompanhamento e atualizou preferências.;Investimento;retorno_esperado_pct
INT01720;LED0495;2026-09-13 11:45:00;Lead;Follow-up;Agente confirmou próximos passos do atendimento.;Investimento;perfil_investidor
INT01721;LED0496;2026-07-02 14:30:00;Lead;Mensagem;Lead demonstrou interesse e iniciou conversa com o agente.;Aluguel;regiao_bairro
INT01722;LED0496;2026-07-04 15:30:00;Agente;Mensagem;Agente identificou intenção: Aluguel.;Aluguel;orcamento_ticket
INT01723;LED0496;2026-07-06 14:45:00;Lead;Mensagem;Agente coletou preferências de região, orçamento e características.;Aluguel;urgencia
INT01724;LED0497;2026-09-16 14:45:00;Lead;Mensagem;Lead respondeu anúncio e pediu atendimento.;Investimento;retorno_esperado_pct
INT01725;LED0497;2026-09-18 09:45:00;Agente;Mensagem;Agente identificou intenção: Investimento.;Investimento;intencao
INT01726;LED0497;2026-09-20 16:00:00;Lead;Mensagem;Agente coletou preferências de região, orçamento e características.;Investimento;intencao
INT01727;LED0497;2026-09-22 16:00:00;Agente;Follow-up;Agente confirmou próximos passos do atendimento.;Investimento;regiao_bairro
INT01728;LED0498;2026-08-08 14:00:00;Lead;Mensagem;Lead demonstrou interesse e iniciou conversa com o agente.;Aluguel;orcamento_ticket
INT01729;LED0498;2026-08-10 09:30:00;Agente;Mensagem;Agente identificou intenção: Aluguel.;Aluguel;
INT01730;LED0498;2026-08-12 13:15:00;Lead;Mensagem;Agente coletou preferências de região, orçamento e características.;Aluguel;urgencia
INT01731;LED0499;2026-07-01 17:15:00;Lead;Mensagem;Lead respondeu anúncio e pediu atendimento.;Investimento;tipo_imovel_interesse
INT01732;LED0499;2026-07-03 18:45:00;Agente;Mensagem;Agente identificou intenção: Investimento.;Investimento;orcamento_ticket
INT01733;LED0499;2026-07-05 19:00:00;Lead;Mensagem;Agente coletou preferências de região, orçamento e características.;Investimento;
INT01734;LED0499;2026-07-07 10:45:00;Agente;Follow-up;Lead respondeu ao acompanhamento e atualizou preferências.;Investimento;tipo_imovel_interesse
INT01735;LED0500;2026-08-22 17:00:00;Lead;Mensagem;Lead demonstrou interesse e iniciou conversa com o agente.;Investimento;intencao
INT01736;LED0500;2026-08-24 09:15:00;Agente;Mensagem;Agente identificou intenção: Investimento.;Investimento;orcamento_ticket
INT01737;LED0500;2026-08-26 09:00:00;Lead;Mensagem;Agente coletou preferências de região, orçamento e características.;Investimento;regiao_bairro
INT01738;LED0500;2026-08-28 11:30:00;Agente;Follow-up;Agente realizou follow-up para retomar a conversa.;Investimento;tipo_imovel_interesse
INT01739;LED0501;2026-08-24 09:30:00;Lead;Mensagem;Lead respondeu anúncio e pediu atendimento.;Aluguel;orcamento_ticket
INT01740;LED0501;2026-08-26 18:45:00;Agente;Mensagem;Agente identificou intenção: Aluguel.;Aluguel;orcamento_ticket
INT01741;LED0501;2026-08-28 09:30:00;Lead;Mensagem;Agente coletou preferências de região, orçamento e características.;Aluguel;
INT01742;LED0501;2026-08-30 19:15:00;Agente;Follow-up;Agente realizou follow-up para retomar a conversa.;Aluguel;intencao
INT01743;LED0501;2026-09-01 19:45:00;Lead;Follow-up;Agente realizou follow-up para retomar a conversa.;Aluguel;orcamento_ticket
INT01744;LED0502;2026-09-13 12:00:00;Lead;Mensagem;Lead demonstrou interesse e iniciou conversa com o agente.;Compra;urgencia
INT01745;LED0502;2026-09-15 09:30:00;Agente;Mensagem;Agente identificou intenção: Compra.;Compra;urgencia
INT01746;LED0502;2026-09-17 14:00:00;Lead;Mensagem;Agente coletou preferências de região, orçamento e características.;Compra;orcamento_ticket
INT01747;LED0502;2026-09-19 10:00:00;Agente;Follow-up;Agente realizou follow-up para retomar a conversa.;Compra;orcamento_ticket
INT01748;LED0502;2026-09-21 18:45:00;Lead;Follow-up;Lead respondeu ao acompanhamento e atualizou preferências.;Compra;regiao_bairro
INT01749;LED0503;2026-09-22 14:15:00;Lead;Mensagem;Lead demonstrou interesse e iniciou conversa com o agente.;Compra;tipo_imovel_interesse
INT01750;LED0503;2026-09-24 12:00:00;Agente;Mensagem;Agente identificou intenção: Compra.;Compra;retorno_esperado_pct
INT01751;LED0503;2026-09-25 19:30:00;Lead;Mensagem;Agente coletou preferências de região, orçamento e características.;Compra;perfil_investidor
INT01752;LED0503;2026-09-25 11:45:00;Agente;Follow-up;Agente realizou follow-up para retomar a conversa.;Compra;regiao_bairro
INT01753;LED0503;2026-09-25 16:45:00;Lead;Follow-up;Agente confirmou próximos passos do atendimento.;Compra;regiao_bairro
INT01754;LED0504;2026-08-31 11:15:00;Lead;Mensagem;Lead demonstrou interesse e iniciou conversa com o agente.;Compra;orcamento_ticket
INT01755;LED0504;2026-09-02 11:15:00;Agente;Mensagem;Agente identificou intenção: Compra.;Compra;quartos
INT01756;LED0504;2026-09-04 18:30:00;Lead;Mensagem;Agente coletou preferências de região, orçamento e características.;Compra;
INT01757;LED0504;2026-09-06 17:00:00;Agente;Follow-up;Agente confirmou próximos passos do atendimento.;Compra;intencao
INT01758;LED0504;2026-09-08 11:15:00;Lead;Follow-up;Agente realizou follow-up para retomar a conversa.;Compra;quartos
INT01759;LED0505;2026-09-13 14:30:00;Lead;Mensagem;Lead demonstrou interesse e iniciou conversa com o agente.;Aluguel;orcamento_ticket
INT01760;LED0505;2026-09-15 10:15:00;Agente;Mensagem;Agente identificou intenção: Aluguel.;Aluguel;
INT01761;LED0505;2026-09-17 13:15:00;Lead;Mensagem;Agente coletou preferências de região, orçamento e características.;Aluguel;
INT01762;LED0505;2026-09-19 10:15:00;Agente;Follow-up;Lead respondeu ao acompanhamento e atualizou preferências.;Aluguel;urgencia
INT01763;LED0505;2026-09-21 11:45:00;Lead;Follow-up;Agente confirmou próximos passos do atendimento.;Aluguel;urgencia
INT01764;LED0506;2026-07-23 19:30:00;Lead;Mensagem;Lead demonstrou interesse e iniciou conversa com o agente.;Compra;quartos
INT01765;LED0506;2026-07-25 14:15:00;Agente;Mensagem;Agente identificou intenção: Compra.;Compra;quartos
INT01766;LED0506;2026-07-27 10:15:00;Lead;Mensagem;Agente coletou preferências de região, orçamento e características.;Compra;retorno_esperado_pct
INT01767;LED0506;2026-07-29 10:15:00;Agente;Follow-up;Lead respondeu ao acompanhamento e atualizou preferências.;Compra;tipo_imovel_interesse
INT01768;LED0506;2026-07-31 09:00:00;Lead;Follow-up;Agente confirmou próximos passos do atendimento.;Compra;
INT01769;LED0507;2026-07-14 10:30:00;Lead;Mensagem;Lead iniciou contato solicitando informações sobre imóveis.;Compra;orcamento_ticket
INT01770;LED0507;2026-07-16 16:30:00;Agente;Mensagem;Agente identificou intenção: Compra.;Compra;orcamento_ticket
INT01771;LED0507;2026-07-18 17:30:00;Lead;Mensagem;Agente coletou preferências de região, orçamento e características.;Compra;perfil_investidor
INT01772;LED0507;2026-07-20 11:15:00;Agente;Follow-up;Lead respondeu ao acompanhamento e atualizou preferências.;Compra;regiao_bairro
INT01773;LED0508;2026-08-09 18:15:00;Lead;Mensagem;Lead respondeu anúncio e pediu atendimento.;Compra;perfil_investidor
INT01774;LED0508;2026-08-11 09:30:00;Agente;Mensagem;Agente identificou intenção: Compra.;Compra;retorno_esperado_pct
INT01775;LED0509;2026-08-18 09:15:00;Lead;Mensagem;Lead respondeu anúncio e pediu atendimento.;Aluguel;urgencia
INT01776;LED0509;2026-08-20 15:30:00;Agente;Mensagem;Agente identificou intenção: Aluguel.;Aluguel;perfil_investidor
INT01777;LED0509;2026-08-22 11:45:00;Lead;Mensagem;Agente coletou preferências de região, orçamento e características.;Aluguel;regiao_bairro
INT01778;LED0509;2026-08-24 12:00:00;Agente;Follow-up;Agente realizou follow-up para retomar a conversa.;Aluguel;retorno_esperado_pct
INT01779;LED0510;2026-08-14 19:30:00;Lead;Mensagem;Lead respondeu anúncio e pediu atendimento.;;retorno_esperado_pct
INT01780;LED0510;2026-08-16 18:45:00;Agente;Mensagem;Agente identificou intenção: ainda não definida.;;perfil_investidor
INT01781;LED0510;2026-08-18 17:00:00;Lead;Mensagem;Agente coletou preferências de região, orçamento e características.;;tipo_imovel_interesse
INT01782;LED0510;2026-08-20 12:30:00;Agente;Follow-up;Agente confirmou próximos passos do atendimento.;;regiao_bairro
INT01783;LED0510;2026-08-22 14:00:00;Lead;Follow-up;Agente realizou follow-up para retomar a conversa.;;perfil_investidor
INT01784;LED0511;2026-09-18 10:15:00;Lead;Mensagem;Lead iniciou contato solicitando informações sobre imóveis.;Aluguel;quartos
INT01785;LED0511;2026-09-20 09:30:00;Agente;Mensagem;Agente identificou intenção: Aluguel.;Aluguel;quartos
INT01786;LED0512;2026-08-15 14:15:00;Lead;Mensagem;Lead respondeu anúncio e pediu atendimento.;Compra;retorno_esperado_pct
INT01787;LED0512;2026-08-17 10:30:00;Agente;Mensagem;Agente identificou intenção: Compra.;Compra;perfil_investidor
INT01788;LED0513;2026-07-09 13:00:00;Lead;Mensagem;Lead respondeu anúncio e pediu atendimento.;Compra;quartos
INT01789;LED0513;2026-07-11 10:00:00;Agente;Mensagem;Agente identificou intenção: Compra.;Compra;intencao
INT01790;LED0513;2026-07-13 18:45:00;Lead;Mensagem;Agente coletou preferências de região, orçamento e características.;Compra;urgencia
INT01791;LED0513;2026-07-15 17:45:00;Agente;Follow-up;Lead respondeu ao acompanhamento e atualizou preferências.;Compra;quartos
INT01792;LED0514;2026-09-16 12:45:00;Lead;Mensagem;Lead demonstrou interesse e iniciou conversa com o agente.;Aluguel;tipo_imovel_interesse
INT01793;LED0514;2026-09-18 13:00:00;Agente;Mensagem;Agente identificou intenção: Aluguel.;Aluguel;
INT01794;LED0514;2026-09-20 15:00:00;Lead;Mensagem;Agente coletou preferências de região, orçamento e características.;Aluguel;tipo_imovel_interesse
INT01795;LED0514;2026-09-22 09:30:00;Agente;Follow-up;Lead respondeu ao acompanhamento e atualizou preferências.;Aluguel;intencao
INT01796;LED0515;2026-07-17 11:45:00;Lead;Mensagem;Lead iniciou contato solicitando informações sobre imóveis.;Compra;urgencia
INT01797;LED0515;2026-07-19 13:00:00;Agente;Mensagem;Agente identificou intenção: Compra.;Compra;
INT01798;LED0516;2026-07-17 17:30:00;Lead;Mensagem;Lead demonstrou interesse e iniciou conversa com o agente.;Compra;urgencia
INT01799;LED0516;2026-07-19 13:30:00;Agente;Mensagem;Agente identificou intenção: Compra.;Compra;regiao_bairro
INT01800;LED0516;2026-07-21 11:30:00;Lead;Mensagem;Agente coletou preferências de região, orçamento e características.;Compra;regiao_bairro
INT01801;LED0516;2026-07-23 12:45:00;Agente;Follow-up;Agente confirmou próximos passos do atendimento.;Compra;perfil_investidor
INT01802;LED0516;2026-07-25 19:15:00;Lead;Follow-up;Agente realizou follow-up para retomar a conversa.;Compra;urgencia
INT01803;LED0517;2026-07-08 11:00:00;Lead;Mensagem;Lead respondeu anúncio e pediu atendimento.;Aluguel;perfil_investidor
INT01804;LED0517;2026-07-10 16:15:00;Agente;Mensagem;Agente identificou intenção: Aluguel.;Aluguel;intencao
INT01805;LED0517;2026-07-12 16:45:00;Lead;Mensagem;Agente coletou preferências de região, orçamento e características.;Aluguel;
INT01806;LED0517;2026-07-14 14:15:00;Agente;Follow-up;Agente confirmou próximos passos do atendimento.;Aluguel;
INT01807;LED0517;2026-07-16 10:00:00;Lead;Follow-up;Lead respondeu ao acompanhamento e atualizou preferências.;Aluguel;retorno_esperado_pct
INT01808;LED0518;2026-07-01 18:00:00;Lead;Mensagem;Lead demonstrou interesse e iniciou conversa com o agente.;Aluguel;tipo_imovel_interesse
INT01809;LED0518;2026-07-03 13:00:00;Agente;Mensagem;Agente identificou intenção: Aluguel.;Aluguel;perfil_investidor
INT01810;LED0519;2026-08-18 11:45:00;Lead;Mensagem;Lead iniciou contato solicitando informações sobre imóveis.;;tipo_imovel_interesse
INT01811;LED0519;2026-08-20 13:00:00;Agente;Mensagem;Agente identificou intenção: ainda não definida.;;quartos
INT01812;LED0519;2026-08-22 11:15:00;Lead;Mensagem;Agente coletou preferências de região, orçamento e características.;;retorno_esperado_pct
INT01813;LED0519;2026-08-24 10:30:00;Agente;Follow-up;Agente confirmou próximos passos do atendimento.;;quartos
INT01814;LED0519;2026-08-26 15:15:00;Lead;Follow-up;Lead respondeu ao acompanhamento e atualizou preferências.;;quartos
INT01815;LED0520;2026-08-25 16:00:00;Lead;Mensagem;Lead respondeu anúncio e pediu atendimento.;Compra;orcamento_ticket
INT01816;LED0520;2026-08-27 17:15:00;Agente;Mensagem;Agente identificou intenção: Compra.;Compra;orcamento_ticket
INT01817;LED0520;2026-08-29 16:30:00;Lead;Mensagem;Agente coletou preferências de região, orçamento e características.;Compra;
INT01818;LED0521;2026-07-06 19:45:00;Lead;Mensagem;Lead iniciou contato solicitando informações sobre imóveis.;Aluguel;
INT01819;LED0521;2026-07-08 18:30:00;Agente;Mensagem;Agente identificou intenção: Aluguel.;Aluguel;quartos
INT01820;LED0521;2026-07-10 15:00:00;Lead;Mensagem;Agente coletou preferências de região, orçamento e características.;Aluguel;orcamento_ticket
INT01821;LED0521;2026-07-12 17:45:00;Agente;Follow-up;Agente confirmou próximos passos do atendimento.;Aluguel;regiao_bairro
INT01822;LED0522;2026-07-23 17:30:00;Lead;Mensagem;Lead respondeu anúncio e pediu atendimento.;Investimento;tipo_imovel_interesse
INT01823;LED0522;2026-07-25 18:15:00;Agente;Mensagem;Agente identificou intenção: Investimento.;Investimento;regiao_bairro
INT01824;LED0522;2026-07-27 19:15:00;Lead;Mensagem;Agente coletou preferências de região, orçamento e características.;Investimento;urgencia
INT01825;LED0523;2026-08-12 09:30:00;Lead;Mensagem;Lead demonstrou interesse e iniciou conversa com o agente.;Aluguel;perfil_investidor
INT01826;LED0523;2026-08-14 12:15:00;Agente;Mensagem;Agente identificou intenção: Aluguel.;Aluguel;quartos
INT01827;LED0523;2026-08-16 19:00:00;Lead;Mensagem;Agente coletou preferências de região, orçamento e características.;Aluguel;urgencia
INT01828;LED0524;2026-07-07 12:00:00;Lead;Mensagem;Lead respondeu anúncio e pediu atendimento.;Compra;orcamento_ticket
INT01829;LED0524;2026-07-09 15:45:00;Agente;Mensagem;Agente identificou intenção: Compra.;Compra;perfil_investidor
INT01830;LED0524;2026-07-11 09:45:00;Lead;Mensagem;Agente coletou preferências de região, orçamento e características.;Compra;
INT01831;LED0525;2026-07-19 12:45:00;Lead;Mensagem;Lead demonstrou interesse e iniciou conversa com o agente.;Compra;orcamento_ticket
INT01832;LED0525;2026-07-21 16:15:00;Agente;Mensagem;Agente identificou intenção: Compra.;Compra;quartos
INT01833;LED0526;2026-09-13 09:00:00;Lead;Mensagem;Lead iniciou contato solicitando informações sobre imóveis.;Compra;
INT01834;LED0526;2026-09-15 19:00:00;Agente;Mensagem;Agente identificou intenção: Compra.;Compra;intencao
INT01835;LED0526;2026-09-17 10:30:00;Lead;Mensagem;Agente coletou preferências de região, orçamento e características.;Compra;tipo_imovel_interesse
INT01836;LED0527;2026-09-20 09:30:00;Lead;Mensagem;Lead iniciou contato solicitando informações sobre imóveis.;Aluguel;intencao
INT01837;LED0527;2026-09-22 16:30:00;Agente;Mensagem;Agente identificou intenção: Aluguel.;Aluguel;
INT01838;LED0527;2026-09-24 16:30:00;Lead;Mensagem;Agente coletou preferências de região, orçamento e características.;Aluguel;regiao_bairro
INT01839;LED0527;2026-09-25 19:00:00;Agente;Follow-up;Agente realizou follow-up para retomar a conversa.;Aluguel;urgencia
INT01840;LED0527;2026-09-25 10:15:00;Lead;Follow-up;Agente confirmou próximos passos do atendimento.;Aluguel;orcamento_ticket
INT01841;LED0528;2026-08-29 10:15:00;Lead;Mensagem;Lead respondeu anúncio e pediu atendimento.;Aluguel;orcamento_ticket
INT01842;LED0528;2026-08-31 18:45:00;Agente;Mensagem;Agente identificou intenção: Aluguel.;Aluguel;urgencia
INT01843;LED0528;2026-09-02 19:45:00;Lead;Mensagem;Agente coletou preferências de região, orçamento e características.;Aluguel;perfil_investidor
INT01844;LED0529;2026-07-19 12:45:00;Lead;Mensagem;Lead respondeu anúncio e pediu atendimento.;;tipo_imovel_interesse
INT01845;LED0529;2026-07-21 19:15:00;Agente;Mensagem;Agente identificou intenção: ainda não definida.;;tipo_imovel_interesse
INT01846;LED0529;2026-07-23 10:45:00;Lead;Mensagem;Agente coletou preferências de região, orçamento e características.;;
INT01847;LED0530;2026-09-19 13:30:00;Lead;Mensagem;Lead iniciou contato solicitando informações sobre imóveis.;Aluguel;retorno_esperado_pct
INT01848;LED0530;2026-09-21 19:15:00;Agente;Mensagem;Agente identificou intenção: Aluguel.;Aluguel;orcamento_ticket
INT01849;LED0530;2026-09-23 10:15:00;Lead;Mensagem;Agente coletou preferências de região, orçamento e características.;Aluguel;tipo_imovel_interesse
INT01850;LED0530;2026-09-25 17:45:00;Agente;Follow-up;Agente confirmou próximos passos do atendimento.;Aluguel;regiao_bairro
INT01851;LED0531;2026-09-15 13:15:00;Lead;Mensagem;Lead respondeu anúncio e pediu atendimento.;Aluguel;
INT01852;LED0531;2026-09-17 15:30:00;Agente;Mensagem;Agente identificou intenção: Aluguel.;Aluguel;urgencia
INT01853;LED0531;2026-09-19 12:15:00;Lead;Mensagem;Agente coletou preferências de região, orçamento e características.;Aluguel;orcamento_ticket
INT01854;LED0532;2026-07-21 18:30:00;Lead;Mensagem;Lead iniciou contato solicitando informações sobre imóveis.;Compra;retorno_esperado_pct
INT01855;LED0532;2026-07-23 11:15:00;Agente;Mensagem;Agente identificou intenção: Compra.;Compra;perfil_investidor
INT01856;LED0533;2026-08-23 11:30:00;Lead;Mensagem;Lead demonstrou interesse e iniciou conversa com o agente.;Aluguel;orcamento_ticket
INT01857;LED0533;2026-08-25 17:45:00;Agente;Mensagem;Agente identificou intenção: Aluguel.;Aluguel;quartos
INT01858;LED0533;2026-08-27 12:00:00;Lead;Mensagem;Agente coletou preferências de região, orçamento e características.;Aluguel;quartos
INT01859;LED0533;2026-08-29 17:30:00;Agente;Follow-up;Agente realizou follow-up para retomar a conversa.;Aluguel;tipo_imovel_interesse
INT01860;LED0533;2026-08-31 19:00:00;Lead;Follow-up;Lead respondeu ao acompanhamento e atualizou preferências.;Aluguel;retorno_esperado_pct
INT01861;LED0534;2026-07-29 14:30:00;Lead;Mensagem;Lead iniciou contato solicitando informações sobre imóveis.;Compra;urgencia
INT01862;LED0534;2026-07-31 19:15:00;Agente;Mensagem;Agente identificou intenção: Compra.;Compra;orcamento_ticket
INT01863;LED0534;2026-08-02 15:00:00;Lead;Mensagem;Agente coletou preferências de região, orçamento e características.;Compra;quartos
INT01864;LED0534;2026-08-04 11:15:00;Agente;Follow-up;Agente realizou follow-up para retomar a conversa.;Compra;perfil_investidor
INT01865;LED0534;2026-08-06 11:15:00;Lead;Follow-up;Agente realizou follow-up para retomar a conversa.;Compra;intencao
INT01866;LED0535;2026-07-05 15:45:00;Lead;Mensagem;Lead demonstrou interesse e iniciou conversa com o agente.;Compra;tipo_imovel_interesse
INT01867;LED0535;2026-07-07 09:00:00;Agente;Mensagem;Agente identificou intenção: Compra.;Compra;perfil_investidor
INT01868;LED0535;2026-07-09 19:15:00;Lead;Mensagem;Agente coletou preferências de região, orçamento e características.;Compra;retorno_esperado_pct
INT01869;LED0535;2026-07-11 09:45:00;Agente;Follow-up;Lead respondeu ao acompanhamento e atualizou preferências.;Compra;tipo_imovel_interesse
INT01870;LED0536;2026-07-06 15:00:00;Lead;Mensagem;Lead iniciou contato solicitando informações sobre imóveis.;Compra;intencao
INT01871;LED0536;2026-07-08 11:15:00;Agente;Mensagem;Agente identificou intenção: Compra.;Compra;tipo_imovel_interesse
INT01872;LED0536;2026-07-10 18:15:00;Lead;Mensagem;Agente coletou preferências de região, orçamento e características.;Compra;intencao
INT01873;LED0536;2026-07-12 11:30:00;Agente;Follow-up;Lead respondeu ao acompanhamento e atualizou preferências.;Compra;intencao
INT01874;LED0537;2026-08-18 13:30:00;Lead;Mensagem;Lead demonstrou interesse e iniciou conversa com o agente.;Compra;orcamento_ticket
INT01875;LED0537;2026-08-20 12:15:00;Agente;Mensagem;Agente identificou intenção: Compra.;Compra;urgencia
INT01876;LED0537;2026-08-22 10:45:00;Lead;Mensagem;Agente coletou preferências de região, orçamento e características.;Compra;intencao
INT01877;LED0537;2026-08-24 10:30:00;Agente;Follow-up;Agente realizou follow-up para retomar a conversa.;Compra;tipo_imovel_interesse
INT01878;LED0538;2026-09-04 10:45:00;Lead;Mensagem;Lead iniciou contato solicitando informações sobre imóveis.;Investimento;regiao_bairro
INT01879;LED0538;2026-09-06 15:45:00;Agente;Mensagem;Agente identificou intenção: Investimento.;Investimento;intencao
INT01880;LED0539;2026-07-03 12:00:00;Lead;Mensagem;Lead respondeu anúncio e pediu atendimento.;Investimento;regiao_bairro
INT01881;LED0539;2026-07-05 18:45:00;Agente;Mensagem;Agente identificou intenção: Investimento.;Investimento;regiao_bairro
INT01882;LED0539;2026-07-07 12:15:00;Lead;Mensagem;Agente coletou preferências de região, orçamento e características.;Investimento;perfil_investidor
INT01883;LED0539;2026-07-09 09:45:00;Agente;Follow-up;Agente realizou follow-up para retomar a conversa.;Investimento;quartos
INT01884;LED0540;2026-08-03 16:30:00;Lead;Mensagem;Lead respondeu anúncio e pediu atendimento.;Aluguel;
INT01885;LED0540;2026-08-05 09:30:00;Agente;Mensagem;Agente identificou intenção: Aluguel.;Aluguel;quartos
INT01886;LED0540;2026-08-07 15:00:00;Lead;Mensagem;Agente coletou preferências de região, orçamento e características.;Aluguel;regiao_bairro
INT01887;LED0540;2026-08-09 15:45:00;Agente;Follow-up;Agente realizou follow-up para retomar a conversa.;Aluguel;intencao
INT01888;LED0540;2026-08-11 17:15:00;Lead;Follow-up;Agente confirmou próximos passos do atendimento.;Aluguel;intencao
INT01889;LED0541;2026-07-04 19:45:00;Lead;Mensagem;Lead iniciou contato solicitando informações sobre imóveis.;Investimento;orcamento_ticket
INT01890;LED0541;2026-07-06 12:15:00;Agente;Mensagem;Agente identificou intenção: Investimento.;Investimento;regiao_bairro
INT01891;LED0541;2026-07-08 13:30:00;Lead;Mensagem;Agente coletou preferências de região, orçamento e características.;Investimento;perfil_investidor
INT01892;LED0542;2026-09-01 18:15:00;Lead;Mensagem;Lead respondeu anúncio e pediu atendimento.;Compra;orcamento_ticket
INT01893;LED0542;2026-09-03 11:30:00;Agente;Mensagem;Agente identificou intenção: Compra.;Compra;perfil_investidor
INT01894;LED0542;2026-09-05 14:30:00;Lead;Mensagem;Agente coletou preferências de região, orçamento e características.;Compra;tipo_imovel_interesse
INT01895;LED0542;2026-09-07 12:30:00;Agente;Follow-up;Agente confirmou próximos passos do atendimento.;Compra;retorno_esperado_pct
INT01896;LED0543;2026-07-28 11:30:00;Lead;Mensagem;Lead iniciou contato solicitando informações sobre imóveis.;Investimento;quartos
INT01897;LED0543;2026-07-30 17:15:00;Agente;Mensagem;Agente identificou intenção: Investimento.;Investimento;orcamento_ticket
INT01898;LED0543;2026-08-01 19:45:00;Lead;Mensagem;Agente coletou preferências de região, orçamento e características.;Investimento;retorno_esperado_pct
INT01899;LED0544;2026-09-11 13:00:00;Lead;Mensagem;Lead respondeu anúncio e pediu atendimento.;Aluguel;intencao
INT01900;LED0544;2026-09-13 19:15:00;Agente;Mensagem;Agente identificou intenção: Aluguel.;Aluguel;urgencia
INT01901;LED0545;2026-07-26 09:30:00;Lead;Mensagem;Lead demonstrou interesse e iniciou conversa com o agente.;Compra;quartos
INT01902;LED0545;2026-07-28 17:30:00;Agente;Mensagem;Agente identificou intenção: Compra.;Compra;quartos
INT01903;LED0545;2026-07-30 11:30:00;Lead;Mensagem;Agente coletou preferências de região, orçamento e características.;Compra;quartos
INT01904;LED0546;2026-07-09 19:45:00;Lead;Mensagem;Lead iniciou contato solicitando informações sobre imóveis.;Aluguel;orcamento_ticket
INT01905;LED0546;2026-07-11 15:45:00;Agente;Mensagem;Agente identificou intenção: Aluguel.;Aluguel;quartos
INT01906;LED0546;2026-07-13 15:00:00;Lead;Mensagem;Agente coletou preferências de região, orçamento e características.;Aluguel;tipo_imovel_interesse
INT01907;LED0546;2026-07-15 16:15:00;Agente;Follow-up;Lead respondeu ao acompanhamento e atualizou preferências.;Aluguel;urgencia
INT01908;LED0547;2026-07-09 18:00:00;Lead;Mensagem;Lead demonstrou interesse e iniciou conversa com o agente.;Aluguel;retorno_esperado_pct
INT01909;LED0547;2026-07-11 18:45:00;Agente;Mensagem;Agente identificou intenção: Aluguel.;Aluguel;tipo_imovel_interesse
INT01910;LED0548;2026-09-04 16:45:00;Lead;Mensagem;Lead iniciou contato solicitando informações sobre imóveis.;Aluguel;intencao
INT01911;LED0548;2026-09-06 09:45:00;Agente;Mensagem;Agente identificou intenção: Aluguel.;Aluguel;tipo_imovel_interesse
INT01912;LED0549;2026-07-21 10:15:00;Lead;Mensagem;Lead iniciou contato solicitando informações sobre imóveis.;Aluguel;
INT01913;LED0549;2026-07-23 10:15:00;Agente;Mensagem;Agente identificou intenção: Aluguel.;Aluguel;perfil_investidor
INT01914;LED0549;2026-07-25 19:00:00;Lead;Mensagem;Agente coletou preferências de região, orçamento e características.;Aluguel;urgencia
INT01915;LED0549;2026-07-27 16:30:00;Agente;Follow-up;Agente realizou follow-up para retomar a conversa.;Aluguel;regiao_bairro
INT01916;LED0550;2026-08-27 15:45:00;Lead;Mensagem;Lead respondeu anúncio e pediu atendimento.;Aluguel;orcamento_ticket
INT01917;LED0550;2026-08-29 18:30:00;Agente;Mensagem;Agente identificou intenção: Aluguel.;Aluguel;quartos
INT01918;LED0551;2026-09-17 11:15:00;Lead;Mensagem;Lead iniciou contato solicitando informações sobre imóveis.;Aluguel;orcamento_ticket
INT01919;LED0551;2026-09-19 11:00:00;Agente;Mensagem;Agente identificou intenção: Aluguel.;Aluguel;orcamento_ticket
INT01920;LED0552;2026-09-12 17:15:00;Lead;Mensagem;Lead iniciou contato solicitando informações sobre imóveis.;Investimento;
INT01921;LED0552;2026-09-14 15:45:00;Agente;Mensagem;Agente identificou intenção: Investimento.;Investimento;regiao_bairro
INT01922;LED0552;2026-09-16 10:45:00;Lead;Mensagem;Agente coletou preferências de região, orçamento e características.;Investimento;quartos
INT01923;LED0552;2026-09-18 13:30:00;Agente;Follow-up;Lead respondeu ao acompanhamento e atualizou preferências.;Investimento;urgencia
INT01924;LED0552;2026-09-20 18:45:00;Lead;Follow-up;Agente confirmou próximos passos do atendimento.;Investimento;quartos
INT01925;LED0553;2026-08-14 16:15:00;Lead;Mensagem;Lead respondeu anúncio e pediu atendimento.;Compra;orcamento_ticket
INT01926;LED0553;2026-08-16 19:45:00;Agente;Mensagem;Agente identificou intenção: Compra.;Compra;quartos
INT01927;LED0553;2026-08-18 15:30:00;Lead;Mensagem;Agente coletou preferências de região, orçamento e características.;Compra;
INT01928;LED0553;2026-08-20 19:45:00;Agente;Follow-up;Agente realizou follow-up para retomar a conversa.;Compra;perfil_investidor
INT01929;LED0554;2026-09-18 18:30:00;Lead;Mensagem;Lead demonstrou interesse e iniciou conversa com o agente.;Compra;retorno_esperado_pct
INT01930;LED0554;2026-09-20 18:45:00;Agente;Mensagem;Agente identificou intenção: Compra.;Compra;regiao_bairro
INT01931;LED0554;2026-09-22 16:45:00;Lead;Mensagem;Agente coletou preferências de região, orçamento e características.;Compra;orcamento_ticket
INT01932;LED0554;2026-09-24 10:00:00;Agente;Follow-up;Agente realizou follow-up para retomar a conversa.;Compra;tipo_imovel_interesse
INT01933;LED0555;2026-07-28 18:30:00;Lead;Mensagem;Lead respondeu anúncio e pediu atendimento.;Investimento;regiao_bairro
INT01934;LED0555;2026-07-30 15:45:00;Agente;Mensagem;Agente identificou intenção: Investimento.;Investimento;orcamento_ticket
INT01935;LED0555;2026-08-01 09:00:00;Lead;Mensagem;Agente coletou preferências de região, orçamento e características.;Investimento;urgencia
INT01936;LED0556;2026-08-14 17:00:00;Lead;Mensagem;Lead demonstrou interesse e iniciou conversa com o agente.;Compra;
INT01937;LED0556;2026-08-16 11:00:00;Agente;Mensagem;Agente identificou intenção: Compra.;Compra;intencao
INT01938;LED0556;2026-08-18 12:15:00;Lead;Mensagem;Agente coletou preferências de região, orçamento e características.;Compra;quartos
INT01939;LED0556;2026-08-20 14:45:00;Agente;Follow-up;Lead respondeu ao acompanhamento e atualizou preferências.;Compra;regiao_bairro
INT01940;LED0557;2026-09-22 19:00:00;Lead;Mensagem;Lead iniciou contato solicitando informações sobre imóveis.;Compra;retorno_esperado_pct
INT01941;LED0557;2026-09-24 18:45:00;Agente;Mensagem;Agente identificou intenção: Compra.;Compra;
INT01942;LED0557;2026-09-25 13:30:00;Lead;Mensagem;Agente coletou preferências de região, orçamento e características.;Compra;
INT01943;LED0557;2026-09-25 13:00:00;Agente;Follow-up;Agente confirmou próximos passos do atendimento.;Compra;
INT01944;LED0557;2026-09-25 11:15:00;Lead;Follow-up;Agente realizou follow-up para retomar a conversa.;Compra;perfil_investidor
INT01945;LED0558;2026-07-29 14:30:00;Lead;Mensagem;Lead iniciou contato solicitando informações sobre imóveis.;Compra;regiao_bairro
INT01946;LED0558;2026-07-31 17:00:00;Agente;Mensagem;Agente identificou intenção: Compra.;Compra;regiao_bairro
INT01947;LED0558;2026-08-02 19:30:00;Lead;Mensagem;Agente coletou preferências de região, orçamento e características.;Compra;regiao_bairro
INT01948;LED0559;2026-07-05 16:00:00;Lead;Mensagem;Lead demonstrou interesse e iniciou conversa com o agente.;Investimento;urgencia
INT01949;LED0559;2026-07-07 17:15:00;Agente;Mensagem;Agente identificou intenção: Investimento.;Investimento;
INT01950;LED0559;2026-07-09 17:15:00;Lead;Mensagem;Agente coletou preferências de região, orçamento e características.;Investimento;retorno_esperado_pct
INT01951;LED0559;2026-07-11 09:30:00;Agente;Follow-up;Agente realizou follow-up para retomar a conversa.;Investimento;orcamento_ticket
INT01952;LED0559;2026-07-13 15:30:00;Lead;Follow-up;Agente confirmou próximos passos do atendimento.;Investimento;
INT01953;LED0560;2026-08-19 18:15:00;Lead;Mensagem;Lead iniciou contato solicitando informações sobre imóveis.;Compra;retorno_esperado_pct
INT01954;LED0560;2026-08-21 15:45:00;Agente;Mensagem;Agente identificou intenção: Compra.;Compra;retorno_esperado_pct
INT01955;LED0561;2026-07-03 15:00:00;Lead;Mensagem;Lead respondeu anúncio e pediu atendimento.;Investimento;retorno_esperado_pct
INT01956;LED0561;2026-07-05 14:00:00;Agente;Mensagem;Agente identificou intenção: Investimento.;Investimento;
INT01957;LED0562;2026-08-12 12:45:00;Lead;Mensagem;Lead iniciou contato solicitando informações sobre imóveis.;Compra;intencao
INT01958;LED0562;2026-08-14 16:45:00;Agente;Mensagem;Agente identificou intenção: Compra.;Compra;orcamento_ticket
INT01959;LED0562;2026-08-16 19:00:00;Lead;Mensagem;Agente coletou preferências de região, orçamento e características.;Compra;quartos
INT01960;LED0563;2026-08-23 15:45:00;Lead;Mensagem;Lead demonstrou interesse e iniciou conversa com o agente.;;tipo_imovel_interesse
INT01961;LED0563;2026-08-25 10:15:00;Agente;Mensagem;Agente identificou intenção: ainda não definida.;;tipo_imovel_interesse
INT01962;LED0564;2026-09-24 15:15:00;Lead;Mensagem;Lead iniciou contato solicitando informações sobre imóveis.;Aluguel;orcamento_ticket
INT01963;LED0564;2026-09-25 18:15:00;Agente;Mensagem;Agente identificou intenção: Aluguel.;Aluguel;perfil_investidor
INT01964;LED0564;2026-09-25 15:00:00;Lead;Mensagem;Agente coletou preferências de região, orçamento e características.;Aluguel;retorno_esperado_pct
INT01965;LED0564;2026-09-25 15:30:00;Agente;Follow-up;Agente confirmou próximos passos do atendimento.;Aluguel;quartos
INT01966;LED0564;2026-09-25 11:00:00;Lead;Follow-up;Agente confirmou próximos passos do atendimento.;Aluguel;tipo_imovel_interesse
INT01967;LED0565;2026-07-05 09:45:00;Lead;Mensagem;Lead iniciou contato solicitando informações sobre imóveis.;Investimento;orcamento_ticket
INT01968;LED0565;2026-07-07 13:30:00;Agente;Mensagem;Agente identificou intenção: Investimento.;Investimento;perfil_investidor
INT01969;LED0565;2026-07-09 13:00:00;Lead;Mensagem;Agente coletou preferências de região, orçamento e características.;Investimento;urgencia
INT01970;LED0565;2026-07-11 15:00:00;Agente;Follow-up;Agente confirmou próximos passos do atendimento.;Investimento;regiao_bairro
INT01971;LED0566;2026-09-12 19:00:00;Lead;Mensagem;Lead demonstrou interesse e iniciou conversa com o agente.;Aluguel;quartos
INT01972;LED0566;2026-09-14 13:30:00;Agente;Mensagem;Agente identificou intenção: Aluguel.;Aluguel;intencao
INT01973;LED0566;2026-09-16 17:15:00;Lead;Mensagem;Agente coletou preferências de região, orçamento e características.;Aluguel;retorno_esperado_pct
INT01974;LED0566;2026-09-18 14:15:00;Agente;Follow-up;Agente confirmou próximos passos do atendimento.;Aluguel;regiao_bairro
INT01975;LED0566;2026-09-20 13:30:00;Lead;Follow-up;Agente realizou follow-up para retomar a conversa.;Aluguel;quartos
INT01976;LED0567;2026-09-18 13:00:00;Lead;Mensagem;Lead iniciou contato solicitando informações sobre imóveis.;Aluguel;urgencia
INT01977;LED0567;2026-09-20 13:30:00;Agente;Mensagem;Agente identificou intenção: Aluguel.;Aluguel;orcamento_ticket
INT01978;LED0567;2026-09-22 15:00:00;Lead;Mensagem;Agente coletou preferências de região, orçamento e características.;Aluguel;tipo_imovel_interesse
INT01979;LED0568;2026-09-11 09:30:00;Lead;Mensagem;Lead iniciou contato solicitando informações sobre imóveis.;Compra;tipo_imovel_interesse
INT01980;LED0568;2026-09-13 12:30:00;Agente;Mensagem;Agente identificou intenção: Compra.;Compra;regiao_bairro
INT01981;LED0568;2026-09-15 18:30:00;Lead;Mensagem;Agente coletou preferências de região, orçamento e características.;Compra;
INT01982;LED0568;2026-09-17 10:00:00;Agente;Follow-up;Agente realizou follow-up para retomar a conversa.;Compra;quartos
INT01983;LED0569;2026-08-23 14:15:00;Lead;Mensagem;Lead respondeu anúncio e pediu atendimento.;Aluguel;orcamento_ticket
INT01984;LED0569;2026-08-25 10:45:00;Agente;Mensagem;Agente identificou intenção: Aluguel.;Aluguel;orcamento_ticket
INT01985;LED0570;2026-09-21 14:30:00;Lead;Mensagem;Lead iniciou contato solicitando informações sobre imóveis.;Aluguel;perfil_investidor
INT01986;LED0570;2026-09-23 19:30:00;Agente;Mensagem;Agente identificou intenção: Aluguel.;Aluguel;regiao_bairro
INT01987;LED0571;2026-07-17 12:15:00;Lead;Mensagem;Lead demonstrou interesse e iniciou conversa com o agente.;Compra;regiao_bairro
INT01988;LED0571;2026-07-19 11:30:00;Agente;Mensagem;Agente identificou intenção: Compra.;Compra;regiao_bairro
INT01989;LED0572;2026-08-14 16:00:00;Lead;Mensagem;Lead demonstrou interesse e iniciou conversa com o agente.;Investimento;perfil_investidor
INT01990;LED0572;2026-08-16 10:15:00;Agente;Mensagem;Agente identificou intenção: Investimento.;Investimento;orcamento_ticket
INT01991;LED0572;2026-08-18 14:45:00;Lead;Mensagem;Agente coletou preferências de região, orçamento e características.;Investimento;retorno_esperado_pct
INT01992;LED0573;2026-08-10 12:30:00;Lead;Mensagem;Lead demonstrou interesse e iniciou conversa com o agente.;Compra;urgencia
INT01993;LED0573;2026-08-12 16:15:00;Agente;Mensagem;Agente identificou intenção: Compra.;Compra;orcamento_ticket
INT01994;LED0573;2026-08-14 17:45:00;Lead;Mensagem;Agente coletou preferências de região, orçamento e características.;Compra;regiao_bairro
INT01995;LED0574;2026-08-31 09:15:00;Lead;Mensagem;Lead demonstrou interesse e iniciou conversa com o agente.;Compra;retorno_esperado_pct
INT01996;LED0574;2026-09-02 14:00:00;Agente;Mensagem;Agente identificou intenção: Compra.;Compra;quartos
INT01997;LED0575;2026-09-22 09:15:00;Lead;Mensagem;Lead respondeu anúncio e pediu atendimento.;Investimento;quartos
INT01998;LED0575;2026-09-24 19:15:00;Agente;Mensagem;Agente identificou intenção: Investimento.;Investimento;intencao
INT01999;LED0575;2026-09-25 09:30:00;Lead;Mensagem;Agente coletou preferências de região, orçamento e características.;Investimento;retorno_esperado_pct
INT02000;LED0576;2026-08-12 14:00:00;Lead;Mensagem;Lead iniciou contato solicitando informações sobre imóveis.;Investimento;urgencia
INT02001;LED0576;2026-08-14 13:45:00;Agente;Mensagem;Agente identificou intenção: Investimento.;Investimento;urgencia
INT02002;LED0576;2026-08-16 09:00:00;Lead;Mensagem;Agente coletou preferências de região, orçamento e características.;Investimento;
INT02003;LED0577;2026-07-16 19:15:00;Lead;Mensagem;Lead iniciou contato solicitando informações sobre imóveis.;Compra;intencao
INT02004;LED0577;2026-07-18 13:45:00;Agente;Mensagem;Agente identificou intenção: Compra.;Compra;urgencia
INT02005;LED0577;2026-07-20 13:30:00;Lead;Mensagem;Agente coletou preferências de região, orçamento e características.;Compra;retorno_esperado_pct
INT02006;LED0577;2026-07-22 18:15:00;Agente;Follow-up;Agente confirmou próximos passos do atendimento.;Compra;orcamento_ticket
INT02007;LED0577;2026-07-24 18:00:00;Lead;Follow-up;Agente confirmou próximos passos do atendimento.;Compra;quartos
INT02008;LED0578;2026-09-04 10:45:00;Lead;Mensagem;Lead demonstrou interesse e iniciou conversa com o agente.;Aluguel;quartos
INT02009;LED0578;2026-09-06 11:15:00;Agente;Mensagem;Agente identificou intenção: Aluguel.;Aluguel;perfil_investidor
INT02010;LED0578;2026-09-08 10:45:00;Lead;Mensagem;Agente coletou preferências de região, orçamento e características.;Aluguel;perfil_investidor
INT02011;LED0579;2026-07-10 16:00:00;Lead;Mensagem;Lead respondeu anúncio e pediu atendimento.;;urgencia
INT02012;LED0579;2026-07-12 13:45:00;Agente;Mensagem;Agente identificou intenção: ainda não definida.;;regiao_bairro
INT02013;LED0579;2026-07-14 15:45:00;Lead;Mensagem;Agente coletou preferências de região, orçamento e características.;;
INT02014;LED0580;2026-08-23 09:00:00;Lead;Mensagem;Lead demonstrou interesse e iniciou conversa com o agente.;Compra;perfil_investidor
INT02015;LED0580;2026-08-25 13:00:00;Agente;Mensagem;Agente identificou intenção: Compra.;Compra;orcamento_ticket
INT02016;LED0581;2026-07-01 16:45:00;Lead;Mensagem;Lead respondeu anúncio e pediu atendimento.;Aluguel;
INT02017;LED0581;2026-07-03 13:00:00;Agente;Mensagem;Agente identificou intenção: Aluguel.;Aluguel;orcamento_ticket
INT02018;LED0581;2026-07-05 15:15:00;Lead;Mensagem;Agente coletou preferências de região, orçamento e características.;Aluguel;urgencia
INT02019;LED0581;2026-07-07 19:45:00;Agente;Follow-up;Agente realizou follow-up para retomar a conversa.;Aluguel;retorno_esperado_pct
INT02020;LED0582;2026-08-06 14:45:00;Lead;Mensagem;Lead demonstrou interesse e iniciou conversa com o agente.;Compra;tipo_imovel_interesse
INT02021;LED0582;2026-08-08 11:30:00;Agente;Mensagem;Agente identificou intenção: Compra.;Compra;urgencia
INT02022;LED0582;2026-08-10 14:30:00;Lead;Mensagem;Agente coletou preferências de região, orçamento e características.;Compra;urgencia
INT02023;LED0582;2026-08-12 19:45:00;Agente;Follow-up;Agente confirmou próximos passos do atendimento.;Compra;retorno_esperado_pct
INT02024;LED0583;2026-07-20 14:15:00;Lead;Mensagem;Lead respondeu anúncio e pediu atendimento.;Investimento;retorno_esperado_pct
INT02025;LED0583;2026-07-22 13:45:00;Agente;Mensagem;Agente identificou intenção: Investimento.;Investimento;
INT02026;LED0583;2026-07-24 18:30:00;Lead;Mensagem;Agente coletou preferências de região, orçamento e características.;Investimento;
INT02027;LED0583;2026-07-26 12:30:00;Agente;Follow-up;Agente realizou follow-up para retomar a conversa.;Investimento;perfil_investidor
INT02028;LED0583;2026-07-28 16:00:00;Lead;Follow-up;Agente confirmou próximos passos do atendimento.;Investimento;perfil_investidor
INT02029;LED0584;2026-07-02 18:45:00;Lead;Mensagem;Lead iniciou contato solicitando informações sobre imóveis.;Compra;orcamento_ticket
INT02030;LED0584;2026-07-04 17:30:00;Agente;Mensagem;Agente identificou intenção: Compra.;Compra;regiao_bairro
INT02031;LED0584;2026-07-06 17:15:00;Lead;Mensagem;Agente coletou preferências de região, orçamento e características.;Compra;regiao_bairro
INT02032;LED0585;2026-08-28 15:45:00;Lead;Mensagem;Lead iniciou contato solicitando informações sobre imóveis.;Aluguel;retorno_esperado_pct
INT02033;LED0585;2026-08-30 11:15:00;Agente;Mensagem;Agente identificou intenção: Aluguel.;Aluguel;perfil_investidor
INT02034;LED0585;2026-09-01 15:30:00;Lead;Mensagem;Agente coletou preferências de região, orçamento e características.;Aluguel;orcamento_ticket
INT02035;LED0585;2026-09-03 09:45:00;Agente;Follow-up;Agente realizou follow-up para retomar a conversa.;Aluguel;urgencia
INT02036;LED0586;2026-07-08 17:45:00;Lead;Mensagem;Lead iniciou contato solicitando informações sobre imóveis.;Investimento;intencao
INT02037;LED0586;2026-07-10 16:00:00;Agente;Mensagem;Agente identificou intenção: Investimento.;Investimento;urgencia
INT02038;LED0586;2026-07-12 10:15:00;Lead;Mensagem;Agente coletou preferências de região, orçamento e características.;Investimento;quartos
INT02039;LED0586;2026-07-14 13:45:00;Agente;Follow-up;Agente confirmou próximos passos do atendimento.;Investimento;orcamento_ticket
INT02040;LED0586;2026-07-16 12:15:00;Lead;Follow-up;Agente confirmou próximos passos do atendimento.;Investimento;orcamento_ticket
INT02041;LED0587;2026-08-01 15:45:00;Lead;Mensagem;Lead iniciou contato solicitando informações sobre imóveis.;Compra;tipo_imovel_interesse
INT02042;LED0587;2026-08-03 15:15:00;Agente;Mensagem;Agente identificou intenção: Compra.;Compra;quartos
INT02043;LED0587;2026-08-05 10:15:00;Lead;Mensagem;Agente coletou preferências de região, orçamento e características.;Compra;retorno_esperado_pct
INT02044;LED0588;2026-08-24 14:15:00;Lead;Mensagem;Lead respondeu anúncio e pediu atendimento.;Aluguel;tipo_imovel_interesse
INT02045;LED0588;2026-08-26 18:30:00;Agente;Mensagem;Agente identificou intenção: Aluguel.;Aluguel;retorno_esperado_pct
INT02046;LED0589;2026-07-12 13:15:00;Lead;Mensagem;Lead iniciou contato solicitando informações sobre imóveis.;Aluguel;
INT02047;LED0589;2026-07-14 19:00:00;Agente;Mensagem;Agente identificou intenção: Aluguel.;Aluguel;orcamento_ticket
INT02048;LED0590;2026-09-07 17:15:00;Lead;Mensagem;Lead demonstrou interesse e iniciou conversa com o agente.;Compra;intencao
INT02049;LED0590;2026-09-09 14:45:00;Agente;Mensagem;Agente identificou intenção: Compra.;Compra;urgencia
INT02050;LED0591;2026-07-04 11:45:00;Lead;Mensagem;Lead respondeu anúncio e pediu atendimento.;Compra;intencao
INT02051;LED0591;2026-07-06 11:30:00;Agente;Mensagem;Agente identificou intenção: Compra.;Compra;
INT02052;LED0592;2026-09-03 12:30:00;Lead;Mensagem;Lead demonstrou interesse e iniciou conversa com o agente.;Compra;orcamento_ticket
INT02053;LED0592;2026-09-05 11:15:00;Agente;Mensagem;Agente identificou intenção: Compra.;Compra;regiao_bairro
INT02054;LED0592;2026-09-07 15:00:00;Lead;Mensagem;Agente coletou preferências de região, orçamento e características.;Compra;tipo_imovel_interesse
INT02055;LED0592;2026-09-09 17:00:00;Agente;Follow-up;Lead respondeu ao acompanhamento e atualizou preferências.;Compra;regiao_bairro
INT02056;LED0592;2026-09-11 10:00:00;Lead;Follow-up;Agente realizou follow-up para retomar a conversa.;Compra;retorno_esperado_pct
INT02057;LED0593;2026-08-08 18:15:00;Lead;Mensagem;Lead demonstrou interesse e iniciou conversa com o agente.;Aluguel;urgencia
INT02058;LED0593;2026-08-10 10:45:00;Agente;Mensagem;Agente identificou intenção: Aluguel.;Aluguel;retorno_esperado_pct
INT02059;LED0593;2026-08-12 17:30:00;Lead;Mensagem;Agente coletou preferências de região, orçamento e características.;Aluguel;orcamento_ticket
INT02060;LED0593;2026-08-14 14:30:00;Agente;Follow-up;Agente confirmou próximos passos do atendimento.;Aluguel;orcamento_ticket
INT02061;LED0593;2026-08-16 09:00:00;Lead;Follow-up;Agente confirmou próximos passos do atendimento.;Aluguel;quartos
INT02062;LED0594;2026-07-07 16:30:00;Lead;Mensagem;Lead respondeu anúncio e pediu atendimento.;Aluguel;
INT02063;LED0594;2026-07-09 12:45:00;Agente;Mensagem;Agente identificou intenção: Aluguel.;Aluguel;
INT02064;LED0594;2026-07-11 19:00:00;Lead;Mensagem;Agente coletou preferências de região, orçamento e características.;Aluguel;orcamento_ticket
INT02065;LED0594;2026-07-13 09:45:00;Agente;Follow-up;Lead respondeu ao acompanhamento e atualizou preferências.;Aluguel;orcamento_ticket
INT02066;LED0595;2026-08-31 19:15:00;Lead;Mensagem;Lead demonstrou interesse e iniciou conversa com o agente.;Compra;perfil_investidor
INT02067;LED0595;2026-09-02 16:15:00;Agente;Mensagem;Agente identificou intenção: Compra.;Compra;orcamento_ticket
INT02068;LED0595;2026-09-04 09:00:00;Lead;Mensagem;Agente coletou preferências de região, orçamento e características.;Compra;quartos
INT02069;LED0595;2026-09-06 11:00:00;Agente;Follow-up;Agente confirmou próximos passos do atendimento.;Compra;retorno_esperado_pct
INT02070;LED0596;2026-08-10 15:30:00;Lead;Mensagem;Lead demonstrou interesse e iniciou conversa com o agente.;Compra;intencao
INT02071;LED0596;2026-08-12 19:15:00;Agente;Mensagem;Agente identificou intenção: Compra.;Compra;
INT02072;LED0596;2026-08-14 16:15:00;Lead;Mensagem;Agente coletou preferências de região, orçamento e características.;Compra;urgencia
INT02073;LED0596;2026-08-16 19:30:00;Agente;Follow-up;Agente realizou follow-up para retomar a conversa.;Compra;quartos
INT02074;LED0596;2026-08-18 18:00:00;Lead;Follow-up;Lead respondeu ao acompanhamento e atualizou preferências.;Compra;quartos
INT02075;LED0597;2026-08-08 11:30:00;Lead;Mensagem;Lead respondeu anúncio e pediu atendimento.;Investimento;urgencia
INT02076;LED0597;2026-08-10 19:15:00;Agente;Mensagem;Agente identificou intenção: Investimento.;Investimento;orcamento_ticket
INT02077;LED0598;2026-09-12 16:45:00;Lead;Mensagem;Lead demonstrou interesse e iniciou conversa com o agente.;Compra;tipo_imovel_interesse
INT02078;LED0598;2026-09-14 13:15:00;Agente;Mensagem;Agente identificou intenção: Compra.;Compra;perfil_investidor
INT02079;LED0598;2026-09-16 15:00:00;Lead;Mensagem;Agente coletou preferências de região, orçamento e características.;Compra;regiao_bairro
INT02080;LED0599;2026-09-03 15:30:00;Lead;Mensagem;Lead respondeu anúncio e pediu atendimento.;Investimento;tipo_imovel_interesse
INT02081;LED0599;2026-09-05 17:00:00;Agente;Mensagem;Agente identificou intenção: Investimento.;Investimento;intencao
INT02082;LED0599;2026-09-07 13:45:00;Lead;Mensagem;Agente coletou preferências de região, orçamento e características.;Investimento;perfil_investidor
INT02083;LED0599;2026-09-09 14:15:00;Agente;Follow-up;Agente confirmou próximos passos do atendimento.;Investimento;perfil_investidor
INT02084;LED0599;2026-09-11 15:30:00;Lead;Follow-up;Agente confirmou próximos passos do atendimento.;Investimento;orcamento_ticket
INT02085;LED0600;2026-08-29 17:30:00;Lead;Mensagem;Lead iniciou contato solicitando informações sobre imóveis.;Aluguel;tipo_imovel_interesse
INT02086;LED0600;2026-08-31 18:15:00;Agente;Mensagem;Agente identificou intenção: Aluguel.;Aluguel;urgencia
INT02087;LED0600;2026-09-02 19:15:00;Lead;Mensagem;Agente coletou preferências de região, orçamento e características.;Aluguel;
INT02088;LED0600;2026-09-04 14:30:00;Agente;Follow-up;Agente realizou follow-up para retomar a conversa.;Aluguel;tipo_imovel_interesse
