id_lead;nome;email_ficticio;canal;intencao;orcamento_ticket;zona_preferida;regiao_bairro;tipo_imovel_interesse;quartos;urgencia;perfil_investidor;retorno_esperado_pct;aceita_pet;prefere_mobiliado;prefere_proximo_metro;prefere_imovel_novo;aceitou_visita_reuniao;data_entrada;ultimo_contato;proximo_followup;quantidade_followups;respondeu_followup;status;score;classificacao;observacao
LED0001;Lucas Nunes;lead0001@exemplo.com;Indicação;Compra;900000;Sul;Saúde;Apartamento;4;Alta;;;Indiferente;Não;Não;Não;Sim;2026-09-16 00:00:00;2026-09-23 00:00:00;;1;Sim;Encaminhado ao corretor;100;Quente;Busca oportunidade com boa liquidez
LED0002;Leonardo Moraes;lead0002@exemplo.com;Instagram;Compra;1200000;Norte;Mandaqui;;4;Média;;;Não;Não;Sim;Sim;Sim;2026-08-15 00:00:00;2026-08-20 00:00:00;;0;Não se aplica;Encaminhado ao corretor;85;Quente;Ainda está comparando opções
LED0003;Bruno Almeida;lead0003@exemplo.com;Indicação;Investimento;2500000;Leste;Mooca;Casa;2;Baixa;Arrojado;4.5;Sim;Não;Indiferente;Indiferente;Não;2026-08-19 00:00:00;2026-08-31 00:00:00;2026-09-27 00:00:00;0;Não se aplica;Follow-up;73;Quente;Aceita avaliar bairros próximos
LED0004;Diego Xavier;lead0004@exemplo.com;Site;Compra;550000;;;Studio;1;Média;;;Indiferente;Não;Não;Indiferente;;2026-09-21 00:00:00;2026-09-25 00:00:00;2026-10-02 00:00:00;0;Não se aplica;Follow-up;60;Morno;Aceita avaliar bairros próximos
LED0005;Simone Bastos;lead0005@exemplo.com;Instagram;Aluguel;2500;;;Casa;;Média;;;Indiferente;Sim;Sim;Não;Sim;2026-07-03 00:00:00;2026-07-14 00:00:00;;3;Sim;Encaminhado ao corretor;70;Quente;Busca oportunidade com boa liquidez
LED0006;Orlando Paiva;lead0006@exemplo.com;WhatsApp;Aluguel;7500;Leste;Belém;Apartamento;2;Média;;;Não;Indiferente;Sim;Indiferente;Não;2026-09-22 00:00:00;2026-09-25 00:00:00;2026-09-30 00:00:00;0;Não se aplica;Em qualificação;75;Quente;Deseja mudança em curto prazo
LED0007;Márcia Farias;lead0007@exemplo.com;Indicação;Investimento;800000;Leste;Anália Franco;Casa;4;Alta;Moderado;5.0;Sim;Indiferente;Indiferente;Indiferente;Não;2026-08-16 00:00:00;2026-08-30 00:00:00;2026-09-26 00:00:00;0;Não se aplica;Follow-up;80;Quente;Aceita avaliar bairros próximos
LED0008;Felipe Rocha;lead0008@exemplo.com;WhatsApp;Investimento;;;;Cobertura;3;Baixa;Arrojado;7.0;Sim;Sim;Sim;Não;Sim;2026-07-03 00:00:00;2026-07-06 00:00:00;;0;Não se aplica;Qualificado;63;Morno;
LED0009;Fábio Neves;lead0009@exemplo.com;Indicação;Aluguel;3000;Centro;República;Apartamento;3;Média;;;Não;Indiferente;Não;Não;;2026-07-13 00:00:00;2026-07-20 00:00:00;2026-09-28 00:00:00;0;Não se aplica;Follow-up;75;Quente;Aceita avaliar bairros próximos
LED0010;Samuel Batista;lead0010@exemplo.com;Site;Compra;900000;Centro;Cambuci;Casa;2;;;;Indiferente;Sim;Não;Sim;Não;2026-07-26 00:00:00;2026-08-01 00:00:00;;4;Sim;Follow-up;65;Morno;
LED0011;Otávio Barros;lead0011@exemplo.com;WhatsApp;Compra;;Oeste;Perdizes;Cobertura;3;Média;;;Sim;Sim;Sim;Sim;Sim;2026-09-08 00:00:00;2026-09-17 00:00:00;;1;Não;Encaminhado ao corretor;75;Quente;Aceita avaliar bairros próximos
LED0012;Vinícius Moura;lead0012@exemplo.com;Indicação;Aluguel;4000;;;Cobertura;3;Alta;;;Indiferente;Indiferente;Sim;Indiferente;Sim;2026-08-24 00:00:00;2026-08-25 00:00:00;;3;Não;Visita agendada;85;Quente;Prioriza baixo valor de condomínio
LED0013;Simone Bastos;lead0013@exemplo.com;Site;Compra;550000;Leste;Belém;;3;Média;;;Indiferente;Indiferente;Sim;Sim;Não;2026-08-25 00:00:00;2026-08-28 00:00:00;;3;Sim;Em qualificação;65;Morno;Busca oportunidade com boa liquidez
LED0014;Márcia Farias;lead0014@exemplo.com;Site;Aluguel;12000;Sul;Campo Belo;Cobertura;3;Média;;;Sim;Sim;Sim;Indiferente;;2026-08-31 00:00:00;2026-09-02 00:00:00;2026-09-26 00:00:00;0;Não se aplica;Follow-up;75;Quente;Ainda está comparando opções
LED0015;Elaine Braga;lead0015@exemplo.com;Site;Compra;1200000;Sul;Jabaquara;Apartamento;3;Baixa;;;Sim;Não;Não;Não;;2026-08-14 00:00:00;2026-08-19 00:00:00;;2;Sim;Qualificado;70;Quente;Prioriza baixo valor de condomínio
LED0016;Natália Correia;lead0016@exemplo.com;Portal imobiliário;Compra;550000;Norte;Casa Verde;Casa;3;Alta;;;Indiferente;Indiferente;Não;Sim;;2026-08-23 00:00:00;2026-09-12 00:00:00;2026-09-28 00:00:00;2;Não;Em qualificação;80;Quente;Quer avaliar duas regiões diferentes
LED0017;Patrícia Duarte;lead0017@exemplo.com;Portal imobiliário;Investimento;300000;Sul;Campo Belo;Casa;3;Média;Conservador;4.5;Sim;Sim;Indiferente;Não;;2026-07-06 00:00:00;2026-07-10 00:00:00;;4;Sim;Em qualificação;77;Quente;Quer avaliar duas regiões diferentes
LED0018;Adriana Melo;lead0018@exemplo.com;Instagram;Compra;700000;Sul;Morumbi;Cobertura;4;Média;;;Não;Não;Não;Sim;Não;2026-08-01 00:00:00;2026-08-10 00:00:00;2026-09-29 00:00:00;4;Não;Qualificado;75;Quente;Deseja mudança em curto prazo
LED0019;Thiago Carvalho;lead0019@exemplo.com;WhatsApp;Compra;450000;;;Cobertura;3;;;;Não;Sim;Não;Sim;;2026-09-21 00:00:00;2026-09-24 00:00:00;;2;Sim;Em qualificação;50;Morno;Ainda está comparando opções
LED0020;Giovana Prado;lead0020@exemplo.com;WhatsApp;Investimento;;Leste;Mooca;Studio;0;Alta;;4.5;Sim;Não;Sim;Sim;Não;2026-07-25 00:00:00;2026-08-13 00:00:00;;4;Sim;Em qualificação;45;Morno;Ainda está comparando opções
LED0021;Rafael Moreira;lead0021@exemplo.com;Instagram;;3500000;Leste;Tatuapé;Studio;0;Baixa;;;Não;Não;Indiferente;Indiferente;;2026-08-29 00:00:00;2026-09-18 00:00:00;2026-09-26 00:00:00;3;Não;Sem contato;32;Frio;Busca oportunidade com boa liquidez
LED0022;José Lima;lead0022@exemplo.com;WhatsApp;Investimento;600000;Oeste;Jaguaré;Cobertura;2;;Moderado;6.0;Não;Indiferente;Não;Indiferente;Sim;2026-09-15 00:00:00;2026-09-20 00:00:00;;4;Não;Qualificado;90;Quente;
LED0023;Rodrigo Siqueira;lead0023@exemplo.com;Indicação;Investimento;600000;;;Cobertura;;Alta;Conservador;4.0;Não;Não;Sim;Sim;Sim;2026-07-15 00:00:00;2026-07-17 00:00:00;;0;Não se aplica;Qualificado;90;Quente;Busca oportunidade com boa liquidez
LED0024;Lucas Nunes;lead0024@exemplo.com;Indicação;Compra;450000;Leste;Mooca;Studio;0;Baixa;;;Sim;Indiferente;Sim;Sim;Não;2026-08-15 00:00:00;2026-08-30 00:00:00;2026-10-02 00:00:00;0;Não se aplica;Em qualificação;70;Quente;Aceita avaliar bairros próximos
LED0025;Eduarda Lima;lead0025@exemplo.com;Portal imobiliário;;3500000;Leste;Vila Prudente;Casa;;Baixa;;;Indiferente;Não;Não;Não;;2026-08-01 00:00:00;2026-08-17 00:00:00;;1;Sim;Sem contato;27;Frio;Prioriza baixo valor de condomínio
LED0026;Bruno Almeida;lead0026@exemplo.com;Site;Investimento;300000;Oeste;Pinheiros;Apartamento;4;Baixa;Conservador;5.0;Indiferente;Não;Sim;Indiferente;Não;2026-09-19 00:00:00;2026-09-21 00:00:00;2026-09-27 00:00:00;3;Não;Em qualificação;73;Quente;Prefere contato após 18h
LED0027;Simone Bastos;lead0027@exemplo.com;WhatsApp;Aluguel;9000;;;Casa;2;Média;;;Indiferente;Não;Sim;Indiferente;Sim;2026-09-15 00:00:00;2026-09-15 00:00:00;;4;Não;Encaminhado ao corretor;80;Quente;Prioriza baixo valor de condomínio
LED0028;Juliana Pires;lead0028@exemplo.com;Portal imobiliário;Aluguel;12000;Oeste;Butantã;Casa;4;Baixa;;;Indiferente;Não;Indiferente;Não;;2026-07-02 00:00:00;2026-07-19 00:00:00;;4;Sim;Qualificado;70;Quente;
LED0029;Gustavo Cardoso;lead0029@exemplo.com;Indicação;Investimento;;Sul;Brooklin;Studio;0;Alta;Arrojado;4.0;Sim;Não;Indiferente;Indiferente;;2026-07-28 00:00:00;2026-08-09 00:00:00;2026-09-30 00:00:00;0;Não se aplica;Em qualificação;60;Morno;Ainda está comparando opções
LED0030;Hugo Silveira;lead0030@exemplo.com;WhatsApp;Compra;900000;Leste;Penha;Cobertura;2;Baixa;;;Não;Sim;Indiferente;Indiferente;;2026-07-15 00:00:00;2026-07-17 00:00:00;2026-10-02 00:00:00;0;Não se aplica;Qualificado;70;Quente;Aceita avaliar bairros próximos
LED0031;Nicolas Gomes;lead0031@exemplo.com;WhatsApp;Compra;;Centro;Consolação;Casa;4;Média;;;Indiferente;Sim;Indiferente;Sim;Não;2026-07-06 00:00:00;2026-07-18 00:00:00;2026-10-01 00:00:00;0;Não se aplica;Em qualificação;55;Morno;
LED0032;Helena Teixeira;lead0032@exemplo.com;Indicação;Compra;3500000;Leste;Anália Franco;Studio;1;;;;Sim;Indiferente;Sim;Sim;Sim;2026-07-28 00:00:00;2026-08-09 00:00:00;;1;Sim;Encaminhado ao corretor;85;Quente;Ainda está comparando opções
LED0033;João Mendes;lead0033@exemplo.com;WhatsApp;Compra;1200000;Sul;Interlagos;Apartamento;;Média;;;Indiferente;Indiferente;Sim;Indiferente;Sim;2026-07-09 00:00:00;2026-07-23 00:00:00;;4;Sim;Qualificado;85;Quente;Quer avaliar duas regiões diferentes
LED0034;Elaine Braga;lead0034@exemplo.com;WhatsApp;Investimento;300000;;;Casa;4;;Conservador;6.5;Não;Sim;Indiferente;Não;Não;2026-08-04 00:00:00;2026-08-10 00:00:00;;1;Sim;Novo;60;Morno;Deseja mudança em curto prazo
LED0035;João Mendes;lead0035@exemplo.com;Portal imobiliário;Compra;;Norte;Mandaqui;Studio;0;Média;;;Indiferente;Indiferente;Não;Sim;Sim;2026-09-07 00:00:00;2026-09-25 00:00:00;;0;Não se aplica;Visita agendada;75;Quente;Prioriza baixo valor de condomínio
LED0036;Cláudia Reis;lead0036@exemplo.com;Portal imobiliário;Compra;450000;Leste;Tatuapé;Apartamento;4;Alta;;;Indiferente;Sim;Não;Não;;2026-08-20 00:00:00;2026-08-25 00:00:00;;4;Sim;Qualificado;80;Quente;Busca oportunidade com boa liquidez
LED0037;Gabriela Martins;lead0037@exemplo.com;Portal imobiliário;Aluguel;2500;Oeste;Jaguaré;Cobertura;4;Alta;;;Não;Não;Não;Sim;Não;2026-08-15 00:00:00;2026-09-04 00:00:00;;2;Sim;Em qualificação;80;Quente;Aceita avaliar bairros próximos
LED0038;Cláudia Reis;lead0038@exemplo.com;Portal imobiliário;Investimento;600000;Oeste;Perdizes;Cobertura;2;Baixa;Arrojado;6.0;Não;Indiferente;Sim;Não;Não;2026-08-05 00:00:00;2026-08-14 00:00:00;2026-09-30 00:00:00;0;Não se aplica;Follow-up;73;Quente;Aceita avaliar bairros próximos
LED0039;Helena Teixeira;lead0039@exemplo.com;Site;Investimento;300000;Leste;Carrão;;1;;Arrojado;;Indiferente;Indiferente;Sim;Indiferente;Não;2026-08-07 00:00:00;2026-08-22 00:00:00;2026-09-26 00:00:00;0;Não se aplica;Follow-up;55;Morno;Aceita avaliar bairros próximos
LED0040;Felipe Rocha;lead0040@exemplo.com;Site;Aluguel;5000;Leste;Carrão;Studio;0;Média;;;Indiferente;Sim;Sim;Sim;Sim;2026-08-11 00:00:00;2026-08-22 00:00:00;;0;Não se aplica;Qualificado;95;Quente;
LED0041;Ana Souza;lead0041@exemplo.com;Instagram;Compra;450000;;;Cobertura;4;;;;Não;Sim;Indiferente;Indiferente;Sim;2026-08-14 00:00:00;2026-08-14 00:00:00;;0;Não se aplica;Qualificado;70;Quente;Aceita avaliar bairros próximos
LED0042;Mariana Oliveira;lead0042@exemplo.com;Instagram;Compra;450000;Sul;Campo Belo;Cobertura;1;Média;;;Indiferente;Indiferente;Não;Não;Não;2026-09-13 00:00:00;2026-09-22 00:00:00;2026-09-27 00:00:00;0;Não se aplica;Em qualificação;75;Quente;
LED0043;Amanda Torres;lead0043@exemplo.com;Portal imobiliário;Aluguel;7500;;;Cobertura;;Alta;;;Indiferente;Sim;Sim;Indiferente;Sim;2026-08-06 00:00:00;2026-08-08 00:00:00;;0;Não se aplica;Visita agendada;75;Quente;Quer avaliar duas regiões diferentes
LED0044;Lucas Nunes;lead0044@exemplo.com;Portal imobiliário;Investimento;;Norte;Santana;Cobertura;1;Média;;;Sim;Não;Sim;Indiferente;Sim;2026-09-01 00:00:00;2026-09-17 00:00:00;;2;Sim;Encaminhado ao especialista;47;Morno;Prefere contato após 18h
LED0045;Paulo Vieira;lead0045@exemplo.com;Site;Compra;900000;Centro;República;;;Baixa;;;Indiferente;Não;Não;Não;Não;2026-09-13 00:00:00;2026-09-20 00:00:00;2026-10-01 00:00:00;0;Não se aplica;Follow-up;50;Morno;Deseja mudança em curto prazo
LED0046;Gabriela Martins;lead0046@exemplo.com;Site;Aluguel;4000;Centro;Liberdade;Cobertura;;Alta;;;Não;Sim;Indiferente;Não;;2026-09-16 00:00:00;2026-09-19 00:00:00;2026-10-01 00:00:00;0;Não se aplica;Qualificado;70;Quente;
LED0047;Patrícia Duarte;lead0047@exemplo.com;Portal imobiliário;Aluguel;3000;Oeste;Lapa;Studio;;;;;Indiferente;Indiferente;Não;Indiferente;Sim;2026-09-18 00:00:00;2026-09-21 00:00:00;;3;Sim;Encaminhado ao corretor;75;Quente;
LED0048;Giovana Prado;lead0048@exemplo.com;Instagram;Compra;1200000;Leste;Carrão;Cobertura;3;Média;;;Não;Não;Sim;Não;Não;2026-08-29 00:00:00;2026-09-05 00:00:00;2026-09-28 00:00:00;0;Não se aplica;Em qualificação;75;Quente;Prioriza baixo valor de condomínio
LED0049;Débora Ramos;lead0049@exemplo.com;Instagram;Aluguel;9000;Leste;Itaquera;Apartamento;1;;;;Não;Indiferente;Sim;Sim;Não;2026-08-19 00:00:00;2026-08-28 00:00:00;2026-09-28 00:00:00;0;Não se aplica;Follow-up;65;Morno;Busca oportunidade com boa liquidez
LED0050;Orlando Paiva;lead0050@exemplo.com;Indicação;Compra;;Oeste;Alto de Pinheiros;;4;Alta;;;Indiferente;Não;Não;Sim;Não;2026-08-26 00:00:00;2026-09-15 00:00:00;2026-09-27 00:00:00;1;Não;Em qualificação;50;Morno;Prefere contato após 18h
LED0051;Giovana Prado;lead0051@exemplo.com;WhatsApp;Aluguel;5000;Sul;Jabaquara;;3;Baixa;;;Indiferente;Sim;Indiferente;Não;Sim;2026-08-29 00:00:00;2026-08-30 00:00:00;;3;Não;Visita agendada;80;Quente;
LED0052;Marcelo Tavares;lead0052@exemplo.com;WhatsApp;Compra;;Sul;Moema;;4;Baixa;;;Indiferente;Indiferente;Sim;Não;Não;2026-08-06 00:00:00;2026-08-16 00:00:00;2026-09-28 00:00:00;0;Não se aplica;Follow-up;40;Morno;
LED0053;Isabela Ferreira;lead0053@exemplo.com;Portal imobiliário;Compra;;Sul;Morumbi;Apartamento;1;Média;;;Indiferente;Indiferente;Não;Sim;Sim;2026-08-30 00:00:00;2026-09-12 00:00:00;;2;Sim;Encaminhado ao corretor;75;Quente;Deseja mudança em curto prazo
LED0054;Henrique Costa;lead0054@exemplo.com;WhatsApp;Investimento;1500000;Leste;Tatuapé;Cobertura;1;Média;Arrojado;7.0;Não;Sim;Não;Não;Não;2026-07-17 00:00:00;2026-07-31 00:00:00;;4;Sim;Follow-up;77;Quente;Busca oportunidade com boa liquidez
LED0055;Simone Bastos;lead0055@exemplo.com;Instagram;Compra;1200000;Oeste;Alto de Pinheiros;Casa;2;Baixa;;;Indiferente;Sim;Não;Sim;;2026-09-14 00:00:00;2026-09-19 00:00:00;2026-09-27 00:00:00;0;Não se aplica;Em qualificação;70;Quente;
LED0056;Vanessa Lopes;lead0056@exemplo.com;Portal imobiliário;Compra;1200000;Sul;Campo Belo;Casa;4;Média;;;Não;Sim;Indiferente;Não;Sim;2026-08-05 00:00:00;2026-08-07 00:00:00;;2;Sim;Encaminhado ao corretor;95;Quente;
LED0057;Elaine Braga;lead0057@exemplo.com;Site;Compra;1200000;;;Studio;1;Alta;;;Sim;Não;Não;Sim;Não;2026-07-22 00:00:00;2026-08-01 00:00:00;2026-10-01 00:00:00;0;Não se aplica;Follow-up;65;Morno;Prefere contato após 18h
LED0058;Fábio Neves;lead0058@exemplo.com;Instagram;Compra;450000;Centro;Santa Cecília;Studio;0;Média;;;Sim;Sim;Sim;Indiferente;Não;2026-07-22 00:00:00;2026-07-27 00:00:00;2026-10-01 00:00:00;0;Não se aplica;Qualificado;75;Quente;Deseja mudança em curto prazo
LED0059;Tatiane Rezende;lead0059@exemplo.com;Indicação;Aluguel;;Sul;Interlagos;;4;Alta;;;Sim;Sim;Indiferente;Não;;2026-08-24 00:00:00;2026-08-29 00:00:00;2026-10-02 00:00:00;0;Não se aplica;Novo;50;Morno;Deseja mudança em curto prazo
LED0060;Felipe Rocha;lead0060@exemplo.com;Indicação;Compra;1200000;Centro;Santa Cecília;Apartamento;2;Alta;;;Sim;Não;Sim;Indiferente;Sim;2026-07-24 00:00:00;2026-07-31 00:00:00;;1;Sim;Visita agendada;100;Quente;Prioriza baixo valor de condomínio
LED0061;Juliana Pires;lead0061@exemplo.com;Site;Compra;900000;Sul;Santo Amaro;Studio;;Média;;;Indiferente;Sim;Sim;Não;;2026-09-06 00:00:00;2026-09-13 00:00:00;;1;Sim;Follow-up;65;Morno;
LED0062;Hugo Silveira;lead0062@exemplo.com;WhatsApp;Compra;;Sul;Santo Amaro;Cobertura;3;;;;Indiferente;Indiferente;Sim;Sim;Sim;2026-08-21 00:00:00;2026-08-21 00:00:00;;0;Não se aplica;Visita agendada;65;Morno;Prefere contato após 18h
LED0063;Sabrina Freitas;lead0063@exemplo.com;Indicação;;;;;Studio;1;Média;;;Sim;Não;Não;Não;;2026-08-09 00:00:00;2026-08-18 00:00:00;2026-09-29 00:00:00;0;Não se aplica;Follow-up;15;Frio;Prioriza baixo valor de condomínio
LED0064;Nicolas Gomes;lead0064@exemplo.com;Instagram;Compra;450000;Sul;Vila Mariana;Studio;1;;;;Indiferente;Sim;Não;Não;Sim;2026-07-15 00:00:00;2026-07-27 00:00:00;;0;Não se aplica;Qualificado;85;Quente;Ainda está comparando opções
LED0065;Amanda Torres;lead0065@exemplo.com;Site;Compra;550000;Sul;Morumbi;Cobertura;;Média;;;Não;Sim;Sim;Sim;Sim;2026-09-23 00:00:00;2026-09-23 00:00:00;;1;Sim;Visita agendada;85;Quente;Quer avaliar duas regiões diferentes
LED0066;Eduarda Lima;lead0066@exemplo.com;Instagram;Investimento;;;;Apartamento;3;Alta;Conservador;;Sim;Não;Indiferente;Sim;Sim;2026-07-24 00:00:00;2026-08-09 00:00:00;;2;Sim;Encaminhado ao especialista;55;Morno;Prefere contato após 18h
LED0067;João Mendes;lead0067@exemplo.com;Indicação;Investimento;;Norte;Casa Verde;Studio;;Alta;;5.5;Indiferente;Não;Não;Não;Sim;2026-08-17 00:00:00;2026-08-19 00:00:00;;4;Sim;Qualificado;65;Morno;
LED0068;Natália Correia;lead0068@exemplo.com;Site;;2500000;Leste;Anália Franco;Casa;2;Alta;;;Indiferente;Sim;Não;Indiferente;Sim;2026-08-25 00:00:00;2026-09-14 00:00:00;;0;Não se aplica;Visita agendada;39;Frio;Quer avaliar duas regiões diferentes
LED0069;Larissa Peixoto;lead0069@exemplo.com;WhatsApp;Compra;350000;;;Apartamento;2;Alta;;;Indiferente;Não;Não;Indiferente;Não;2026-08-02 00:00:00;2026-08-05 00:00:00;2026-09-26 00:00:00;3;Não;Novo;65;Morno;Ainda está comparando opções
LED0070;Renata Cunha;lead0070@exemplo.com;Site;Aluguel;;Norte;Santana;Apartamento;;Alta;;;Sim;Não;Não;Sim;Não;2026-08-19 00:00:00;2026-08-26 00:00:00;2026-09-30 00:00:00;0;Não se aplica;Follow-up;50;Morno;Prioriza baixo valor de condomínio
LED0071;Henrique Costa;lead0071@exemplo.com;WhatsApp;Aluguel;4000;Sul;Brooklin;Apartamento;3;Baixa;;;Indiferente;Indiferente;Indiferente;Não;Não;2026-07-29 00:00:00;2026-08-05 00:00:00;2026-09-29 00:00:00;2;Não;Qualificado;70;Quente;Deseja mudança em curto prazo
LED0072;Elaine Braga;lead0072@exemplo.com;Indicação;Aluguel;7500;;;Casa;3;Alta;;;Sim;Sim;Indiferente;Não;Não;2026-09-22 00:00:00;2026-09-25 00:00:00;2026-10-02 00:00:00;3;Não;Novo;65;Morno;Quer avaliar duas regiões diferentes
LED0073;Diego Xavier;lead0073@exemplo.com;Instagram;Aluguel;3500;;;Studio;0;Alta;;;Não;Não;Indiferente;Não;Não;2026-07-30 00:00:00;2026-08-02 00:00:00;2026-09-26 00:00:00;0;Não se aplica;Em qualificação;65;Morno;Ainda está comparando opções
LED0074;Sabrina Freitas;lead0074@exemplo.com;Site;Compra;350000;Oeste;Lapa;Cobertura;4;Média;;;Sim;Sim;Indiferente;Indiferente;Sim;2026-08-01 00:00:00;2026-08-12 00:00:00;;0;Não se aplica;Encaminhado ao corretor;95;Quente;Aceita avaliar bairros próximos
LED0075;Juliana Pires;lead0075@exemplo.com;Portal imobiliário;Aluguel;9000;Norte;Santana;Studio;0;;;;Indiferente;Indiferente;Não;Não;Sim;2026-09-04 00:00:00;2026-09-08 00:00:00;;0;Não se aplica;Encaminhado ao corretor;85;Quente;Aceita avaliar bairros próximos
LED0076;Elaine Braga;lead0076@exemplo.com;Portal imobiliário;Compra;;;;;;Média;;;Sim;Indiferente;Indiferente;Não;;2026-07-23 00:00:00;2026-07-30 00:00:00;;3;Sim;Follow-up;20;Frio;Busca oportunidade com boa liquidez
LED0077;Natália Correia;lead0077@exemplo.com;WhatsApp;Aluguel;12000;Sul;Vila Mariana;Studio;0;Média;;;Sim;Indiferente;Não;Indiferente;Sim;2026-07-23 00:00:00;2026-07-30 00:00:00;;0;Não se aplica;Qualificado;95;Quente;Busca oportunidade com boa liquidez
LED0078;Adriana Melo;lead0078@exemplo.com;Portal imobiliário;Compra;2500000;Sul;Vila Mariana;Casa;1;Baixa;;;Sim;Indiferente;Indiferente;Não;Não;2026-07-25 00:00:00;2026-08-02 00:00:00;2026-09-26 00:00:00;0;Não se aplica;Qualificado;70;Quente;Prefere contato após 18h
LED0079;Patrícia Duarte;lead0079@exemplo.com;WhatsApp;Aluguel;9000;Leste;Anália Franco;Cobertura;1;Alta;;;Indiferente;Não;Sim;Sim;Não;2026-08-21 00:00:00;2026-09-07 00:00:00;;2;Sim;Qualificado;80;Quente;Ainda está comparando opções
LED0080;Rodrigo Siqueira;lead0080@exemplo.com;Indicação;Compra;;Centro;República;Casa;;Baixa;;;Indiferente;Sim;Não;Não;Não;2026-08-02 00:00:00;2026-08-16 00:00:00;2026-09-28 00:00:00;0;Não se aplica;Follow-up;40;Morno;Aceita avaliar bairros próximos
LED0081;Natália Correia;lead0081@exemplo.com;WhatsApp;Investimento;;Centro;República;Cobertura;3;Média;Conservador;6.5;Não;Sim;Não;Indiferente;;2026-09-16 00:00:00;2026-09-25 00:00:00;2026-09-27 00:00:00;3;Não;Follow-up;57;Morno;Deseja mudança em curto prazo
LED0082;Rodrigo Siqueira;lead0082@exemplo.com;WhatsApp;;700000;Leste;Penha;Casa;;Média;;;Indiferente;Não;Sim;Não;Não;2026-07-08 00:00:00;2026-07-13 00:00:00;2026-10-01 00:00:00;0;Não se aplica;Follow-up;30;Frio;Prioriza baixo valor de condomínio
LED0083;Rafael Moreira;lead0083@exemplo.com;WhatsApp;Aluguel;;Sul;Vila Mariana;Apartamento;3;Alta;;;Indiferente;Sim;Não;Não;Não;2026-07-17 00:00:00;2026-08-02 00:00:00;;2;Sim;Follow-up;60;Morno;Busca oportunidade com boa liquidez
LED0084;Cláudia Reis;lead0084@exemplo.com;Portal imobiliário;Compra;350000;Centro;Consolação;Apartamento;;Média;;;Indiferente;Sim;Não;Indiferente;Sim;2026-08-06 00:00:00;2026-08-22 00:00:00;;4;Sim;Visita agendada;85;Quente;Prioriza baixo valor de condomínio
LED0085;Orlando Paiva;lead0085@exemplo.com;WhatsApp;Aluguel;;Norte;Mandaqui;Apartamento;4;Alta;;;Não;Não;Indiferente;Não;Não;2026-08-13 00:00:00;2026-08-13 00:00:00;2026-09-28 00:00:00;3;Não;Novo;60;Morno;Aceita avaliar bairros próximos
LED0086;Fernanda Castro;lead0086@exemplo.com;Site;Compra;1200000;Centro;Bela Vista;Studio;0;Alta;;;Não;Sim;Sim;Indiferente;;2026-09-09 00:00:00;2026-09-09 00:00:00;;3;Sim;Follow-up;80;Quente;
LED0087;Otávio Barros;lead0087@exemplo.com;Portal imobiliário;Investimento;450000;Centro;Cambuci;Studio;1;Alta;;4.5;Não;Indiferente;Sim;Sim;Sim;2026-09-10 00:00:00;2026-09-23 00:00:00;;1;Não;Reunião agendada;69;Morno;Quer avaliar duas regiões diferentes
LED0088;Leonardo Moraes;lead0088@exemplo.com;Site;Compra;;;;Apartamento;3;Média;;;Sim;Não;Não;Sim;;2026-09-09 00:00:00;2026-09-13 00:00:00;;3;Sim;Follow-up;40;Morno;Ainda está comparando opções
LED0089;Vinícius Moura;lead0089@exemplo.com;Site;Aluguel;7500;Oeste;Alto de Pinheiros;Studio;1;Média;;;Indiferente;Não;Sim;Não;Não;2026-07-17 00:00:00;2026-07-19 00:00:00;2026-09-29 00:00:00;2;Não;Em qualificação;75;Quente;Ainda está comparando opções
LED0090;Daniel Santos;lead0090@exemplo.com;WhatsApp;Investimento;600000;Norte;Santana;;4;Alta;Conservador;4.5;Não;Indiferente;Indiferente;Não;;2026-08-20 00:00:00;2026-08-20 00:00:00;;3;Sim;Em qualificação;80;Quente;Aceita avaliar bairros próximos
LED0091;Samuel Batista;lead0091@exemplo.com;Portal imobiliário;Investimento;800000;;;;1;Média;;4.0;Não;Sim;Não;Sim;;2026-07-25 00:00:00;2026-08-04 00:00:00;2026-10-02 00:00:00;0;Não se aplica;Follow-up;52;Morno;Deseja mudança em curto prazo
LED0092;Débora Ramos;lead0092@exemplo.com;Site;Investimento;1000000;Leste;Penha;Cobertura;;Média;Conservador;5.0;Indiferente;Indiferente;Não;Indiferente;;2026-09-20 00:00:00;2026-09-22 00:00:00;2026-09-30 00:00:00;0;Não se aplica;Follow-up;77;Quente;Prefere contato após 18h
LED0093;Débora Ramos;lead0093@exemplo.com;Site;Investimento;300000;Oeste;Pompeia;Casa;3;Média;Moderado;5.5;Sim;Indiferente;Não;Não;Sim;2026-08-09 00:00:00;2026-08-15 00:00:00;;2;Não;Encaminhado ao especialista;97;Quente;Deseja mudança em curto prazo
LED0094;Giovana Prado;lead0094@exemplo.com;Portal imobiliário;Aluguel;2500;Oeste;Jaguaré;Cobertura;1;Média;;;Não;Não;Não;Não;Não;2026-07-14 00:00:00;2026-07-24 00:00:00;2026-09-29 00:00:00;0;Não se aplica;Qualificado;75;Quente;Prioriza baixo valor de condomínio
LED0095;Elaine Braga;lead0095@exemplo.com;Portal imobiliário;Compra;900000;Norte;Santana;Casa;4;Baixa;;;Não;Indiferente;Sim;Sim;Sim;2026-07-05 00:00:00;2026-07-19 00:00:00;;0;Não se aplica;Qualificado;90;Quente;Aceita avaliar bairros próximos
LED0096;Paulo Vieira;lead0096@exemplo.com;Portal imobiliário;Investimento;1500000;Leste;Anália Franco;Studio;1;;Arrojado;4.0;Indiferente;Não;Não;Sim;Não;2026-09-24 00:00:00;2026-09-24 00:00:00;2026-10-01 00:00:00;0;Não se aplica;Follow-up;70;Quente;Prioriza baixo valor de condomínio
LED0097;Eduarda Lima;lead0097@exemplo.com;Instagram;Investimento;3500000;Leste;Vila Prudente;Studio;1;Média;Conservador;5.5;Não;Sim;Não;Sim;Sim;2026-07-18 00:00:00;2026-08-01 00:00:00;;0;Não se aplica;Encaminhado ao especialista;97;Quente;Quer avaliar duas regiões diferentes
LED0098;Sabrina Freitas;lead0098@exemplo.com;WhatsApp;Compra;350000;Oeste;Perdizes;;2;Alta;;;Não;Sim;Indiferente;Sim;Não;2026-09-14 00:00:00;2026-09-14 00:00:00;2026-09-26 00:00:00;0;Não se aplica;Em qualificação;70;Quente;Busca oportunidade com boa liquidez
LED0099;Carla Ribeiro;lead0099@exemplo.com;Instagram;Aluguel;;Sul;Jabaquara;Casa;1;Alta;;;Indiferente;Sim;Não;Indiferente;Sim;2026-09-04 00:00:00;2026-09-12 00:00:00;;3;Não;Qualificado;80;Quente;Prioriza baixo valor de condomínio
LED0100;Caio Azevedo;lead0100@exemplo.com;WhatsApp;Compra;700000;Centro;Santa Cecília;;2;Baixa;;;Sim;Sim;Sim;Não;Sim;2026-08-05 00:00:00;2026-08-11 00:00:00;;1;Não;Visita agendada;80;Quente;Busca oportunidade com boa liquidez
LED0101;Giovana Prado;lead0101@exemplo.com;WhatsApp;Investimento;;;;Casa;4;Baixa;Arrojado;6.0;Indiferente;Indiferente;Indiferente;Sim;Não;2026-09-14 00:00:00;2026-09-23 00:00:00;2026-09-29 00:00:00;0;Não se aplica;Em qualificação;43;Morno;
LED0102;Priscila Andrade;lead0102@exemplo.com;Instagram;Aluguel;3000;Centro;Cambuci;Cobertura;4;Baixa;;;Sim;Indiferente;Não;Indiferente;Sim;2026-07-06 00:00:00;2026-07-24 00:00:00;;0;Não se aplica;Qualificado;90;Quente;
LED0103;Elaine Braga;lead0103@exemplo.com;WhatsApp;Compra;350000;;;Casa;;Alta;;;Sim;Sim;Indiferente;Sim;Sim;2026-07-16 00:00:00;2026-07-22 00:00:00;;2;Não;Qualificado;75;Quente;Busca oportunidade com boa liquidez
LED0104;Ana Souza;lead0104@exemplo.com;Site;Aluguel;3000;;;Apartamento;;Média;;;Não;Sim;Indiferente;Não;Sim;2026-07-27 00:00:00;2026-07-30 00:00:00;;4;Não;Encaminhado ao corretor;70;Quente;Ainda está comparando opções
LED0105;Hugo Silveira;lead0105@exemplo.com;Portal imobiliário;Investimento;;Sul;Santo Amaro;Casa;1;Baixa;Moderado;6.0;Sim;Não;Não;Sim;Sim;2026-09-01 00:00:00;2026-09-04 00:00:00;;3;Não;Encaminhado ao especialista;73;Quente;Prioriza baixo valor de condomínio
LED0106;Juliana Pires;lead0106@exemplo.com;Site;Compra;350000;Sul;Chácara Santo Antônio;Apartamento;4;Alta;;;Não;Sim;Sim;Indiferente;;2026-09-02 00:00:00;2026-09-03 00:00:00;2026-09-30 00:00:00;0;Não se aplica;Follow-up;80;Quente;Prefere contato após 18h
LED0107;Breno Campos;lead0107@exemplo.com;Instagram;Investimento;2500000;Centro;Bela Vista;Apartamento;;;;6.0;Não;Não;Não;Indiferente;Não;2026-09-23 00:00:00;2026-09-24 00:00:00;2026-09-26 00:00:00;3;Não;Follow-up;55;Morno;Prioriza baixo valor de condomínio
LED0108;Fábio Neves;lead0108@exemplo.com;Instagram;Aluguel;3000;Norte;Tucuruvi;Cobertura;1;Alta;;;Indiferente;Indiferente;Sim;Não;Não;2026-09-03 00:00:00;2026-09-05 00:00:00;2026-09-26 00:00:00;0;Não se aplica;Follow-up;80;Quente;Busca oportunidade com boa liquidez
LED0109;Débora Ramos;lead0109@exemplo.com;Indicação;Investimento;450000;Leste;Vila Prudente;Casa;;Média;Moderado;5.0;Não;Indiferente;Indiferente;Indiferente;Sim;2026-07-26 00:00:00;2026-08-03 00:00:00;;0;Não se aplica;Qualificado;97;Quente;Busca oportunidade com boa liquidez
LED0110;Larissa Peixoto;lead0110@exemplo.com;WhatsApp;Aluguel;12000;Leste;Carrão;;1;Média;;;Sim;Não;Não;Sim;;2026-07-21 00:00:00;2026-08-08 00:00:00;2026-09-30 00:00:00;0;Não se aplica;Follow-up;65;Morno;Aceita avaliar bairros próximos
LED0111;Ana Souza;lead0111@exemplo.com;Indicação;Compra;900000;Oeste;Alto de Pinheiros;Cobertura;;Alta;;;Sim;Não;Não;Não;;2026-09-17 00:00:00;2026-09-24 00:00:00;;1;Sim;Qualificado;70;Quente;Aceita avaliar bairros próximos
LED0112;Débora Ramos;lead0112@exemplo.com;Indicação;Investimento;1500000;Centro;Liberdade;;;Baixa;Arrojado;;Indiferente;Indiferente;Não;Não;Não;2026-08-31 00:00:00;2026-09-13 00:00:00;;2;Sim;Em qualificação;58;Morno;Prefere contato após 18h
LED0113;Elaine Braga;lead0113@exemplo.com;Portal imobiliário;Aluguel;9000;Norte;Santana;Studio;0;;;;Não;Não;Sim;Indiferente;Não;2026-07-22 00:00:00;2026-08-02 00:00:00;2026-10-01 00:00:00;4;Não;Em qualificação;65;Morno;Deseja mudança em curto prazo
LED0114;Lucas Nunes;lead0114@exemplo.com;Site;Compra;3500000;Norte;Vila Guilherme;Apartamento;4;Alta;;;Sim;Indiferente;Não;Não;Não;2026-08-18 00:00:00;2026-08-27 00:00:00;;4;Sim;Follow-up;80;Quente;Quer avaliar duas regiões diferentes
LED0115;Cláudia Reis;lead0115@exemplo.com;Site;Compra;;Leste;Vila Prudente;Cobertura;4;Média;;;Não;Sim;Sim;Sim;Sim;2026-07-21 00:00:00;2026-08-02 00:00:00;;0;Não se aplica;Encaminhado ao corretor;75;Quente;Prefere contato após 18h
LED0116;Samuel Batista;lead0116@exemplo.com;Indicação;Investimento;;Sul;Santo Amaro;Studio;0;Baixa;Arrojado;5.5;Não;Sim;Sim;Indiferente;Sim;2026-08-22 00:00:00;2026-08-26 00:00:00;;0;Não se aplica;Qualificado;73;Quente;Prioriza baixo valor de condomínio
LED0117;Giovana Prado;lead0117@exemplo.com;Indicação;;450000;Sul;Moema;Casa;2;Média;;;Indiferente;Indiferente;Sim;Sim;;2026-07-13 00:00:00;2026-07-13 00:00:00;2026-09-26 00:00:00;0;Não se aplica;Sem contato;35;Frio;Ainda está comparando opções
LED0118;Amanda Torres;lead0118@exemplo.com;Site;Aluguel;7500;Sul;Chácara Santo Antônio;Studio;;;;;Sim;Sim;Não;Não;Sim;2026-08-15 00:00:00;2026-08-20 00:00:00;;3;Sim;Qualificado;75;Quente;Aceita avaliar bairros próximos
LED0119;Giovana Prado;lead0119@exemplo.com;Instagram;Compra;2500000;Leste;Itaquera;Casa;1;;;;Sim;Não;Não;Não;;2026-08-21 00:00:00;2026-09-09 00:00:00;2026-10-02 00:00:00;0;Não se aplica;Novo;65;Morno;Aceita avaliar bairros próximos
LED0120;Breno Campos;lead0120@exemplo.com;Site;Compra;3500000;Norte;Santana;Cobertura;3;;;;Indiferente;Indiferente;Indiferente;Sim;Não;2026-07-16 00:00:00;2026-07-23 00:00:00;;3;Sim;Em qualificação;65;Morno;Ainda está comparando opções
LED0121;Mariana Oliveira;lead0121@exemplo.com;Site;Compra;450000;Sul;Brooklin;Casa;3;Baixa;;;Sim;Não;Sim;Indiferente;Sim;2026-09-03 00:00:00;2026-09-16 00:00:00;;0;Não se aplica;Visita agendada;90;Quente;Quer avaliar duas regiões diferentes
LED0122;Vinícius Moura;lead0122@exemplo.com;Instagram;Compra;550000;Sul;Chácara Santo Antônio;Cobertura;;;;;Sim;Sim;Indiferente;Sim;Não;2026-08-16 00:00:00;2026-08-21 00:00:00;2026-09-29 00:00:00;0;Não se aplica;Novo;55;Morno;Quer avaliar duas regiões diferentes
LED0123;Tatiane Rezende;lead0123@exemplo.com;Instagram;Investimento;800000;Leste;Vila Prudente;Studio;0;Média;Conservador;6.0;Indiferente;Não;Não;Indiferente;Sim;2026-09-12 00:00:00;2026-09-24 00:00:00;;0;Não se aplica;Encaminhado ao especialista;97;Quente;Deseja mudança em curto prazo
LED0124;Elaine Braga;lead0124@exemplo.com;Instagram;Compra;350000;Sul;Jabaquara;;2;Média;;;Não;Não;Sim;Indiferente;;2026-07-03 00:00:00;2026-07-04 00:00:00;2026-09-28 00:00:00;0;Não se aplica;Novo;65;Morno;Aceita avaliar bairros próximos
LED0125;Sabrina Freitas;lead0125@exemplo.com;Portal imobiliário;Aluguel;5000;Norte;Tucuruvi;Casa;;Baixa;;;Sim;Indiferente;Indiferente;Indiferente;;2026-09-14 00:00:00;2026-09-25 00:00:00;2026-09-27 00:00:00;4;Não;Novo;60;Morno;
LED0126;Fernanda Castro;lead0126@exemplo.com;Portal imobiliário;Compra;550000;Sul;Jabaquara;Casa;1;Alta;;;Não;Sim;Indiferente;Indiferente;Não;2026-07-15 00:00:00;2026-07-31 00:00:00;;4;Sim;Em qualificação;80;Quente;Ainda está comparando opções
LED0127;Gustavo Cardoso;lead0127@exemplo.com;Instagram;Compra;2500000;Centro;Santa Cecília;Cobertura;1;Alta;;;Indiferente;Indiferente;Não;Não;;2026-08-22 00:00:00;2026-08-26 00:00:00;2026-09-27 00:00:00;3;Não;Em qualificação;80;Quente;Aceita avaliar bairros próximos
LED0128;Ana Souza;lead0128@exemplo.com;Portal imobiliário;Compra;;Sul;Chácara Santo Antônio;Apartamento;1;Média;;;Indiferente;Sim;Indiferente;Sim;Não;2026-08-17 00:00:00;2026-08-18 00:00:00;2026-09-28 00:00:00;2;Não;Em qualificação;55;Morno;Prefere contato após 18h
LED0129;João Mendes;lead0129@exemplo.com;WhatsApp;Compra;1800000;Leste;Belém;Casa;2;Baixa;;;Sim;Sim;Sim;Indiferente;Não;2026-08-11 00:00:00;2026-08-26 00:00:00;2026-09-29 00:00:00;2;Não;Qualificado;70;Quente;Busca oportunidade com boa liquidez
LED0130;Larissa Peixoto;lead0130@exemplo.com;WhatsApp;Aluguel;15000;Norte;Vila Guilherme;Casa;3;Média;;;Não;Sim;Não;Sim;;2026-08-21 00:00:00;2026-09-02 00:00:00;;2;Sim;Follow-up;75;Quente;
LED0131;Gabriela Martins;lead0131@exemplo.com;Portal imobiliário;Investimento;600000;Leste;Belém;Studio;1;Baixa;;;Indiferente;Indiferente;Não;Indiferente;Não;2026-09-19 00:00:00;2026-09-25 00:00:00;;3;Sim;Em qualificação;43;Morno;Aceita avaliar bairros próximos
LED0132;Nicolas Gomes;lead0132@exemplo.com;Indicação;Compra;700000;Sul;Moema;Apartamento;3;Baixa;;;Não;Indiferente;Não;Indiferente;Não;2026-07-08 00:00:00;2026-07-10 00:00:00;2026-09-27 00:00:00;0;Não se aplica;Em qualificação;70;Quente;Prioriza baixo valor de condomínio
LED0133;João Mendes;lead0133@exemplo.com;Portal imobiliário;Compra;450000;Sul;Saúde;Studio;0;Baixa;;;Sim;Sim;Não;Indiferente;Sim;2026-08-16 00:00:00;2026-08-31 00:00:00;;0;Não se aplica;Encaminhado ao corretor;90;Quente;Busca oportunidade com boa liquidez
LED0134;Débora Ramos;lead0134@exemplo.com;WhatsApp;Compra;550000;Norte;Vila Guilherme;Studio;1;Baixa;;;Não;Sim;Sim;Não;Não;2026-08-25 00:00:00;2026-08-27 00:00:00;2026-10-01 00:00:00;0;Não se aplica;Em qualificação;70;Quente;
LED0135;Rafael Moreira;lead0135@exemplo.com;Portal imobiliário;Compra;350000;Sul;Moema;Casa;3;;;;Indiferente;Sim;Sim;Não;Não;2026-09-03 00:00:00;2026-09-15 00:00:00;2026-09-27 00:00:00;0;Não se aplica;Follow-up;65;Morno;Deseja mudança em curto prazo
LED0136;João Mendes;lead0136@exemplo.com;Site;Compra;450000;Norte;Casa Verde;;;Baixa;;;Indiferente;Sim;Não;Indiferente;;2026-08-08 00:00:00;2026-08-20 00:00:00;2026-09-26 00:00:00;0;Não se aplica;Em qualificação;50;Morno;Aceita avaliar bairros próximos
LED0137;Natália Correia;lead0137@exemplo.com;Portal imobiliário;Investimento;1500000;Sul;Campo Belo;Cobertura;1;Média;;4.5;Não;Sim;Não;Não;Não;2026-07-10 00:00:00;2026-07-20 00:00:00;2026-10-01 00:00:00;0;Não se aplica;Novo;62;Morno;Quer avaliar duas regiões diferentes
LED0138;Thiago Carvalho;lead0138@exemplo.com;Portal imobiliário;Investimento;800000;Oeste;Pinheiros;Studio;1;Média;Moderado;;Não;Indiferente;Sim;Não;Não;2026-09-19 00:00:00;2026-09-23 00:00:00;2026-09-29 00:00:00;2;Não;Em qualificação;62;Morno;Prefere contato após 18h
LED0139;Cláudia Reis;lead0139@exemplo.com;Instagram;Compra;;Norte;Santana;Casa;1;Alta;;;Indiferente;Indiferente;Não;Não;;2026-08-21 00:00:00;2026-08-28 00:00:00;2026-09-27 00:00:00;0;Não se aplica;Em qualificação;60;Morno;Busca oportunidade com boa liquidez
LED0140;Patrícia Duarte;lead0140@exemplo.com;Indicação;Compra;550000;Sul;Santo Amaro;;;Alta;;;Não;Não;Sim;Sim;Sim;2026-07-31 00:00:00;2026-08-01 00:00:00;;2;Sim;Encaminhado ao corretor;80;Quente;Quer avaliar duas regiões diferentes
LED0141;Leonardo Moraes;lead0141@exemplo.com;WhatsApp;Compra;700000;Centro;Cambuci;Apartamento;3;Baixa;;;Indiferente;Indiferente;Indiferente;Indiferente;Sim;2026-09-09 00:00:00;2026-09-13 00:00:00;;0;Não se aplica;Visita agendada;90;Quente;Ainda está comparando opções
LED0142;Elaine Braga;lead0142@exemplo.com;Indicação;Compra;700000;Leste;Carrão;Cobertura;4;Alta;;;Sim;Não;Sim;Sim;Sim;2026-07-05 00:00:00;2026-07-25 00:00:00;;0;Não se aplica;Encaminhado ao corretor;100;Quente;Aceita avaliar bairros próximos
LED0143;Débora Ramos;lead0143@exemplo.com;Site;Aluguel;;Sul;Santo Amaro;Apartamento;1;Média;;;Indiferente;Sim;Não;Indiferente;;2026-08-28 00:00:00;2026-09-10 00:00:00;2026-10-01 00:00:00;3;Não;Novo;55;Morno;Deseja mudança em curto prazo
LED0144;João Mendes;lead0144@exemplo.com;WhatsApp;Aluguel;6000;Centro;Consolação;Cobertura;1;Média;;;Sim;Indiferente;Indiferente;Indiferente;;2026-09-17 00:00:00;2026-09-17 00:00:00;2026-09-28 00:00:00;2;Não;Qualificado;75;Quente;Prefere contato após 18h
LED0145;Samuel Batista;lead0145@exemplo.com;Portal imobiliário;Compra;1200000;Oeste;Jaguaré;Cobertura;4;Alta;;;Indiferente;Sim;Indiferente;Não;Sim;2026-07-13 00:00:00;2026-07-23 00:00:00;;0;Não se aplica;Qualificado;100;Quente;Busca oportunidade com boa liquidez
LED0146;Débora Ramos;lead0146@exemplo.com;WhatsApp;Aluguel;3500;;;Casa;2;Alta;;;Sim;Sim;Não;Não;Não;2026-08-24 00:00:00;2026-08-27 00:00:00;2026-10-01 00:00:00;0;Não se aplica;Em qualificação;65;Morno;Prioriza baixo valor de condomínio
LED0147;Renata Cunha;lead0147@exemplo.com;WhatsApp;Compra;;Sul;Moema;Studio;0;Alta;;;Indiferente;Não;Indiferente;Indiferente;Sim;2026-09-09 00:00:00;2026-09-10 00:00:00;;0;Não se aplica;Encaminhado ao corretor;80;Quente;Busca oportunidade com boa liquidez
LED0148;Lucas Nunes;lead0148@exemplo.com;Indicação;Aluguel;4000;Leste;Penha;Casa;2;Baixa;;;Indiferente;Indiferente;Indiferente;Indiferente;Sim;2026-07-25 00:00:00;2026-07-28 00:00:00;;3;Não;Visita agendada;90;Quente;Busca oportunidade com boa liquidez
LED0149;Felipe Rocha;lead0149@exemplo.com;WhatsApp;;900000;Leste;Belém;Apartamento;3;Média;;;Sim;Indiferente;Indiferente;Não;Não;2026-07-01 00:00:00;2026-07-01 00:00:00;2026-10-01 00:00:00;0;Não se aplica;Sem contato;35;Frio;Ainda está comparando opções
LED0150;Amanda Torres;lead0150@exemplo.com;Site;;350000;Norte;Vila Guilherme;Studio;0;;;;Sim;Sim;Não;Não;Não;2026-07-07 00:00:00;2026-07-09 00:00:00;2026-09-30 00:00:00;0;Não se aplica;Novo;30;Frio;Aceita avaliar bairros próximos
LED0151;Amanda Torres;lead0151@exemplo.com;Indicação;Aluguel;7500;Oeste;Alto de Pinheiros;Apartamento;;Baixa;;;Não;Não;Sim;Indiferente;Não;2026-07-16 00:00:00;2026-08-05 00:00:00;2026-09-29 00:00:00;2;Não;Em qualificação;60;Morno;Deseja mudança em curto prazo
LED0152;José Lima;lead0152@exemplo.com;Portal imobiliário;Compra;1200000;Leste;Penha;Casa;4;Média;;;Não;Não;Não;Não;Não;2026-07-03 00:00:00;2026-07-04 00:00:00;;3;Sim;Follow-up;75;Quente;Deseja mudança em curto prazo
LED0153;Elaine Braga;lead0153@exemplo.com;Portal imobiliário;Compra;900000;Sul;Santo Amaro;Cobertura;1;Alta;;;Não;Sim;Indiferente;Sim;Não;2026-09-04 00:00:00;2026-09-17 00:00:00;2026-09-30 00:00:00;3;Não;Em qualificação;80;Quente;Ainda está comparando opções
LED0154;Juliana Pires;lead0154@exemplo.com;Portal imobiliário;;3500000;Oeste;Perdizes;Apartamento;1;Média;;;Sim;Indiferente;Não;Sim;Não;2026-08-06 00:00:00;2026-08-08 00:00:00;2026-09-28 00:00:00;0;Não se aplica;Novo;35;Frio;Busca oportunidade com boa liquidez
LED0155;Márcia Farias;lead0155@exemplo.com;WhatsApp;Compra;1800000;;;;4;Alta;;;Indiferente;Sim;Sim;Indiferente;Não;2026-07-07 00:00:00;2026-07-10 00:00:00;2026-09-27 00:00:00;0;Não se aplica;Em qualificação;55;Morno;
LED0156;Nicole Queiroz;lead0156@exemplo.com;Portal imobiliário;Investimento;1000000;Centro;Bela Vista;Casa;3;;;6.5;Indiferente;Sim;Sim;Indiferente;Não;2026-09-22 00:00:00;2026-09-25 00:00:00;2026-09-28 00:00:00;1;Não;Em qualificação;55;Morno;Prefere contato após 18h
LED0157;Cláudia Reis;lead0157@exemplo.com;Indicação;Compra;1200000;Sul;Brooklin;Cobertura;2;Média;;;Indiferente;Indiferente;Sim;Sim;Não;2026-08-30 00:00:00;2026-09-07 00:00:00;2026-09-26 00:00:00;0;Não se aplica;Follow-up;75;Quente;Deseja mudança em curto prazo
LED0158;Leonardo Moraes;lead0158@exemplo.com;Instagram;Aluguel;7500;;;;3;Média;;;Indiferente;Indiferente;Sim;Sim;Sim;2026-07-02 00:00:00;2026-07-18 00:00:00;;0;Não se aplica;Visita agendada;70;Quente;Prefere contato após 18h
LED0159;Natália Correia;lead0159@exemplo.com;Instagram;;1800000;Centro;Bela Vista;Cobertura;;Média;;;Sim;Sim;Sim;Indiferente;Não;2026-08-28 00:00:00;2026-09-01 00:00:00;2026-09-26 00:00:00;0;Não se aplica;Sem contato;30;Frio;Prefere contato após 18h
LED0160;Isabela Ferreira;lead0160@exemplo.com;WhatsApp;Aluguel;15000;Leste;Penha;Apartamento;3;Baixa;;;Sim;Sim;Não;Sim;Sim;2026-08-26 00:00:00;2026-09-12 00:00:00;;3;Sim;Visita agendada;90;Quente;Busca oportunidade com boa liquidez
LED0161;Priscila Andrade;lead0161@exemplo.com;Instagram;Compra;550000;Sul;Chácara Santo Antônio;Studio;1;Alta;;;Indiferente;Não;Não;Indiferente;Não;2026-09-11 00:00:00;2026-09-13 00:00:00;2026-09-29 00:00:00;4;Não;Em qualificação;80;Quente;Quer avaliar duas regiões diferentes
LED0162;Karina Alves;lead0162@exemplo.com;Portal imobiliário;Aluguel;;;;Studio;1;Média;;;Não;Sim;Sim;Indiferente;;2026-07-24 00:00:00;2026-08-08 00:00:00;2026-09-27 00:00:00;0;Não se aplica;Follow-up;40;Morno;Aceita avaliar bairros próximos
LED0163;Lucas Nunes;lead0163@exemplo.com;WhatsApp;Compra;;Centro;Liberdade;;;Baixa;;;Indiferente;Não;Não;Sim;Sim;2026-08-02 00:00:00;2026-08-18 00:00:00;;1;Sim;Visita agendada;50;Morno;
LED0164;Diego Xavier;lead0164@exemplo.com;Indicação;Compra;1800000;;;Casa;;;;;Não;Não;Indiferente;Não;Sim;2026-09-09 00:00:00;2026-09-15 00:00:00;;3;Sim;Encaminhado ao corretor;60;Morno;Busca oportunidade com boa liquidez
LED0165;Gabriela Martins;lead0165@exemplo.com;Site;Aluguel;7500;Centro;Bela Vista;Casa;2;;;;Sim;Sim;Não;Não;;2026-09-12 00:00:00;2026-09-13 00:00:00;2026-10-01 00:00:00;0;Não se aplica;Novo;65;Morno;Ainda está comparando opções
LED0166;Paulo Vieira;lead0166@exemplo.com;Instagram;Aluguel;3500;Leste;Penha;Studio;;Média;;;Não;Sim;Sim;Sim;;2026-09-19 00:00:00;2026-09-22 00:00:00;;1;Sim;Novo;65;Morno;
LED0167;Gustavo Cardoso;lead0167@exemplo.com;Indicação;;550000;Oeste;Lapa;;1;;;;Indiferente;Sim;Sim;Sim;Sim;2026-07-13 00:00:00;2026-07-19 00:00:00;;4;Sim;Visita agendada;25;Frio;Busca oportunidade com boa liquidez
LED0168;Ana Souza;lead0168@exemplo.com;Instagram;Compra;700000;Norte;Vila Guilherme;Studio;0;Média;;;Indiferente;Não;Não;Indiferente;Sim;2026-08-01 00:00:00;2026-08-18 00:00:00;;2;Sim;Qualificado;95;Quente;Quer avaliar duas regiões diferentes
LED0169;Fernanda Castro;lead0169@exemplo.com;Indicação;Aluguel;3000;Norte;Casa Verde;;4;Média;;;Sim;Indiferente;Indiferente;Não;;2026-09-23 00:00:00;2026-09-24 00:00:00;;2;Sim;Em qualificação;65;Morno;Deseja mudança em curto prazo
LED0170;Rafael Moreira;lead0170@exemplo.com;WhatsApp;Compra;900000;Oeste;Lapa;Cobertura;;;;;Indiferente;Não;Não;Indiferente;Não;2026-09-03 00:00:00;2026-09-20 00:00:00;;4;Sim;Em qualificação;55;Morno;Prefere contato após 18h
LED0171;Marcelo Tavares;lead0171@exemplo.com;Instagram;Aluguel;;Centro;Consolação;Casa;;Baixa;;;Indiferente;Indiferente;Indiferente;Sim;;2026-07-02 00:00:00;2026-07-02 00:00:00;2026-09-30 00:00:00;4;Não;Follow-up;40;Morno;Prioriza baixo valor de condomínio
LED0172;Patrícia Duarte;lead0172@exemplo.com;Site;Aluguel;5000;Oeste;Lapa;Apartamento;2;Média;;;Sim;Não;Sim;Indiferente;Não;2026-07-30 00:00:00;2026-08-04 00:00:00;2026-09-29 00:00:00;0;Não se aplica;Follow-up;75;Quente;Deseja mudança em curto prazo
LED0173;Vinícius Moura;lead0173@exemplo.com;Site;Compra;;Centro;Santa Cecília;Apartamento;4;Baixa;;;Indiferente;Sim;Indiferente;Indiferente;;2026-08-14 00:00:00;2026-08-28 00:00:00;2026-10-01 00:00:00;3;Não;Novo;50;Morno;Deseja mudança em curto prazo
LED0174;Diego Xavier;lead0174@exemplo.com;Site;Compra;700000;;;;4;Baixa;;;Não;Indiferente;Sim;Indiferente;;2026-09-04 00:00:00;2026-09-22 00:00:00;2026-09-26 00:00:00;0;Não se aplica;Novo;45;Morno;Quer avaliar duas regiões diferentes
LED0175;Hugo Silveira;lead0175@exemplo.com;WhatsApp;Investimento;800000;Sul;Chácara Santo Antônio;Casa;4;Alta;Arrojado;4.0;Indiferente;Indiferente;Não;Não;Sim;2026-09-23 00:00:00;2026-09-25 00:00:00;;4;Sim;Reunião agendada;100;Quente;
LED0176;Otávio Barros;lead0176@exemplo.com;WhatsApp;Compra;900000;Oeste;Alto de Pinheiros;;1;Alta;;;Não;Não;Sim;Indiferente;Não;2026-08-28 00:00:00;2026-09-01 00:00:00;2026-09-29 00:00:00;0;Não se aplica;Follow-up;70;Quente;Ainda está comparando opções
LED0177;Isabela Ferreira;lead0177@exemplo.com;Portal imobiliário;Compra;700000;;;Casa;4;Baixa;;;Sim;Indiferente;Sim;Não;Sim;2026-07-14 00:00:00;2026-07-30 00:00:00;;0;Não se aplica;Encaminhado ao corretor;75;Quente;Prioriza baixo valor de condomínio
LED0178;Fábio Neves;lead0178@exemplo.com;Instagram;Investimento;1000000;;;Casa;2;Média;Conservador;5.5;Sim;Não;Sim;Sim;Sim;2026-07-04 00:00:00;2026-07-22 00:00:00;;1;Não;Encaminhado ao especialista;87;Quente;
LED0179;Felipe Rocha;lead0179@exemplo.com;Indicação;Aluguel;5000;Centro;Consolação;Studio;0;Baixa;;;Sim;Sim;Indiferente;Sim;Não;2026-08-03 00:00:00;2026-08-04 00:00:00;;2;Sim;Qualificado;70;Quente;Prioriza baixo valor de condomínio
LED0180;Nicole Queiroz;lead0180@exemplo.com;Indicação;Investimento;;;;Casa;2;Baixa;Arrojado;4.0;Indiferente;Indiferente;Indiferente;Sim;;2026-09-24 00:00:00;2026-09-25 00:00:00;;4;Sim;Novo;43;Morno;Ainda está comparando opções
LED0181;Thiago Carvalho;lead0181@exemplo.com;Indicação;Aluguel;15000;Oeste;Alto de Pinheiros;Casa;2;;;;Indiferente;Sim;Indiferente;Sim;Sim;2026-07-14 00:00:00;2026-07-28 00:00:00;;0;Não se aplica;Qualificado;85;Quente;Prioriza baixo valor de condomínio
LED0182;Lucas Nunes;lead0182@exemplo.com;Site;Compra;3500000;;;Cobertura;4;Alta;;;Indiferente;Sim;Indiferente;Não;Sim;2026-09-09 00:00:00;2026-09-22 00:00:00;;4;Sim;Encaminhado ao corretor;85;Quente;Prioriza baixo valor de condomínio
LED0183;Fábio Neves;lead0183@exemplo.com;WhatsApp;Investimento;600000;Sul;Vila Mariana;Cobertura;;;Arrojado;6.0;Sim;Sim;Sim;Indiferente;Não;2026-09-17 00:00:00;2026-09-19 00:00:00;2026-09-27 00:00:00;4;Não;Qualificado;70;Quente;Aceita avaliar bairros próximos
LED0184;Eduarda Lima;lead0184@exemplo.com;Indicação;Compra;1800000;Leste;Anália Franco;;1;;;;Indiferente;Não;Não;Indiferente;Sim;2026-08-27 00:00:00;2026-09-02 00:00:00;;0;Não se aplica;Visita agendada;75;Quente;Quer avaliar duas regiões diferentes
LED0185;Sabrina Freitas;lead0185@exemplo.com;Site;;2500000;Oeste;Vila Madalena;Cobertura;1;Alta;;;Não;Indiferente;Indiferente;Não;Não;2026-08-31 00:00:00;2026-09-14 00:00:00;2026-09-28 00:00:00;0;Não se aplica;Sem contato;39;Frio;Deseja mudança em curto prazo
LED0186;Eduarda Lima;lead0186@exemplo.com;Instagram;Compra;3500000;Sul;Morumbi;Apartamento;4;;;;Indiferente;Não;Indiferente;Indiferente;;2026-08-04 00:00:00;2026-08-20 00:00:00;2026-09-29 00:00:00;0;Não se aplica;Follow-up;65;Morno;Ainda está comparando opções
LED0187;Débora Ramos;lead0187@exemplo.com;WhatsApp;Investimento;;Sul;Moema;Apartamento;;Baixa;;7.0;Sim;Sim;Indiferente;Não;Não;2026-09-02 00:00:00;2026-09-05 00:00:00;;4;Sim;Follow-up;38;Frio;Prefere contato após 18h
LED0188;Patrícia Duarte;lead0188@exemplo.com;Site;Aluguel;15000;Leste;Vila Prudente;Apartamento;3;Média;;;Indiferente;Não;Indiferente;Não;Sim;2026-08-07 00:00:00;2026-08-11 00:00:00;;3;Sim;Encaminhado ao corretor;95;Quente;Ainda está comparando opções
LED0189;Rafael Moreira;lead0189@exemplo.com;Portal imobiliário;Compra;;Sul;Morumbi;Cobertura;1;Baixa;;;Não;Indiferente;Não;Não;Não;2026-08-04 00:00:00;2026-08-14 00:00:00;2026-09-29 00:00:00;2;Não;Follow-up;50;Morno;Prioriza baixo valor de condomínio
LED0190;Vinícius Moura;lead0190@exemplo.com;Indicação;Aluguel;6000;;;Studio;1;Média;;;Não;Sim;Não;Indiferente;;2026-07-23 00:00:00;2026-07-27 00:00:00;2026-09-30 00:00:00;0;Não se aplica;Em qualificação;60;Morno;Deseja mudança em curto prazo
LED0191;Leonardo Moraes;lead0191@exemplo.com;Site;Compra;;Oeste;Perdizes;Casa;;Baixa;;;Não;Não;Não;Sim;Sim;2026-09-23 00:00:00;2026-09-24 00:00:00;;0;Não se aplica;Encaminhado ao corretor;60;Morno;Busca oportunidade com boa liquidez
LED0192;Rafael Moreira;lead0192@exemplo.com;Instagram;Compra;1800000;Sul;Morumbi;Cobertura;1;Alta;;;Não;Não;Não;Não;;2026-09-01 00:00:00;2026-09-17 00:00:00;2026-10-02 00:00:00;0;Não se aplica;Qualificado;80;Quente;Aceita avaliar bairros próximos
LED0193;Paulo Vieira;lead0193@exemplo.com;WhatsApp;Aluguel;15000;Leste;Penha;Casa;;Média;;;Sim;Indiferente;Não;Indiferente;;2026-08-14 00:00:00;2026-09-02 00:00:00;2026-09-30 00:00:00;0;Não se aplica;Em qualificação;65;Morno;Prioriza baixo valor de condomínio
LED0194;Cláudia Reis;lead0194@exemplo.com;Instagram;Compra;900000;;;Casa;3;Média;;;Indiferente;Sim;Sim;Indiferente;;2026-08-26 00:00:00;2026-08-30 00:00:00;2026-09-29 00:00:00;0;Não se aplica;Novo;60;Morno;Busca oportunidade com boa liquidez
LED0195;Priscila Andrade;lead0195@exemplo.com;WhatsApp;;;Sul;Vila Mariana;Cobertura;4;Alta;;;Indiferente;Indiferente;Indiferente;Sim;Não;2026-08-31 00:00:00;2026-09-04 00:00:00;2026-09-27 00:00:00;0;Não se aplica;Novo;30;Frio;Prioriza baixo valor de condomínio
LED0196;José Lima;lead0196@exemplo.com;Instagram;Aluguel;4000;Sul;Interlagos;Studio;1;Alta;;;Não;Não;Não;Indiferente;;2026-07-04 00:00:00;2026-07-20 00:00:00;2026-10-01 00:00:00;3;Não;Follow-up;80;Quente;Prioriza baixo valor de condomínio
LED0197;Fernanda Castro;lead0197@exemplo.com;Portal imobiliário;Compra;350000;Leste;Itaquera;Studio;0;;;;Indiferente;Não;Indiferente;Sim;Não;2026-07-31 00:00:00;2026-08-12 00:00:00;;4;Sim;Em qualificação;65;Morno;Deseja mudança em curto prazo
LED0198;Orlando Paiva;lead0198@exemplo.com;WhatsApp;Aluguel;12000;Sul;Santo Amaro;Cobertura;2;Média;;;Não;Indiferente;Indiferente;Sim;Sim;2026-08-13 00:00:00;2026-08-20 00:00:00;;0;Não se aplica;Visita agendada;95;Quente;Prioriza baixo valor de condomínio
LED0199;Nicolas Gomes;lead0199@exemplo.com;Indicação;Aluguel;2500;Oeste;Pompeia;Cobertura;4;;;;Não;Não;Indiferente;Indiferente;Não;2026-07-16 00:00:00;2026-08-05 00:00:00;2026-09-26 00:00:00;0;Não se aplica;Novo;65;Morno;
LED0200;Rodrigo Siqueira;lead0200@exemplo.com;Instagram;Compra;1200000;Sul;Interlagos;Casa;4;Baixa;;;Indiferente;Sim;Indiferente;Sim;Não;2026-09-24 00:00:00;2026-09-24 00:00:00;2026-09-27 00:00:00;0;Não se aplica;Follow-up;70;Quente;Deseja mudança em curto prazo
LED0201;Fábio Neves;lead0201@exemplo.com;Site;Aluguel;4000;Leste;Tatuapé;Casa;3;Alta;;;Indiferente;Sim;Sim;Não;;2026-07-31 00:00:00;2026-08-02 00:00:00;;2;Sim;Follow-up;80;Quente;Prefere contato após 18h
LED0202;Caio Azevedo;lead0202@exemplo.com;Portal imobiliário;Investimento;3500000;Sul;Campo Belo;Casa;3;Média;Moderado;;Não;Sim;Indiferente;Indiferente;Sim;2026-09-05 00:00:00;2026-09-18 00:00:00;;1;Não;Qualificado;69;Morno;Prioriza baixo valor de condomínio
LED0203;Hugo Silveira;lead0203@exemplo.com;Site;Compra;450000;Leste;Penha;Casa;1;;;;Indiferente;Indiferente;Indiferente;Não;Sim;2026-07-16 00:00:00;2026-07-21 00:00:00;;0;Não se aplica;Visita agendada;85;Quente;Aceita avaliar bairros próximos
LED0204;Helena Teixeira;lead0204@exemplo.com;Site;Aluguel;;Leste;Itaquera;Casa;;Alta;;;Sim;Indiferente;Não;Sim;Sim;2026-07-09 00:00:00;2026-07-27 00:00:00;;0;Não se aplica;Encaminhado ao corretor;70;Quente;Deseja mudança em curto prazo
LED0205;Simone Bastos;lead0205@exemplo.com;Site;Investimento;3500000;Centro;Liberdade;Casa;;Média;Moderado;;Indiferente;Indiferente;Sim;Não;Não;2026-08-26 00:00:00;2026-09-08 00:00:00;2026-09-27 00:00:00;2;Não;Follow-up;62;Morno;
LED0206;Nicolas Gomes;lead0206@exemplo.com;Instagram;;550000;Oeste;Butantã;Cobertura;1;Alta;;;Indiferente;Não;Indiferente;Sim;Não;2026-09-24 00:00:00;2026-09-25 00:00:00;2026-09-30 00:00:00;0;Não se aplica;Novo;39;Frio;Prioriza baixo valor de condomínio
LED0207;Fernanda Castro;lead0207@exemplo.com;Portal imobiliário;Compra;;;;Apartamento;;Média;;;Sim;Sim;Indiferente;Não;Sim;2026-08-08 00:00:00;2026-08-21 00:00:00;;1;Não;Qualificado;50;Morno;
LED0208;Vinícius Moura;lead0208@exemplo.com;WhatsApp;Investimento;1000000;Leste;Anália Franco;Apartamento;4;;Moderado;6.0;Indiferente;Sim;Não;Sim;;2026-09-15 00:00:00;2026-09-20 00:00:00;2026-10-01 00:00:00;0;Não se aplica;Follow-up;70;Quente;
LED0209;José Lima;lead0209@exemplo.com;WhatsApp;;550000;;;Apartamento;4;;;;Sim;Sim;Sim;Indiferente;Sim;2026-08-19 00:00:00;2026-08-22 00:00:00;;0;Não se aplica;Qualificado;20;Frio;Prioriza baixo valor de condomínio
LED0210;Renata Cunha;lead0210@exemplo.com;WhatsApp;Compra;2500000;Oeste;Lapa;Cobertura;4;;;;Não;Indiferente;Não;Não;Sim;2026-09-03 00:00:00;2026-09-03 00:00:00;;0;Não se aplica;Visita agendada;85;Quente;Prioriza baixo valor de condomínio
LED0211;Rafael Moreira;lead0211@exemplo.com;WhatsApp;Aluguel;3500;Sul;Interlagos;Apartamento;;Alta;;;Não;Indiferente;Indiferente;Indiferente;Sim;2026-07-22 00:00:00;2026-07-25 00:00:00;;1;Sim;Qualificado;90;Quente;Ainda está comparando opções
LED0212;Carla Ribeiro;lead0212@exemplo.com;Site;Aluguel;15000;Centro;Bela Vista;Studio;0;Baixa;;;Indiferente;Sim;Sim;Não;;2026-08-31 00:00:00;2026-09-09 00:00:00;2026-09-30 00:00:00;0;Não se aplica;Qualificado;70;Quente;
LED0213;Cláudia Reis;lead0213@exemplo.com;Instagram;Compra;1800000;Norte;Casa Verde;;4;Média;;;Indiferente;Não;Sim;Indiferente;Não;2026-07-31 00:00:00;2026-08-15 00:00:00;2026-09-26 00:00:00;0;Não se aplica;Novo;65;Morno;Deseja mudança em curto prazo
LED0214;Breno Campos;lead0214@exemplo.com;Indicação;Compra;450000;Sul;Brooklin;Apartamento;4;Média;;;Indiferente;Não;Não;Não;Sim;2026-08-14 00:00:00;2026-08-22 00:00:00;;0;Não se aplica;Visita agendada;95;Quente;Prioriza baixo valor de condomínio
LED0215;Simone Bastos;lead0215@exemplo.com;Instagram;Aluguel;4000;Leste;Vila Prudente;;4;Alta;;;Não;Não;Sim;Indiferente;;2026-07-31 00:00:00;2026-08-17 00:00:00;;1;Sim;Em qualificação;70;Quente;Quer avaliar duas regiões diferentes
LED0216;Amanda Torres;lead0216@exemplo.com;Instagram;Aluguel;3000;Oeste;Lapa;Studio;0;Alta;;;Não;Sim;Não;Indiferente;;2026-07-14 00:00:00;2026-07-17 00:00:00;2026-09-26 00:00:00;0;Não se aplica;Follow-up;80;Quente;Busca oportunidade com boa liquidez
LED0217;Karina Alves;lead0217@exemplo.com;Site;Aluguel;;Sul;Jabaquara;Studio;0;Média;;;Não;Não;Não;Sim;Sim;2026-09-04 00:00:00;2026-09-07 00:00:00;;4;Sim;Encaminhado ao corretor;75;Quente;Ainda está comparando opções
LED0218;Gustavo Cardoso;lead0218@exemplo.com;Portal imobiliário;Compra;350000;Sul;Interlagos;Apartamento;1;Média;;;Não;Não;Sim;Indiferente;Não;2026-09-09 00:00:00;2026-09-24 00:00:00;2026-09-27 00:00:00;0;Não se aplica;Em qualificação;75;Quente;Busca oportunidade com boa liquidez
LED0219;Simone Bastos;lead0219@exemplo.com;WhatsApp;;450000;Leste;Tatuapé;Studio;1;Alta;;;Sim;Sim;Indiferente;Sim;Não;2026-09-16 00:00:00;2026-09-16 00:00:00;;4;Sim;Sem contato;39;Frio;Ainda está comparando opções
LED0220;Vinícius Moura;lead0220@exemplo.com;Instagram;Aluguel;3000;Norte;Tucuruvi;Casa;2;;;;Não;Indiferente;Indiferente;Não;;2026-07-29 00:00:00;2026-08-06 00:00:00;2026-09-30 00:00:00;0;Não se aplica;Novo;65;Morno;Prefere contato após 18h
LED0221;Ingrid Matos;lead0221@exemplo.com;Instagram;Compra;450000;Leste;Penha;Apartamento;1;Média;;;Indiferente;Não;Indiferente;Sim;Não;2026-09-01 00:00:00;2026-09-06 00:00:00;2026-09-26 00:00:00;0;Não se aplica;Follow-up;75;Quente;Quer avaliar duas regiões diferentes
LED0222;Adriana Melo;lead0222@exemplo.com;Site;Aluguel;2500;Leste;Tatuapé;Studio;1;Baixa;;;Não;Sim;Indiferente;Não;;2026-08-21 00:00:00;2026-09-04 00:00:00;;3;Sim;Follow-up;70;Quente;Quer avaliar duas regiões diferentes
LED0223;Ingrid Matos;lead0223@exemplo.com;Site;Aluguel;4000;Oeste;Pinheiros;Apartamento;4;Alta;;;Não;Sim;Sim;Indiferente;Não;2026-07-19 00:00:00;2026-07-26 00:00:00;2026-10-02 00:00:00;0;Não se aplica;Em qualificação;80;Quente;Aceita avaliar bairros próximos
LED0224;Hugo Silveira;lead0224@exemplo.com;Instagram;Compra;2500000;Centro;Cambuci;Studio;;;;;Não;Não;Indiferente;Sim;Não;2026-07-13 00:00:00;2026-07-30 00:00:00;2026-09-27 00:00:00;0;Não se aplica;Novo;55;Morno;Ainda está comparando opções
LED0225;Rodrigo Siqueira;lead0225@exemplo.com;Portal imobiliário;Aluguel;4000;Oeste;Pinheiros;Apartamento;;Alta;;;Não;Sim;Sim;Indiferente;Não;2026-08-01 00:00:00;2026-08-15 00:00:00;2026-09-26 00:00:00;1;Não;Em qualificação;70;Quente;Quer avaliar duas regiões diferentes
LED0226;Carla Ribeiro;lead0226@exemplo.com;WhatsApp;Compra;350000;Norte;Tremembé;Cobertura;4;Média;;;Indiferente;Sim;Sim;Não;Não;2026-09-21 00:00:00;2026-09-21 00:00:00;2026-10-01 00:00:00;0;Não se aplica;Em qualificação;75;Quente;Prefere contato após 18h
LED0227;Priscila Andrade;lead0227@exemplo.com;WhatsApp;;;Sul;Morumbi;;4;Alta;;;Indiferente;Não;Indiferente;Indiferente;;2026-08-29 00:00:00;2026-09-15 00:00:00;;3;Sim;Follow-up;25;Frio;Quer avaliar duas regiões diferentes
LED0228;Amanda Torres;lead0228@exemplo.com;Indicação;Compra;550000;;;Cobertura;3;Média;;;Não;Não;Indiferente;Não;;2026-09-17 00:00:00;2026-09-21 00:00:00;;3;Sim;Novo;60;Morno;
LED0229;Nicolas Gomes;lead0229@exemplo.com;Portal imobiliário;Compra;550000;Sul;Saúde;Cobertura;;;;;Não;Não;Não;Sim;Sim;2026-08-25 00:00:00;2026-09-13 00:00:00;;1;Sim;Qualificado;75;Quente;Prioriza baixo valor de condomínio
LED0230;Juliana Pires;lead0230@exemplo.com;Indicação;Compra;1800000;Leste;Mooca;Casa;2;Média;;;Sim;Indiferente;Indiferente;Sim;Sim;2026-08-07 00:00:00;2026-08-27 00:00:00;;0;Não se aplica;Qualificado;95;Quente;Deseja mudança em curto prazo
LED0231;Cláudia Reis;lead0231@exemplo.com;Portal imobiliário;Compra;900000;Oeste;Lapa;;2;;;;Não;Indiferente;Não;Sim;;2026-09-21 00:00:00;2026-09-25 00:00:00;2026-09-30 00:00:00;0;Não se aplica;Em qualificação;55;Morno;Aceita avaliar bairros próximos
LED0232;Fernanda Castro;lead0232@exemplo.com;WhatsApp;;;Oeste;Butantã;Casa;2;Baixa;;;Não;Indiferente;Sim;Não;Sim;2026-08-14 00:00:00;2026-08-20 00:00:00;;0;Não se aplica;Visita agendada;22;Frio;Aceita avaliar bairros próximos
LED0233;Otávio Barros;lead0233@exemplo.com;Site;Compra;900000;Norte;Tucuruvi;Apartamento;2;;;;Sim;Sim;Indiferente;Não;Sim;2026-07-27 00:00:00;2026-08-01 00:00:00;;0;Não se aplica;Qualificado;85;Quente;Busca oportunidade com boa liquidez
LED0234;Priscila Andrade;lead0234@exemplo.com;WhatsApp;Aluguel;5000;Sul;Campo Belo;Studio;1;Alta;;;Não;Indiferente;Não;Indiferente;Não;2026-08-02 00:00:00;2026-08-13 00:00:00;;4;Sim;Follow-up;80;Quente;Busca oportunidade com boa liquidez
LED0235;Amanda Torres;lead0235@exemplo.com;Site;Compra;2500000;Oeste;Pinheiros;Apartamento;3;Alta;;;Não;Sim;Sim;Não;Não;2026-07-30 00:00:00;2026-08-19 00:00:00;;1;Sim;Qualificado;80;Quente;Deseja mudança em curto prazo
LED0236;Bruno Almeida;lead0236@exemplo.com;Instagram;Aluguel;9000;Sul;Morumbi;Casa;3;Baixa;;;Sim;Sim;Indiferente;Sim;Não;2026-07-29 00:00:00;2026-08-12 00:00:00;;4;Sim;Qualificado;70;Quente;Deseja mudança em curto prazo
LED0237;Igor Araújo;lead0237@exemplo.com;Instagram;Investimento;300000;Leste;Tatuapé;Cobertura;3;Média;Moderado;7.0;Sim;Não;Indiferente;Indiferente;Não;2026-09-01 00:00:00;2026-09-09 00:00:00;2026-09-30 00:00:00;4;Não;Follow-up;77;Quente;Busca oportunidade com boa liquidez
LED0238;Diego Xavier;lead0238@exemplo.com;Portal imobiliário;Compra;350000;Oeste;Alto de Pinheiros;Cobertura;3;Média;;;Indiferente;Sim;Indiferente;Indiferente;Sim;2026-09-06 00:00:00;2026-09-16 00:00:00;;0;Não se aplica;Encaminhado ao corretor;95;Quente;Ainda está comparando opções
LED0239;Daniel Santos;lead0239@exemplo.com;Indicação;Investimento;3500000;Norte;Tucuruvi;Apartamento;1;Alta;Conservador;5.0;Não;Indiferente;Indiferente;Sim;Não;2026-08-08 00:00:00;2026-08-24 00:00:00;;4;Sim;Em qualificação;80;Quente;Prefere contato após 18h
LED0240;Samuel Batista;lead0240@exemplo.com;Instagram;;1200000;;;Studio;0;Baixa;;;Indiferente;Indiferente;Sim;Sim;Não;2026-07-22 00:00:00;2026-08-02 00:00:00;2026-09-30 00:00:00;0;Não se aplica;Follow-up;22;Frio;Deseja mudança em curto prazo
LED0241;Breno Campos;lead0241@exemplo.com;Indicação;Compra;;Centro;Cambuci;Casa;1;Média;;;Indiferente;Indiferente;Sim;Indiferente;Sim;2026-07-28 00:00:00;2026-07-31 00:00:00;;0;Não se aplica;Qualificado;75;Quente;Quer avaliar duas regiões diferentes
LED0242;Enzo Monteiro;lead0242@exemplo.com;WhatsApp;Compra;700000;Oeste;Pinheiros;Studio;0;Baixa;;;Sim;Indiferente;Sim;Indiferente;;2026-08-08 00:00:00;2026-08-13 00:00:00;;2;Sim;Em qualificação;70;Quente;Prioriza baixo valor de condomínio
LED0243;Diego Xavier;lead0243@exemplo.com;Instagram;Aluguel;;Leste;Penha;Casa;3;Média;;;Indiferente;Indiferente;Não;Sim;Não;2026-09-14 00:00:00;2026-09-15 00:00:00;;3;Sim;Em qualificação;55;Morno;Ainda está comparando opções
LED0244;Gustavo Cardoso;lead0244@exemplo.com;Site;Compra;700000;Oeste;Pinheiros;Cobertura;3;Alta;;;Não;Sim;Não;Sim;Sim;2026-07-21 00:00:00;2026-07-26 00:00:00;;4;Sim;Encaminhado ao corretor;100;Quente;Prefere contato após 18h
LED0245;Elaine Braga;lead0245@exemplo.com;Site;Compra;1800000;Centro;Santa Cecília;Apartamento;2;Média;;;Não;Indiferente;Indiferente;Não;;2026-07-09 00:00:00;2026-07-10 00:00:00;;2;Sim;Qualificado;75;Quente;Prioriza baixo valor de condomínio
LED0246;Enzo Monteiro;lead0246@exemplo.com;Instagram;Compra;1800000;Leste;Anália Franco;;4;;;;Sim;Indiferente;Sim;Não;Não;2026-08-01 00:00:00;2026-08-21 00:00:00;2026-10-01 00:00:00;3;Não;Em qualificação;55;Morno;Prioriza baixo valor de condomínio
LED0247;Hugo Silveira;lead0247@exemplo.com;Instagram;Compra;1200000;Oeste;Butantã;Apartamento;;;;;Indiferente;Indiferente;Não;Sim;;2026-09-19 00:00:00;2026-09-20 00:00:00;;3;Sim;Novo;55;Morno;Quer avaliar duas regiões diferentes
LED0248;Adriana Melo;lead0248@exemplo.com;Portal imobiliário;Aluguel;;Norte;Mandaqui;Cobertura;1;Média;;;Sim;Sim;Não;Indiferente;;2026-09-23 00:00:00;2026-09-23 00:00:00;2026-10-01 00:00:00;2;Não;Novo;55;Morno;Prefere contato após 18h
LED0249;Breno Campos;lead0249@exemplo.com;Instagram;Compra;3500000;Leste;Anália Franco;Apartamento;1;Baixa;;;Indiferente;Não;Indiferente;Não;;2026-07-26 00:00:00;2026-07-30 00:00:00;;3;Sim;Qualificado;70;Quente;Prioriza baixo valor de condomínio
LED0250;Patrícia Duarte;lead0250@exemplo.com;WhatsApp;Aluguel;5000;Sul;Chácara Santo Antônio;Apartamento;3;Média;;;Não;Sim;Sim;Não;Sim;2026-07-04 00:00:00;2026-07-24 00:00:00;;3;Não;Qualificado;95;Quente;Prefere contato após 18h
LED0251;Marcelo Tavares;lead0251@exemplo.com;Instagram;;550000;Centro;Consolação;Studio;1;Média;;;Não;Sim;Não;Indiferente;;2026-09-07 00:00:00;2026-09-18 00:00:00;2026-09-27 00:00:00;0;Não se aplica;Sem contato;35;Frio;Prioriza baixo valor de condomínio
LED0252;Hugo Silveira;lead0252@exemplo.com;Instagram;Aluguel;9000;Centro;Cambuci;Casa;;Média;;;Sim;Não;Indiferente;Sim;Não;2026-09-15 00:00:00;2026-09-16 00:00:00;2026-09-28 00:00:00;0;Não se aplica;Em qualificação;65;Morno;Ainda está comparando opções
LED0253;Tatiane Rezende;lead0253@exemplo.com;Instagram;Compra;;Oeste;Pinheiros;Studio;0;Média;;;Sim;Indiferente;Sim;Não;Sim;2026-09-23 00:00:00;2026-09-25 00:00:00;;4;Sim;Encaminhado ao corretor;75;Quente;Ainda está comparando opções
LED0254;Lucas Nunes;lead0254@exemplo.com;Indicação;Compra;3500000;Norte;Tremembé;Casa;3;Média;;;Sim;Sim;Sim;Sim;;2026-07-15 00:00:00;2026-07-30 00:00:00;2026-09-29 00:00:00;2;Não;Em qualificação;75;Quente;Ainda está comparando opções
LED0255;Gustavo Cardoso;lead0255@exemplo.com;Portal imobiliário;Compra;900000;Centro;Cambuci;Cobertura;4;Média;;;Sim;Sim;Sim;Sim;Sim;2026-08-01 00:00:00;2026-08-16 00:00:00;;4;Sim;Encaminhado ao corretor;95;Quente;Busca oportunidade com boa liquidez
LED0256;Bruno Almeida;lead0256@exemplo.com;Indicação;Compra;900000;Leste;Tatuapé;Apartamento;1;Baixa;;;Não;Não;Indiferente;Indiferente;Sim;2026-07-18 00:00:00;2026-08-04 00:00:00;;0;Não se aplica;Visita agendada;90;Quente;Ainda está comparando opções
LED0257;Helena Teixeira;lead0257@exemplo.com;Portal imobiliário;Compra;350000;Sul;Saúde;;3;;;;Sim;Sim;Não;Sim;Sim;2026-08-03 00:00:00;2026-08-17 00:00:00;;0;Não se aplica;Visita agendada;75;Quente;Prioriza baixo valor de condomínio
LED0258;Nicole Queiroz;lead0258@exemplo.com;WhatsApp;Investimento;;Sul;Moema;Cobertura;1;Média;;6.0;Indiferente;Indiferente;Sim;Sim;;2026-07-12 00:00:00;2026-07-30 00:00:00;;3;Sim;Novo;42;Morno;Quer avaliar duas regiões diferentes
LED0259;Simone Bastos;lead0259@exemplo.com;Site;Investimento;;Centro;Consolação;;;Alta;Conservador;6.0;Não;Indiferente;Indiferente;Indiferente;Não;2026-07-02 00:00:00;2026-07-20 00:00:00;2026-09-27 00:00:00;1;Não;Novo;60;Morno;Prefere contato após 18h
LED0260;Felipe Rocha;lead0260@exemplo.com;Indicação;Compra;1200000;Norte;Santana;;1;Baixa;;;Sim;Indiferente;Sim;Indiferente;Não;2026-07-08 00:00:00;2026-07-10 00:00:00;2026-09-27 00:00:00;4;Não;Novo;60;Morno;Aceita avaliar bairros próximos
LED0261;Igor Araújo;lead0261@exemplo.com;Site;Investimento;1000000;Sul;Santo Amaro;Studio;;Alta;Arrojado;5.0;Sim;Não;Não;Indiferente;;2026-08-01 00:00:00;2026-08-16 00:00:00;2026-09-30 00:00:00;0;Não se aplica;Follow-up;80;Quente;
LED0262;Patrícia Duarte;lead0262@exemplo.com;WhatsApp;Compra;550000;Norte;Casa Verde;Studio;;Alta;;;Indiferente;Não;Indiferente;Não;Sim;2026-09-02 00:00:00;2026-09-22 00:00:00;;0;Não se aplica;Encaminhado ao corretor;90;Quente;Deseja mudança em curto prazo
LED0263;Mariana Oliveira;lead0263@exemplo.com;Site;;550000;Sul;Campo Belo;;3;Média;;;Não;Sim;Não;Sim;;2026-08-12 00:00:00;2026-08-22 00:00:00;;4;Sim;Sem contato;30;Frio;Quer avaliar duas regiões diferentes
LED0264;Amanda Torres;lead0264@exemplo.com;Instagram;Compra;1800000;Sul;Morumbi;Apartamento;2;Média;;;Não;Indiferente;Sim;Não;Não;2026-09-08 00:00:00;2026-09-16 00:00:00;2026-09-27 00:00:00;0;Não se aplica;Qualificado;75;Quente;Deseja mudança em curto prazo
LED0265;Thiago Carvalho;lead0265@exemplo.com;Portal imobiliário;Compra;350000;Oeste;Butantã;Cobertura;4;Média;;;Sim;Sim;Não;Sim;Sim;2026-09-09 00:00:00;2026-09-21 00:00:00;;4;Sim;Visita agendada;95;Quente;Busca oportunidade com boa liquidez
LED0266;Renata Cunha;lead0266@exemplo.com;Portal imobiliário;Aluguel;;Centro;Liberdade;;;Média;;;Sim;Indiferente;Não;Indiferente;;2026-07-12 00:00:00;2026-07-22 00:00:00;;2;Sim;Follow-up;35;Frio;Prefere contato após 18h
LED0267;Sabrina Freitas;lead0267@exemplo.com;Instagram;Investimento;1000000;Sul;Moema;Apartamento;1;Alta;Arrojado;4.0;Não;Não;Não;Indiferente;Sim;2026-08-01 00:00:00;2026-08-08 00:00:00;;1;Não;Encaminhado ao especialista;100;Quente;Aceita avaliar bairros próximos
LED0268;Adriana Melo;lead0268@exemplo.com;Portal imobiliário;Investimento;2500000;Sul;Santo Amaro;Apartamento;3;Alta;Conservador;4.5;Indiferente;Não;Não;Sim;;2026-09-20 00:00:00;2026-09-22 00:00:00;;3;Sim;Em qualificação;80;Quente;Deseja mudança em curto prazo
LED0269;Karina Alves;lead0269@exemplo.com;Portal imobiliário;Compra;2500000;Oeste;Perdizes;;;;;;Não;Sim;Indiferente;Sim;Não;2026-08-21 00:00:00;2026-08-23 00:00:00;;2;Sim;Novo;45;Morno;Prefere contato após 18h
LED0270;Karina Alves;lead0270@exemplo.com;Portal imobiliário;Aluguel;4000;Leste;Itaquera;Apartamento;2;Média;;;Indiferente;Sim;Não;Não;Não;2026-07-17 00:00:00;2026-07-30 00:00:00;;1;Sim;Follow-up;75;Quente;Aceita avaliar bairros próximos
LED0271;Enzo Monteiro;lead0271@exemplo.com;Portal imobiliário;Aluguel;9000;Oeste;Alto de Pinheiros;Studio;0;Média;;;Sim;Indiferente;Não;Indiferente;Não;2026-07-02 00:00:00;2026-07-09 00:00:00;2026-09-28 00:00:00;2;Não;Qualificado;75;Quente;Deseja mudança em curto prazo
LED0272;Mariana Oliveira;lead0272@exemplo.com;Site;;350000;Norte;Mandaqui;Apartamento;1;Baixa;;;Não;Não;Não;Não;Sim;2026-09-24 00:00:00;2026-09-25 00:00:00;;3;Sim;Visita agendada;32;Frio;Ainda está comparando opções
LED0273;Helena Teixeira;lead0273@exemplo.com;Portal imobiliário;Aluguel;4000;Sul;Vila Mariana;Cobertura;;Média;;;Sim;Indiferente;Indiferente;Sim;Não;2026-08-04 00:00:00;2026-08-05 00:00:00;;1;Sim;Follow-up;65;Morno;Prefere contato após 18h
LED0274;Isabela Ferreira;lead0274@exemplo.com;Indicação;Aluguel;7500;Centro;Bela Vista;Casa;;Baixa;;;Indiferente;Não;Não;Sim;;2026-07-15 00:00:00;2026-08-04 00:00:00;;2;Sim;Novo;60;Morno;Prefere contato após 18h
LED0275;Orlando Paiva;lead0275@exemplo.com;Instagram;Investimento;1000000;Centro;Consolação;Casa;1;Média;Conservador;;Indiferente;Indiferente;Indiferente;Indiferente;Não;2026-08-07 00:00:00;2026-08-10 00:00:00;2026-09-30 00:00:00;0;Não se aplica;Em qualificação;62;Morno;Prioriza baixo valor de condomínio
LED0276;Nicolas Gomes;lead0276@exemplo.com;Instagram;Compra;900000;Sul;Vila Mariana;Studio;1;Média;;;Não;Indiferente;Indiferente;Indiferente;Sim;2026-09-04 00:00:00;2026-09-06 00:00:00;;1;Não;Qualificado;95;Quente;Ainda está comparando opções
LED0277;Fernanda Castro;lead0277@exemplo.com;Site;Aluguel;3500;Oeste;Pinheiros;Apartamento;1;Média;;;Não;Sim;Não;Sim;Não;2026-08-05 00:00:00;2026-08-25 00:00:00;2026-09-29 00:00:00;1;Não;Qualificado;75;Quente;Aceita avaliar bairros próximos
LED0278;Orlando Paiva;lead0278@exemplo.com;WhatsApp;Aluguel;7500;Oeste;Jaguaré;;1;Média;;;Não;Indiferente;Não;Indiferente;;2026-07-12 00:00:00;2026-07-21 00:00:00;2026-09-29 00:00:00;0;Não se aplica;Follow-up;65;Morno;Ainda está comparando opções
LED0279;Rodrigo Siqueira;lead0279@exemplo.com;WhatsApp;Compra;2500000;;;Casa;2;Média;;;Indiferente;Indiferente;Não;Não;Não;2026-09-16 00:00:00;2026-09-19 00:00:00;;3;Sim;Em qualificação;60;Morno;Quer avaliar duas regiões diferentes
LED0280;Fernanda Castro;lead0280@exemplo.com;Indicação;Compra;900000;Oeste;Alto de Pinheiros;;4;Alta;;;Indiferente;Sim;Sim;Não;Não;2026-09-13 00:00:00;2026-09-25 00:00:00;;2;Sim;Em qualificação;70;Quente;Deseja mudança em curto prazo
LED0281;João Mendes;lead0281@exemplo.com;Indicação;;;Leste;Mooca;Apartamento;3;Alta;;;Indiferente;Não;Sim;Indiferente;;2026-09-14 00:00:00;2026-09-23 00:00:00;2026-09-26 00:00:00;0;Não se aplica;Novo;30;Frio;Prefere contato após 18h
LED0282;Felipe Rocha;lead0282@exemplo.com;Instagram;Compra;3500000;Oeste;Lapa;Studio;0;Alta;;;Indiferente;Não;Não;Não;;2026-08-22 00:00:00;2026-08-22 00:00:00;2026-09-26 00:00:00;0;Não se aplica;Follow-up;80;Quente;Quer avaliar duas regiões diferentes
LED0283;Ana Souza;lead0283@exemplo.com;Portal imobiliário;Aluguel;;Sul;Jabaquara;Studio;0;Alta;;;Sim;Não;Não;Indiferente;Não;2026-07-23 00:00:00;2026-08-09 00:00:00;2026-09-30 00:00:00;0;Não se aplica;Em qualificação;60;Morno;Prefere contato após 18h
LED0284;Fernanda Castro;lead0284@exemplo.com;WhatsApp;Investimento;800000;Norte;Casa Verde;Cobertura;;Média;;8.0;Indiferente;Não;Sim;Não;Não;2026-09-21 00:00:00;2026-09-23 00:00:00;2026-09-29 00:00:00;0;Não se aplica;Novo;62;Morno;Quer avaliar duas regiões diferentes
LED0285;Patrícia Duarte;lead0285@exemplo.com;Portal imobiliário;Aluguel;4000;Sul;Campo Belo;Apartamento;;Baixa;;;Não;Indiferente;Sim;Sim;Sim;2026-07-17 00:00:00;2026-08-06 00:00:00;;0;Não se aplica;Qualificado;80;Quente;Prioriza baixo valor de condomínio
LED0286;Samuel Batista;lead0286@exemplo.com;Site;Investimento;300000;Sul;Chácara Santo Antônio;Casa;;Média;;6.5;Sim;Sim;Sim;Indiferente;Não;2026-09-02 00:00:00;2026-09-06 00:00:00;;3;Sim;Em qualificação;62;Morno;Prioriza baixo valor de condomínio
LED0287;Vanessa Lopes;lead0287@exemplo.com;Site;Aluguel;2500;Oeste;Lapa;Studio;;Média;;;Indiferente;Não;Indiferente;Indiferente;;2026-07-10 00:00:00;2026-07-12 00:00:00;2026-09-29 00:00:00;1;Não;Em qualificação;65;Morno;Deseja mudança em curto prazo
LED0288;Leonardo Moraes;lead0288@exemplo.com;Portal imobiliário;;350000;;;Apartamento;3;;;;Sim;Não;Indiferente;Sim;Não;2026-07-02 00:00:00;2026-07-20 00:00:00;2026-09-26 00:00:00;4;Não;Novo;20;Frio;
LED0289;Nicole Queiroz;lead0289@exemplo.com;Site;Investimento;1000000;;;Cobertura;4;Alta;;;Não;Não;Indiferente;Não;;2026-07-04 00:00:00;2026-07-15 00:00:00;2026-09-27 00:00:00;4;Não;Em qualificação;40;Morno;Prefere contato após 18h
LED0290;Rodrigo Siqueira;lead0290@exemplo.com;Indicação;Investimento;600000;Sul;Interlagos;Casa;;Média;Moderado;;Sim;Não;Sim;Não;;2026-07-15 00:00:00;2026-07-22 00:00:00;2026-09-26 00:00:00;0;Não se aplica;Novo;62;Morno;
LED0291;Felipe Rocha;lead0291@exemplo.com;Portal imobiliário;Compra;3500000;Sul;Moema;Cobertura;3;Alta;;;Indiferente;Indiferente;Sim;Sim;Sim;2026-09-14 00:00:00;2026-09-24 00:00:00;;0;Não se aplica;Qualificado;100;Quente;Ainda está comparando opções
LED0292;Patrícia Duarte;lead0292@exemplo.com;WhatsApp;Compra;3500000;Sul;Morumbi;;3;;;;Indiferente;Indiferente;Indiferente;Não;Sim;2026-07-30 00:00:00;2026-08-02 00:00:00;;0;Não se aplica;Qualificado;75;Quente;
LED0293;Enzo Monteiro;lead0293@exemplo.com;Indicação;Aluguel;2500;;;Casa;3;Baixa;;;Sim;Sim;Não;Indiferente;;2026-08-21 00:00:00;2026-08-24 00:00:00;2026-09-28 00:00:00;1;Não;Novo;55;Morno;Ainda está comparando opções
LED0294;Ingrid Matos;lead0294@exemplo.com;Instagram;;350000;;;;4;Média;;;Indiferente;Não;Não;Indiferente;Sim;2026-08-14 00:00:00;2026-08-20 00:00:00;;4;Sim;Qualificado;20;Frio;Prioriza baixo valor de condomínio
LED0295;Orlando Paiva;lead0295@exemplo.com;Portal imobiliário;Investimento;;Sul;Moema;Studio;;Média;;4.5;Não;Sim;Sim;Não;Não;2026-07-16 00:00:00;2026-07-28 00:00:00;2026-09-30 00:00:00;1;Não;Follow-up;42;Morno;Prefere contato após 18h
LED0296;João Mendes;lead0296@exemplo.com;WhatsApp;Investimento;1500000;Norte;Casa Verde;;4;Alta;Conservador;8.0;Sim;Sim;Indiferente;Indiferente;Sim;2026-09-18 00:00:00;2026-09-21 00:00:00;;4;Sim;Encaminhado ao especialista;100;Quente;Quer avaliar duas regiões diferentes
LED0297;José Lima;lead0297@exemplo.com;WhatsApp;Investimento;;Oeste;Lapa;;4;Média;;5.5;Sim;Sim;Não;Sim;Não;2026-07-24 00:00:00;2026-07-28 00:00:00;;2;Sim;Follow-up;42;Morno;Busca oportunidade com boa liquidez
LED0298;Giovana Prado;lead0298@exemplo.com;Portal imobiliário;Aluguel;;Oeste;Perdizes;Cobertura;1;Média;;;Indiferente;Não;Não;Não;Não;2026-09-19 00:00:00;2026-09-21 00:00:00;2026-09-27 00:00:00;1;Não;Em qualificação;55;Morno;Quer avaliar duas regiões diferentes
LED0299;Tatiane Rezende;lead0299@exemplo.com;Indicação;Compra;550000;Oeste;Pinheiros;Studio;0;Média;;;Indiferente;Indiferente;Indiferente;Sim;;2026-09-06 00:00:00;2026-09-09 00:00:00;;3;Sim;Qualificado;75;Quente;Quer avaliar duas regiões diferentes
LED0300;Patrícia Duarte;lead0300@exemplo.com;Portal imobiliário;Aluguel;9000;Leste;Tatuapé;Cobertura;1;Baixa;;;Não;Sim;Não;Sim;;2026-08-30 00:00:00;2026-08-30 00:00:00;2026-09-30 00:00:00;0;Não se aplica;Em qualificação;70;Quente;Deseja mudança em curto prazo
LED0301;Mariana Oliveira;lead0301@exemplo.com;Portal imobiliário;;450000;Leste;Belém;Apartamento;2;Média;;;Sim;Sim;Indiferente;Sim;Não;2026-09-10 00:00:00;2026-09-13 00:00:00;2026-09-27 00:00:00;2;Não;Novo;35;Frio;Prefere contato após 18h
LED0302;Ingrid Matos;lead0302@exemplo.com;Instagram;Aluguel;5000;;;Casa;4;Média;;;Indiferente;Indiferente;Sim;Indiferente;Não;2026-09-10 00:00:00;2026-09-18 00:00:00;2026-09-26 00:00:00;3;Não;Novo;60;Morno;Prioriza baixo valor de condomínio
LED0303;Débora Ramos;lead0303@exemplo.com;Indicação;Compra;1800000;;;Cobertura;;Baixa;;;Não;Não;Não;Não;Não;2026-08-05 00:00:00;2026-08-23 00:00:00;2026-10-01 00:00:00;0;Não se aplica;Novo;45;Morno;Prioriza baixo valor de condomínio
LED0304;João Mendes;lead0304@exemplo.com;Site;Aluguel;;Leste;Itaquera;;3;Alta;;;Sim;Sim;Sim;Indiferente;Não;2026-08-13 00:00:00;2026-08-23 00:00:00;2026-09-26 00:00:00;1;Não;Novo;50;Morno;Prioriza baixo valor de condomínio
LED0305;Nicole Queiroz;lead0305@exemplo.com;Indicação;Compra;450000;;;;3;Alta;;;Não;Indiferente;Não;Não;Não;2026-07-03 00:00:00;2026-07-18 00:00:00;2026-10-01 00:00:00;0;Não se aplica;Novo;55;Morno;Prefere contato após 18h
LED0306;Eduarda Lima;lead0306@exemplo.com;Instagram;Compra;450000;Centro;Cambuci;Casa;3;Média;;;Indiferente;Não;Indiferente;Não;Sim;2026-09-05 00:00:00;2026-09-25 00:00:00;;2;Não;Qualificado;95;Quente;Aceita avaliar bairros próximos
LED0307;Gabriela Martins;lead0307@exemplo.com;Indicação;Investimento;300000;Oeste;Butantã;Cobertura;;Alta;Conservador;8.0;Indiferente;Não;Indiferente;Sim;Sim;2026-08-22 00:00:00;2026-09-02 00:00:00;;0;Não se aplica;Reunião agendada;100;Quente;Prioriza baixo valor de condomínio
LED0308;Eduarda Lima;lead0308@exemplo.com;Portal imobiliário;Aluguel;15000;Leste;Itaquera;;2;Baixa;;;Indiferente;Sim;Indiferente;Sim;Sim;2026-09-23 00:00:00;2026-09-24 00:00:00;;4;Não;Qualificado;80;Quente;
LED0309;Leonardo Moraes;lead0309@exemplo.com;Instagram;Compra;3500000;Oeste;Lapa;Studio;0;Alta;;;Sim;Não;Sim;Não;Não;2026-09-05 00:00:00;2026-09-13 00:00:00;2026-10-01 00:00:00;0;Não se aplica;Em qualificação;80;Quente;Aceita avaliar bairros próximos
LED0310;Renata Cunha;lead0310@exemplo.com;Indicação;Compra;3500000;Oeste;Perdizes;Studio;1;Média;;;Sim;Não;Não;Indiferente;;2026-09-12 00:00:00;2026-09-18 00:00:00;2026-09-26 00:00:00;0;Não se aplica;Follow-up;75;Quente;Ainda está comparando opções
LED0311;Gabriela Martins;lead0311@exemplo.com;Site;Aluguel;4000;Leste;Itaquera;;3;Baixa;;;Indiferente;Não;Sim;Sim;Não;2026-08-16 00:00:00;2026-08-18 00:00:00;2026-09-27 00:00:00;2;Não;Novo;60;Morno;Quer avaliar duas regiões diferentes
LED0312;Helena Teixeira;lead0312@exemplo.com;Indicação;Aluguel;4000;Sul;Morumbi;Studio;0;Alta;;;Sim;Indiferente;Indiferente;Indiferente;Sim;2026-08-26 00:00:00;2026-09-04 00:00:00;;0;Não se aplica;Qualificado;100;Quente;
LED0313;Larissa Peixoto;lead0313@exemplo.com;Portal imobiliário;Aluguel;6000;Centro;Liberdade;Studio;0;Alta;;;Sim;Sim;Não;Sim;Sim;2026-08-16 00:00:00;2026-08-19 00:00:00;;0;Não se aplica;Visita agendada;100;Quente;Aceita avaliar bairros próximos
LED0314;Nicole Queiroz;lead0314@exemplo.com;Portal imobiliário;Aluguel;7500;Sul;Brooklin;Casa;3;Média;;;Sim;Indiferente;Não;Sim;Sim;2026-09-08 00:00:00;2026-09-15 00:00:00;;0;Não se aplica;Visita agendada;95;Quente;Prefere contato após 18h
LED0315;Otávio Barros;lead0315@exemplo.com;WhatsApp;Compra;550000;Sul;Campo Belo;Apartamento;;Média;;;Indiferente;Não;Sim;Indiferente;Não;2026-09-01 00:00:00;2026-09-04 00:00:00;;3;Sim;Em qualificação;65;Morno;Ainda está comparando opções
LED0316;Cláudia Reis;lead0316@exemplo.com;WhatsApp;Compra;700000;Centro;Liberdade;Studio;1;Média;;;Indiferente;Não;Indiferente;Sim;;2026-08-16 00:00:00;2026-09-04 00:00:00;2026-10-01 00:00:00;0;Não se aplica;Follow-up;75;Quente;Busca oportunidade com boa liquidez
LED0317;Patrícia Duarte;lead0317@exemplo.com;WhatsApp;Aluguel;;Centro;Cambuci;Cobertura;;Média;;;Sim;Sim;Indiferente;Indiferente;Não;2026-07-21 00:00:00;2026-07-26 00:00:00;;3;Sim;Follow-up;45;Morno;
LED0318;Marcelo Tavares;lead0318@exemplo.com;Instagram;Aluguel;3500;Sul;Chácara Santo Antônio;Cobertura;4;Alta;;;Sim;Indiferente;Não;Indiferente;Não;2026-07-06 00:00:00;2026-07-21 00:00:00;2026-10-02 00:00:00;0;Não se aplica;Qualificado;80;Quente;
LED0319;José Lima;lead0319@exemplo.com;Portal imobiliário;Aluguel;2500;Centro;Cambuci;Casa;2;Alta;;;Sim;Indiferente;Não;Sim;Não;2026-08-22 00:00:00;2026-08-30 00:00:00;;4;Sim;Em qualificação;80;Quente;Aceita avaliar bairros próximos
LED0320;Paulo Vieira;lead0320@exemplo.com;Site;Compra;;Oeste;Jaguaré;Casa;1;Alta;;;Não;Indiferente;Indiferente;Não;Sim;2026-07-28 00:00:00;2026-07-31 00:00:00;;3;Sim;Visita agendada;80;Quente;
LED0321;Simone Bastos;lead0321@exemplo.com;Indicação;Aluguel;6000;Centro;Bela Vista;Apartamento;;Alta;;;Sim;Sim;Não;Indiferente;Não;2026-07-15 00:00:00;2026-08-02 00:00:00;2026-09-27 00:00:00;0;Não se aplica;Em qualificação;70;Quente;Aceita avaliar bairros próximos
LED0322;Márcia Farias;lead0322@exemplo.com;Indicação;Compra;3500000;Norte;Casa Verde;Apartamento;;Baixa;;;Sim;Indiferente;Indiferente;Sim;Sim;2026-09-09 00:00:00;2026-09-12 00:00:00;;1;Não;Qualificado;80;Quente;
LED0323;Samuel Batista;lead0323@exemplo.com;Indicação;;3500000;Sul;Chácara Santo Antônio;Casa;1;Média;;;Sim;Indiferente;Indiferente;Sim;Não;2026-07-10 00:00:00;2026-07-13 00:00:00;;3;Sim;Follow-up;35;Frio;Aceita avaliar bairros próximos
LED0324;Samuel Batista;lead0324@exemplo.com;Site;Investimento;300000;;;;3;Média;Arrojado;;Indiferente;Indiferente;Indiferente;Sim;;2026-08-15 00:00:00;2026-08-25 00:00:00;2026-09-28 00:00:00;3;Não;Follow-up;52;Morno;Deseja mudança em curto prazo
LED0325;Leonardo Moraes;lead0325@exemplo.com;Instagram;Compra;2500000;Sul;Moema;Apartamento;2;Alta;;;Indiferente;Indiferente;Indiferente;Sim;;2026-08-19 00:00:00;2026-08-20 00:00:00;2026-09-29 00:00:00;2;Não;Qualificado;80;Quente;Ainda está comparando opções
LED0326;Nicolas Gomes;lead0326@exemplo.com;WhatsApp;Compra;3500000;Sul;Saúde;Studio;1;;;;Não;Indiferente;Indiferente;Indiferente;Não;2026-09-09 00:00:00;2026-09-14 00:00:00;2026-09-29 00:00:00;0;Não se aplica;Follow-up;65;Morno;Prefere contato após 18h
LED0327;Breno Campos;lead0327@exemplo.com;Site;Compra;2500000;Leste;Tatuapé;Apartamento;2;Baixa;;;Indiferente;Não;Indiferente;Sim;Sim;2026-09-24 00:00:00;2026-09-24 00:00:00;;0;Não se aplica;Qualificado;90;Quente;Prefere contato após 18h
LED0328;Tatiane Rezende;lead0328@exemplo.com;Portal imobiliário;Investimento;1500000;Leste;Tatuapé;;;Baixa;;6.0;Indiferente;Sim;Indiferente;Não;;2026-09-22 00:00:00;2026-09-22 00:00:00;2026-10-02 00:00:00;3;Não;Em qualificação;58;Morno;Prioriza baixo valor de condomínio
LED0329;Débora Ramos;lead0329@exemplo.com;WhatsApp;Aluguel;6000;Oeste;Perdizes;Studio;0;Média;;;Não;Não;Sim;Não;Não;2026-07-04 00:00:00;2026-07-23 00:00:00;2026-09-26 00:00:00;0;Não se aplica;Em qualificação;75;Quente;Ainda está comparando opções
LED0330;Tatiane Rezende;lead0330@exemplo.com;Site;Compra;2500000;Norte;Tucuruvi;;;Alta;;;Sim;Sim;Sim;Sim;Não;2026-07-30 00:00:00;2026-08-03 00:00:00;2026-09-26 00:00:00;0;Não se aplica;Em qualificação;60;Morno;
LED0331;Natália Correia;lead0331@exemplo.com;Portal imobiliário;Compra;900000;;;Cobertura;;Média;;;Não;Não;Indiferente;Indiferente;Não;2026-08-12 00:00:00;2026-08-26 00:00:00;2026-09-26 00:00:00;0;Não se aplica;Em qualificação;50;Morno;Quer avaliar duas regiões diferentes
LED0332;Vanessa Lopes;lead0332@exemplo.com;Indicação;;2500000;;;;1;;;;Não;Sim;Indiferente;Indiferente;Não;2026-07-16 00:00:00;2026-07-29 00:00:00;2026-09-29 00:00:00;3;Não;Novo;15;Frio;Busca oportunidade com boa liquidez
LED0333;Débora Ramos;lead0333@exemplo.com;WhatsApp;Aluguel;;Leste;Tatuapé;;1;;;;Indiferente;Não;Não;Não;Sim;2026-09-10 00:00:00;2026-09-14 00:00:00;;2;Sim;Encaminhado ao corretor;55;Morno;Prefere contato após 18h
LED0334;Simone Bastos;lead0334@exemplo.com;Instagram;Compra;2500000;Norte;Casa Verde;Studio;0;Média;;;Indiferente;Não;Não;Indiferente;Sim;2026-07-27 00:00:00;2026-08-13 00:00:00;;3;Não;Visita agendada;95;Quente;Deseja mudança em curto prazo
LED0335;Enzo Monteiro;lead0335@exemplo.com;Portal imobiliário;Aluguel;5000;Norte;Tucuruvi;;;Média;;;Não;Sim;Sim;Não;;2026-09-19 00:00:00;2026-09-24 00:00:00;2026-10-01 00:00:00;2;Não;Em qualificação;55;Morno;Aceita avaliar bairros próximos
LED0336;Leonardo Moraes;lead0336@exemplo.com;Indicação;Compra;;Leste;Anália Franco;;2;Alta;;;Não;Indiferente;Não;Indiferente;Não;2026-07-12 00:00:00;2026-07-16 00:00:00;;1;Sim;Novo;50;Morno;
LED0337;Ana Souza;lead0337@exemplo.com;Indicação;Compra;350000;Leste;Anália Franco;;4;Média;;;Não;Não;Não;Não;;2026-07-30 00:00:00;2026-08-03 00:00:00;;3;Sim;Follow-up;65;Morno;
LED0338;João Mendes;lead0338@exemplo.com;WhatsApp;Aluguel;;Leste;Carrão;Studio;0;Média;;;Sim;Não;Não;Indiferente;Não;2026-07-25 00:00:00;2026-07-25 00:00:00;2026-10-01 00:00:00;0;Não se aplica;Follow-up;55;Morno;Aceita avaliar bairros próximos
LED0339;Nicole Queiroz;lead0339@exemplo.com;Site;Aluguel;3000;Sul;Chácara Santo Antônio;Studio;1;Baixa;;;Indiferente;Não;Sim;Não;;2026-09-01 00:00:00;2026-09-21 00:00:00;2026-10-02 00:00:00;0;Não se aplica;Em qualificação;70;Quente;Prioriza baixo valor de condomínio
LED0340;Nicolas Gomes;lead0340@exemplo.com;Instagram;Investimento;800000;Oeste;Jaguaré;Studio;0;Alta;;6.5;Não;Sim;Não;Sim;;2026-08-26 00:00:00;2026-09-01 00:00:00;2026-09-30 00:00:00;0;Não se aplica;Em qualificação;65;Morno;Busca oportunidade com boa liquidez
LED0341;Cláudia Reis;lead0341@exemplo.com;Portal imobiliário;Compra;450000;Centro;República;Apartamento;;Média;;;Não;Não;Sim;Não;Não;2026-09-21 00:00:00;2026-09-23 00:00:00;2026-09-26 00:00:00;0;Não se aplica;Novo;65;Morno;
LED0342;Juliana Pires;lead0342@exemplo.com;Indicação;;900000;Leste;Anália Franco;;3;Média;;;Não;Não;Indiferente;Sim;Sim;2026-08-26 00:00:00;2026-09-06 00:00:00;;0;Não se aplica;Qualificado;30;Frio;Prioriza baixo valor de condomínio
LED0343;Hugo Silveira;lead0343@exemplo.com;Site;Aluguel;12000;Centro;Bela Vista;Cobertura;1;Alta;;;Não;Não;Indiferente;Indiferente;;2026-09-24 00:00:00;2026-09-24 00:00:00;2026-09-26 00:00:00;2;Não;Em qualificação;80;Quente;Busca oportunidade com boa liquidez
LED0344;Enzo Monteiro;lead0344@exemplo.com;Site;Aluguel;15000;Centro;Consolação;Cobertura;4;Média;;;Sim;Indiferente;Sim;Não;Não;2026-08-24 00:00:00;2026-09-10 00:00:00;;2;Sim;Follow-up;75;Quente;Deseja mudança em curto prazo
LED0345;Priscila Andrade;lead0345@exemplo.com;Site;;3500000;Norte;Casa Verde;Apartamento;3;Média;;;Sim;Não;Indiferente;Sim;;2026-07-07 00:00:00;2026-07-27 00:00:00;;3;Sim;Follow-up;35;Frio;Aceita avaliar bairros próximos
LED0346;Patrícia Duarte;lead0346@exemplo.com;Instagram;Compra;;Sul;Jabaquara;;4;Baixa;;;Indiferente;Sim;Sim;Não;Sim;2026-08-17 00:00:00;2026-08-30 00:00:00;;0;Não se aplica;Encaminhado ao corretor;60;Morno;Aceita avaliar bairros próximos
LED0347;Fernanda Castro;lead0347@exemplo.com;WhatsApp;Aluguel;;Centro;Liberdade;Studio;1;Alta;;;Não;Indiferente;Não;Sim;;2026-08-31 00:00:00;2026-09-15 00:00:00;2026-09-26 00:00:00;0;Não se aplica;Novo;60;Morno;
LED0348;Sabrina Freitas;lead0348@exemplo.com;Portal imobiliário;;1800000;Sul;Saúde;;3;Alta;;;Indiferente;Sim;Sim;Sim;;2026-08-28 00:00:00;2026-09-08 00:00:00;2026-09-29 00:00:00;0;Não se aplica;Follow-up;35;Frio;Prefere contato após 18h
LED0349;João Mendes;lead0349@exemplo.com;WhatsApp;Compra;550000;;;Apartamento;3;Média;;;Sim;Não;Não;Indiferente;Não;2026-09-16 00:00:00;2026-09-18 00:00:00;;4;Sim;Follow-up;60;Morno;
LED0350;Lucas Nunes;lead0350@exemplo.com;Instagram;Compra;1800000;Oeste;Vila Madalena;Cobertura;4;Média;;;Não;Indiferente;Não;Sim;Não;2026-07-26 00:00:00;2026-08-08 00:00:00;2026-09-29 00:00:00;0;Não se aplica;Qualificado;75;Quente;
LED0351;Márcia Farias;lead0351@exemplo.com;Site;Compra;1200000;Sul;Interlagos;;;Média;;;Não;Não;Sim;Não;Não;2026-07-17 00:00:00;2026-07-20 00:00:00;2026-10-02 00:00:00;0;Não se aplica;Follow-up;55;Morno;Deseja mudança em curto prazo
LED0352;Bruno Almeida;lead0352@exemplo.com;Indicação;Investimento;2500000;Leste;Carrão;Apartamento;1;Média;Arrojado;8.0;Não;Não;Indiferente;Não;Não;2026-08-17 00:00:00;2026-09-06 00:00:00;2026-09-29 00:00:00;3;Não;Qualificado;77;Quente;Aceita avaliar bairros próximos
LED0353;José Lima;lead0353@exemplo.com;Indicação;Aluguel;6000;Sul;Santo Amaro;Casa;2;;;;Sim;Sim;Indiferente;Não;Não;2026-08-01 00:00:00;2026-08-11 00:00:00;2026-10-01 00:00:00;0;Não se aplica;Em qualificação;65;Morno;Prefere contato após 18h
LED0354;Carla Ribeiro;lead0354@exemplo.com;Indicação;Aluguel;;Oeste;Alto de Pinheiros;Cobertura;;Média;;;Sim;Não;Indiferente;Sim;Sim;2026-09-07 00:00:00;2026-09-22 00:00:00;;0;Não se aplica;Encaminhado ao corretor;65;Morno;Ainda está comparando opções
LED0355;Carla Ribeiro;lead0355@exemplo.com;Portal imobiliário;Compra;350000;;;Apartamento;1;Baixa;;;Sim;Sim;Sim;Não;Não;2026-08-30 00:00:00;2026-09-12 00:00:00;2026-09-26 00:00:00;2;Não;Novo;55;Morno;Busca oportunidade com boa liquidez
LED0356;Priscila Andrade;lead0356@exemplo.com;Site;Aluguel;3000;;;;4;Alta;;;Indiferente;Sim;Não;Indiferente;Não;2026-09-21 00:00:00;2026-09-23 00:00:00;;3;Sim;Follow-up;55;Morno;Deseja mudança em curto prazo
LED0357;Carla Ribeiro;lead0357@exemplo.com;WhatsApp;Compra;1800000;Centro;Bela Vista;Casa;2;Alta;;;Não;Indiferente;Indiferente;Indiferente;Sim;2026-08-04 00:00:00;2026-08-09 00:00:00;;1;Sim;Visita agendada;100;Quente;Prefere contato após 18h
LED0358;Simone Bastos;lead0358@exemplo.com;Indicação;Aluguel;3500;Oeste;Lapa;Casa;;;;;Não;Sim;Indiferente;Indiferente;Não;2026-09-06 00:00:00;2026-09-10 00:00:00;2026-10-02 00:00:00;4;Não;Em qualificação;55;Morno;Busca oportunidade com boa liquidez
LED0359;Otávio Barros;lead0359@exemplo.com;WhatsApp;Compra;;Oeste;Perdizes;;2;Alta;;;Sim;Indiferente;Sim;Sim;Não;2026-09-12 00:00:00;2026-09-12 00:00:00;;4;Sim;Em qualificação;50;Morno;Busca oportunidade com boa liquidez
LED0360;João Mendes;lead0360@exemplo.com;Site;Compra;900000;Sul;Jabaquara;Studio;;Alta;;;Não;Indiferente;Indiferente;Não;;2026-08-06 00:00:00;2026-08-20 00:00:00;;3;Sim;Em qualificação;70;Quente;Busca oportunidade com boa liquidez
LED0361;Lucas Nunes;lead0361@exemplo.com;Indicação;Investimento;;Leste;Belém;Casa;;Média;;4.0;Sim;Não;Indiferente;Indiferente;Não;2026-07-31 00:00:00;2026-08-08 00:00:00;2026-09-30 00:00:00;3;Não;Follow-up;42;Morno;Prioriza baixo valor de condomínio
LED0362;Samuel Batista;lead0362@exemplo.com;Portal imobiliário;;700000;Sul;Jabaquara;Studio;1;Média;;;Não;Não;Não;Não;Não;2026-08-01 00:00:00;2026-08-03 00:00:00;2026-09-28 00:00:00;2;Não;Follow-up;35;Frio;
LED0363;Caio Azevedo;lead0363@exemplo.com;WhatsApp;;350000;Sul;Jabaquara;Apartamento;3;Alta;;;Não;Indiferente;Não;Sim;;2026-07-30 00:00:00;2026-08-09 00:00:00;;3;Sim;Sem contato;39;Frio;Busca oportunidade com boa liquidez
LED0364;Ana Souza;lead0364@exemplo.com;Indicação;Compra;550000;Sul;Morumbi;Cobertura;3;Baixa;;;Sim;Indiferente;Não;Indiferente;;2026-08-14 00:00:00;2026-08-15 00:00:00;;1;Sim;Em qualificação;70;Quente;
LED0365;Elaine Braga;lead0365@exemplo.com;Site;Compra;1800000;Centro;Cambuci;Studio;0;Baixa;;;Não;Não;Não;Não;Sim;2026-08-03 00:00:00;2026-08-05 00:00:00;;0;Não se aplica;Qualificado;90;Quente;Deseja mudança em curto prazo
LED0366;Daniel Santos;lead0366@exemplo.com;Instagram;Compra;450000;Sul;Campo Belo;Cobertura;1;Baixa;;;Não;Indiferente;Indiferente;Sim;Não;2026-07-25 00:00:00;2026-08-04 00:00:00;2026-10-01 00:00:00;3;Não;Follow-up;70;Quente;Deseja mudança em curto prazo
LED0367;Otávio Barros;lead0367@exemplo.com;Portal imobiliário;;2500000;Oeste;Vila Madalena;Apartamento;1;Alta;;;Sim;Indiferente;Não;Indiferente;Não;2026-07-01 00:00:00;2026-07-03 00:00:00;2026-09-26 00:00:00;0;Não se aplica;Sem contato;39;Frio;Ainda está comparando opções
LED0368;Eduarda Lima;lead0368@exemplo.com;WhatsApp;Compra;1200000;;;Apartamento;1;Média;;;Não;Indiferente;Sim;Indiferente;;2026-09-16 00:00:00;2026-09-21 00:00:00;2026-09-28 00:00:00;3;Não;Novo;60;Morno;Prefere contato após 18h
LED0369;Paulo Vieira;lead0369@exemplo.com;Portal imobiliário;Compra;550000;Oeste;Perdizes;Studio;;;;;Sim;Indiferente;Não;Não;Sim;2026-08-25 00:00:00;2026-08-25 00:00:00;;0;Não se aplica;Encaminhado ao corretor;75;Quente;Aceita avaliar bairros próximos
LED0370;Diego Xavier;lead0370@exemplo.com;Instagram;Aluguel;6000;Centro;República;Apartamento;1;Alta;;;Sim;Sim;Indiferente;Sim;;2026-09-23 00:00:00;2026-09-24 00:00:00;2026-09-29 00:00:00;4;Não;Em qualificação;80;Quente;
LED0371;Felipe Rocha;lead0371@exemplo.com;Portal imobiliário;Compra;900000;Leste;Itaquera;Apartamento;;Alta;;;Sim;Indiferente;Sim;Não;Não;2026-08-26 00:00:00;2026-09-14 00:00:00;2026-10-02 00:00:00;0;Não se aplica;Em qualificação;70;Quente;Aceita avaliar bairros próximos
LED0372;Ingrid Matos;lead0372@exemplo.com;Site;Compra;1200000;Oeste;Pinheiros;Casa;;Média;;;Indiferente;Sim;Indiferente;Indiferente;Não;2026-07-13 00:00:00;2026-07-29 00:00:00;2026-09-27 00:00:00;0;Não se aplica;Novo;65;Morno;Aceita avaliar bairros próximos
LED0373;Vinícius Moura;lead0373@exemplo.com;Indicação;Compra;350000;Sul;Morumbi;Casa;3;Baixa;;;Sim;Sim;Indiferente;Sim;Não;2026-08-10 00:00:00;2026-08-19 00:00:00;2026-09-26 00:00:00;0;Não se aplica;Em qualificação;70;Quente;Aceita avaliar bairros próximos
LED0374;Renata Cunha;lead0374@exemplo.com;Indicação;Compra;2500000;Oeste;Pompeia;;3;Alta;;;Sim;Não;Não;Indiferente;;2026-07-28 00:00:00;2026-08-06 00:00:00;2026-09-30 00:00:00;0;Não se aplica;Qualificado;70;Quente;Prefere contato após 18h
LED0375;Isabela Ferreira;lead0375@exemplo.com;Instagram;Compra;550000;Centro;Cambuci;;3;Baixa;;;Indiferente;Sim;Sim;Indiferente;Não;2026-08-07 00:00:00;2026-08-19 00:00:00;;3;Sim;Follow-up;60;Morno;Prioriza baixo valor de condomínio
LED0376;Enzo Monteiro;lead0376@exemplo.com;Site;Aluguel;2500;Oeste;Alto de Pinheiros;Cobertura;2;Baixa;;;Indiferente;Não;Sim;Indiferente;Não;2026-09-20 00:00:00;2026-09-23 00:00:00;2026-10-01 00:00:00;0;Não se aplica;Follow-up;70;Quente;Busca oportunidade com boa liquidez
LED0377;Helena Teixeira;lead0377@exemplo.com;WhatsApp;Aluguel;;Sul;Moema;Casa;;Alta;;;Sim;Indiferente;Não;Não;Sim;2026-09-23 00:00:00;2026-09-24 00:00:00;;1;Sim;Visita agendada;70;Quente;Busca oportunidade com boa liquidez
LED0378;Karina Alves;lead0378@exemplo.com;Portal imobiliário;Compra;1800000;Sul;Brooklin;Studio;;Baixa;;;Não;Indiferente;Não;Indiferente;;2026-07-11 00:00:00;2026-07-11 00:00:00;2026-09-30 00:00:00;0;Não se aplica;Novo;60;Morno;Ainda está comparando opções
LED0379;Henrique Costa;lead0379@exemplo.com;Indicação;Aluguel;12000;Sul;Moema;Apartamento;;Média;;;Indiferente;Sim;Não;Não;Sim;2026-08-24 00:00:00;2026-09-03 00:00:00;;0;Não se aplica;Qualificado;85;Quente;Deseja mudança em curto prazo
LED0380;Patrícia Duarte;lead0380@exemplo.com;Instagram;Aluguel;2500;Sul;Interlagos;Casa;3;Baixa;;;Não;Sim;Indiferente;Indiferente;;2026-07-28 00:00:00;2026-08-02 00:00:00;2026-10-01 00:00:00;0;Não se aplica;Qualificado;70;Quente;Busca oportunidade com boa liquidez
LED0381;João Mendes;lead0381@exemplo.com;Indicação;Compra;1200000;Sul;Brooklin;;3;Alta;;;Indiferente;Indiferente;Não;Indiferente;Não;2026-07-24 00:00:00;2026-08-06 00:00:00;2026-09-29 00:00:00;3;Não;Em qualificação;70;Quente;Ainda está comparando opções
LED0382;Ana Souza;lead0382@exemplo.com;Indicação;Compra;;Sul;Jabaquara;Casa;2;Alta;;;Indiferente;Indiferente;Não;Não;Sim;2026-09-09 00:00:00;2026-09-21 00:00:00;;1;Não;Encaminhado ao corretor;80;Quente;
LED0383;Gustavo Cardoso;lead0383@exemplo.com;WhatsApp;Compra;1200000;Leste;Belém;Studio;1;Baixa;;;Não;Sim;Sim;Indiferente;Sim;2026-09-15 00:00:00;2026-09-18 00:00:00;;0;Não se aplica;Visita agendada;90;Quente;Ainda está comparando opções
LED0384;Ana Souza;lead0384@exemplo.com;Site;Aluguel;4000;Centro;Consolação;;;Média;;;Indiferente;Sim;Sim;Não;Não;2026-07-26 00:00:00;2026-08-12 00:00:00;2026-10-02 00:00:00;0;Não se aplica;Follow-up;55;Morno;Deseja mudança em curto prazo
LED0385;Vinícius Moura;lead0385@exemplo.com;Site;Investimento;600000;Sul;Campo Belo;Studio;1;Baixa;Conservador;;Não;Não;Sim;Indiferente;Não;2026-07-21 00:00:00;2026-08-01 00:00:00;;4;Sim;Novo;58;Morno;Ainda está comparando opções
LED0386;João Mendes;lead0386@exemplo.com;Indicação;Investimento;3500000;;;;4;Alta;Moderado;4.0;Indiferente;Não;Indiferente;Sim;Não;2026-07-13 00:00:00;2026-07-21 00:00:00;;2;Sim;Em qualificação;70;Quente;Aceita avaliar bairros próximos
LED0387;Breno Campos;lead0387@exemplo.com;Portal imobiliário;Compra;1200000;Leste;Mooca;Apartamento;;Média;;;Sim;Indiferente;Sim;Sim;Não;2026-08-04 00:00:00;2026-08-18 00:00:00;2026-09-26 00:00:00;0;Não se aplica;Em qualificação;65;Morno;Ainda está comparando opções
LED0388;Henrique Costa;lead0388@exemplo.com;Portal imobiliário;Aluguel;4000;Sul;Campo Belo;Studio;0;Média;;;Indiferente;Indiferente;Sim;Não;Sim;2026-08-30 00:00:00;2026-09-04 00:00:00;;3;Sim;Visita agendada;95;Quente;
LED0389;Priscila Andrade;lead0389@exemplo.com;Indicação;Aluguel;9000;Oeste;Pinheiros;Studio;0;Alta;;;Não;Indiferente;Não;Não;Não;2026-09-06 00:00:00;2026-09-12 00:00:00;2026-10-01 00:00:00;0;Não se aplica;Em qualificação;80;Quente;
LED0390;Giovana Prado;lead0390@exemplo.com;Instagram;Compra;2500000;;;Casa;2;Alta;;;Indiferente;Sim;Sim;Indiferente;Sim;2026-09-09 00:00:00;2026-09-15 00:00:00;;0;Não se aplica;Encaminhado ao corretor;85;Quente;Prioriza baixo valor de condomínio
LED0391;Samuel Batista;lead0391@exemplo.com;Instagram;Compra;450000;Oeste;Alto de Pinheiros;Casa;;Alta;;;Sim;Indiferente;Sim;Não;;2026-09-12 00:00:00;2026-09-20 00:00:00;2026-09-28 00:00:00;0;Não se aplica;Em qualificação;70;Quente;Ainda está comparando opções
LED0392;João Mendes;lead0392@exemplo.com;Instagram;Compra;;;;Casa;3;Alta;;;Não;Sim;Não;Não;Sim;2026-07-31 00:00:00;2026-08-02 00:00:00;;0;Não se aplica;Visita agendada;65;Morno;Deseja mudança em curto prazo
LED0393;Rafael Moreira;lead0393@exemplo.com;Indicação;Compra;1800000;Norte;Mandaqui;Studio;1;;;;Indiferente;Indiferente;Indiferente;Sim;;2026-08-26 00:00:00;2026-09-13 00:00:00;2026-09-26 00:00:00;0;Não se aplica;Em qualificação;65;Morno;Prioriza baixo valor de condomínio
LED0394;Henrique Costa;lead0394@exemplo.com;Portal imobiliário;Compra;3500000;Oeste;Alto de Pinheiros;;4;;;;Sim;Não;Indiferente;Não;;2026-08-19 00:00:00;2026-08-27 00:00:00;2026-10-01 00:00:00;0;Não se aplica;Novo;55;Morno;Aceita avaliar bairros próximos
LED0395;Helena Teixeira;lead0395@exemplo.com;WhatsApp;Aluguel;15000;Sul;Chácara Santo Antônio;Studio;1;Média;;;Indiferente;Não;Não;Não;Não;2026-08-25 00:00:00;2026-09-06 00:00:00;2026-09-29 00:00:00;1;Não;Qualificado;75;Quente;Prioriza baixo valor de condomínio
LED0396;Fábio Neves;lead0396@exemplo.com;Indicação;Compra;;Leste;Itaquera;Apartamento;4;;;;Sim;Não;Não;Indiferente;Não;2026-07-19 00:00:00;2026-08-07 00:00:00;2026-09-29 00:00:00;0;Não se aplica;Novo;45;Morno;Quer avaliar duas regiões diferentes
LED0397;Gabriela Martins;lead0397@exemplo.com;Portal imobiliário;Compra;3500000;Sul;Moema;Cobertura;2;Média;;;Indiferente;Sim;Não;Sim;Não;2026-07-23 00:00:00;2026-07-25 00:00:00;2026-09-27 00:00:00;0;Não se aplica;Qualificado;75;Quente;Deseja mudança em curto prazo
LED0398;Igor Araújo;lead0398@exemplo.com;Site;Investimento;2500000;;;Apartamento;4;Baixa;Conservador;;Sim;Sim;Não;Sim;Não;2026-07-19 00:00:00;2026-07-20 00:00:00;2026-09-27 00:00:00;3;Não;Em qualificação;48;Morno;
LED0399;Nicole Queiroz;lead0399@exemplo.com;Portal imobiliário;Compra;1800000;Oeste;Lapa;;;Média;;;Indiferente;Não;Sim;Não;Sim;2026-08-21 00:00:00;2026-08-26 00:00:00;;0;Não se aplica;Qualificado;75;Quente;Quer avaliar duas regiões diferentes
LED0400;João Mendes;lead0400@exemplo.com;WhatsApp;Investimento;1500000;Norte;Casa Verde;Studio;;Alta;Conservador;8.0;Sim;Indiferente;Sim;Indiferente;;2026-08-25 00:00:00;2026-09-11 00:00:00;;1;Sim;Qualificado;80;Quente;Quer avaliar duas regiões diferentes
LED0401;Vinícius Moura;lead0401@exemplo.com;Indicação;Investimento;300000;Leste;Mooca;Apartamento;1;Baixa;Conservador;5.0;Sim;Não;Indiferente;Não;;2026-07-15 00:00:00;2026-07-25 00:00:00;2026-09-28 00:00:00;0;Não se aplica;Em qualificação;73;Quente;Ainda está comparando opções
LED0402;Hugo Silveira;lead0402@exemplo.com;WhatsApp;Investimento;600000;Oeste;Lapa;Cobertura;1;Média;Arrojado;;Indiferente;Não;Não;Indiferente;Não;2026-08-05 00:00:00;2026-08-08 00:00:00;2026-09-29 00:00:00;1;Não;Follow-up;62;Morno;Aceita avaliar bairros próximos
LED0403;Felipe Rocha;lead0403@exemplo.com;Portal imobiliário;Compra;900000;Leste;Carrão;Cobertura;2;;;;Indiferente;Sim;Sim;Sim;Sim;2026-07-12 00:00:00;2026-07-17 00:00:00;;0;Não se aplica;Encaminhado ao corretor;85;Quente;Quer avaliar duas regiões diferentes
LED0404;Samuel Batista;lead0404@exemplo.com;Instagram;Compra;700000;;;Studio;;Baixa;;;Não;Indiferente;Não;Não;Não;2026-09-09 00:00:00;2026-09-23 00:00:00;2026-10-02 00:00:00;0;Não se aplica;Novo;45;Morno;Ainda está comparando opções
LED0405;Felipe Rocha;lead0405@exemplo.com;Site;Investimento;800000;Oeste;Alto de Pinheiros;Cobertura;3;Alta;Conservador;7.0;Sim;Sim;Não;Não;Não;2026-07-05 00:00:00;2026-07-10 00:00:00;2026-09-26 00:00:00;4;Não;Qualificado;80;Quente;
LED0406;Vanessa Lopes;lead0406@exemplo.com;WhatsApp;Aluguel;7500;Centro;Consolação;;1;;;;Sim;Não;Indiferente;Não;Não;2026-08-09 00:00:00;2026-08-12 00:00:00;2026-10-02 00:00:00;0;Não se aplica;Follow-up;55;Morno;Prioriza baixo valor de condomínio
LED0407;Leonardo Moraes;lead0407@exemplo.com;Instagram;Compra;1800000;Oeste;Lapa;Studio;1;Média;;;Não;Indiferente;Sim;Sim;;2026-08-06 00:00:00;2026-08-26 00:00:00;2026-10-02 00:00:00;0;Não se aplica;Em qualificação;75;Quente;Quer avaliar duas regiões diferentes
LED0408;Patrícia Duarte;lead0408@exemplo.com;WhatsApp;Compra;3500000;Norte;Mandaqui;Cobertura;3;Alta;;;Indiferente;Não;Indiferente;Indiferente;Sim;2026-08-19 00:00:00;2026-08-28 00:00:00;;0;Não se aplica;Visita agendada;100;Quente;Aceita avaliar bairros próximos
LED0409;Amanda Torres;lead0409@exemplo.com;Site;Investimento;600000;Centro;Cambuci;;2;Alta;;4.5;Não;Não;Sim;Indiferente;Não;2026-08-27 00:00:00;2026-09-13 00:00:00;2026-09-28 00:00:00;0;Não se aplica;Novo;65;Morno;Prioriza baixo valor de condomínio
LED0410;Elaine Braga;lead0410@exemplo.com;Site;Compra;1800000;Centro;Consolação;Casa;1;Baixa;;;Indiferente;Indiferente;Não;Indiferente;;2026-08-01 00:00:00;2026-08-12 00:00:00;2026-09-30 00:00:00;0;Não se aplica;Qualificado;70;Quente;Ainda está comparando opções
LED0411;Diego Xavier;lead0411@exemplo.com;Site;Compra;2500000;Centro;Liberdade;Apartamento;4;Baixa;;;Indiferente;Sim;Indiferente;Não;Sim;2026-07-15 00:00:00;2026-07-15 00:00:00;;0;Não se aplica;Encaminhado ao corretor;90;Quente;Aceita avaliar bairros próximos
LED0412;Ana Souza;lead0412@exemplo.com;Site;Compra;900000;Leste;Itaquera;;1;Baixa;;;Sim;Indiferente;Não;Não;Sim;2026-09-20 00:00:00;2026-09-24 00:00:00;;2;Sim;Qualificado;80;Quente;Deseja mudança em curto prazo
LED0413;Bruno Almeida;lead0413@exemplo.com;WhatsApp;Compra;2500000;Leste;Mooca;Cobertura;4;Alta;;;Não;Não;Indiferente;Não;;2026-08-02 00:00:00;2026-08-16 00:00:00;;1;Sim;Em qualificação;80;Quente;Prioriza baixo valor de condomínio
LED0414;Daniel Santos;lead0414@exemplo.com;Indicação;Investimento;300000;Centro;Liberdade;Cobertura;;Média;;4.5;Não;Não;Não;Sim;Não;2026-08-04 00:00:00;2026-08-13 00:00:00;2026-10-02 00:00:00;3;Não;Follow-up;62;Morno;
LED0415;Nicolas Gomes;lead0415@exemplo.com;Portal imobiliário;Compra;450000;Leste;Tatuapé;Casa;1;Baixa;;;Indiferente;Indiferente;Indiferente;Sim;Não;2026-07-02 00:00:00;2026-07-02 00:00:00;2026-09-30 00:00:00;0;Não se aplica;Em qualificação;70;Quente;Busca oportunidade com boa liquidez
LED0416;Priscila Andrade;lead0416@exemplo.com;Portal imobiliário;Investimento;;Leste;Itaquera;Apartamento;3;Baixa;Moderado;;Não;Não;Não;Não;Sim;2026-09-06 00:00:00;2026-09-21 00:00:00;;3;Sim;Qualificado;58;Morno;Busca oportunidade com boa liquidez
LED0417;Rafael Moreira;lead0417@exemplo.com;Portal imobiliário;Compra;550000;Leste;Penha;Cobertura;1;Média;;;Não;Sim;Não;Indiferente;Não;2026-07-10 00:00:00;2026-07-17 00:00:00;2026-09-30 00:00:00;1;Não;Follow-up;75;Quente;Quer avaliar duas regiões diferentes
LED0418;Caio Azevedo;lead0418@exemplo.com;WhatsApp;Compra;2500000;Norte;Tucuruvi;;;Alta;;;Não;Sim;Sim;Indiferente;Sim;2026-07-17 00:00:00;2026-07-17 00:00:00;;3;Sim;Visita agendada;80;Quente;Aceita avaliar bairros próximos
LED0419;Paulo Vieira;lead0419@exemplo.com;WhatsApp;Compra;;Leste;Itaquera;Apartamento;1;Alta;;;Sim;Indiferente;Indiferente;Sim;;2026-07-05 00:00:00;2026-07-17 00:00:00;2026-09-26 00:00:00;0;Não se aplica;Em qualificação;60;Morno;Quer avaliar duas regiões diferentes
LED0420;Hugo Silveira;lead0420@exemplo.com;Instagram;Investimento;;Norte;Vila Guilherme;Casa;;Baixa;;;Não;Indiferente;Sim;Não;Sim;2026-09-06 00:00:00;2026-09-08 00:00:00;;4;Não;Encaminhado ao especialista;43;Morno;Quer avaliar duas regiões diferentes
LED0421;Breno Campos;lead0421@exemplo.com;WhatsApp;Investimento;800000;;;Casa;;Média;;4.0;Sim;Não;Indiferente;Sim;Sim;2026-09-24 00:00:00;2026-09-25 00:00:00;;1;Não;Reunião agendada;69;Morno;Ainda está comparando opções
LED0422;Gustavo Cardoso;lead0422@exemplo.com;Instagram;Compra;;Oeste;Pinheiros;Cobertura;2;Média;;;Sim;Não;Indiferente;Não;Não;2026-08-02 00:00:00;2026-08-14 00:00:00;2026-10-02 00:00:00;0;Não se aplica;Novo;55;Morno;Deseja mudança em curto prazo
LED0423;Nicolas Gomes;lead0423@exemplo.com;Indicação;Investimento;;Norte;Mandaqui;Apartamento;4;Alta;;;Indiferente;Indiferente;Indiferente;Indiferente;Sim;2026-09-02 00:00:00;2026-09-07 00:00:00;;3;Sim;Reunião agendada;50;Morno;
LED0424;Bruno Almeida;lead0424@exemplo.com;Portal imobiliário;Aluguel;3000;Oeste;Pompeia;;4;Alta;;;Não;Não;Sim;Sim;Não;2026-09-05 00:00:00;2026-09-05 00:00:00;2026-09-29 00:00:00;4;Não;Qualificado;70;Quente;Deseja mudança em curto prazo
LED0425;Thiago Carvalho;lead0425@exemplo.com;Indicação;;1200000;Leste;Itaquera;Cobertura;3;Alta;;;Não;Sim;Sim;Não;Não;2026-07-22 00:00:00;2026-07-31 00:00:00;2026-09-26 00:00:00;3;Não;Follow-up;39;Frio;Prefere contato após 18h
LED0426;Vanessa Lopes;lead0426@exemplo.com;Site;Investimento;300000;Oeste;Pompeia;Cobertura;1;Alta;Conservador;5.5;Sim;Não;Não;Sim;;2026-09-22 00:00:00;2026-09-24 00:00:00;;4;Sim;Follow-up;80;Quente;Busca oportunidade com boa liquidez
LED0427;Thiago Carvalho;lead0427@exemplo.com;Site;Investimento;300000;Centro;Cambuci;Apartamento;3;Média;Conservador;8.0;Sim;Sim;Indiferente;Sim;;2026-09-01 00:00:00;2026-09-03 00:00:00;2026-10-02 00:00:00;0;Não se aplica;Em qualificação;77;Quente;Prefere contato após 18h
LED0428;Renata Cunha;lead0428@exemplo.com;Portal imobiliário;Compra;2500000;;;Casa;2;Média;;;Sim;Não;Indiferente;Sim;Não;2026-07-11 00:00:00;2026-07-13 00:00:00;2026-09-29 00:00:00;0;Não se aplica;Novo;60;Morno;Prioriza baixo valor de condomínio
LED0429;Hugo Silveira;lead0429@exemplo.com;Site;Compra;700000;Centro;República;Casa;2;Alta;;;Não;Não;Indiferente;Sim;Sim;2026-08-28 00:00:00;2026-09-03 00:00:00;;0;Não se aplica;Qualificado;100;Quente;Aceita avaliar bairros próximos
LED0430;Leonardo Moraes;lead0430@exemplo.com;Site;Compra;1200000;Oeste;Alto de Pinheiros;Casa;;Média;;;Não;Indiferente;Indiferente;Indiferente;;2026-07-12 00:00:00;2026-07-18 00:00:00;;4;Sim;Em qualificação;65;Morno;
LED0431;Juliana Pires;lead0431@exemplo.com;Site;Compra;1200000;Leste;Carrão;Studio;0;Baixa;;;Indiferente;Não;Indiferente;Sim;Não;2026-08-03 00:00:00;2026-08-14 00:00:00;2026-09-30 00:00:00;2;Não;Qualificado;70;Quente;Quer avaliar duas regiões diferentes
LED0432;Gabriela Martins;lead0432@exemplo.com;Portal imobiliário;Investimento;800000;Oeste;Vila Madalena;Apartamento;;Média;Arrojado;4.5;Indiferente;Não;Não;Sim;Sim;2026-07-31 00:00:00;2026-07-31 00:00:00;;3;Sim;Reunião agendada;97;Quente;
LED0433;Helena Teixeira;lead0433@exemplo.com;Indicação;Compra;450000;Norte;Tucuruvi;Casa;;Alta;;;Não;Indiferente;Indiferente;Indiferente;Não;2026-07-11 00:00:00;2026-07-31 00:00:00;2026-10-02 00:00:00;0;Não se aplica;Qualificado;70;Quente;
LED0434;Cláudia Reis;lead0434@exemplo.com;Portal imobiliário;Compra;900000;Centro;Bela Vista;Studio;;Média;;;Sim;Não;Indiferente;Indiferente;Não;2026-08-08 00:00:00;2026-08-18 00:00:00;2026-09-27 00:00:00;0;Não se aplica;Novo;65;Morno;Prioriza baixo valor de condomínio
LED0435;Henrique Costa;lead0435@exemplo.com;Site;;3500000;Norte;Tucuruvi;Cobertura;;;;;Indiferente;Sim;Indiferente;Indiferente;;2026-07-25 00:00:00;2026-07-28 00:00:00;2026-10-01 00:00:00;0;Não se aplica;Sem contato;25;Frio;Busca oportunidade com boa liquidez
LED0436;Gabriela Martins;lead0436@exemplo.com;Instagram;Compra;450000;;;Casa;;Média;;;Sim;Sim;Sim;Não;Não;2026-09-22 00:00:00;2026-09-22 00:00:00;;3;Sim;Novo;50;Morno;Busca oportunidade com boa liquidez
LED0437;Isabela Ferreira;lead0437@exemplo.com;Indicação;Aluguel;;Sul;Jabaquara;;1;Alta;;;Não;Sim;Não;Indiferente;Sim;2026-08-28 00:00:00;2026-09-06 00:00:00;;4;Não;Qualificado;70;Quente;Ainda está comparando opções
LED0438;Priscila Andrade;lead0438@exemplo.com;Instagram;Compra;3500000;Norte;Mandaqui;Apartamento;;Média;;;Não;Não;Sim;Sim;Não;2026-07-04 00:00:00;2026-07-12 00:00:00;;4;Sim;Follow-up;65;Morno;Ainda está comparando opções
LED0439;Caio Azevedo;lead0439@exemplo.com;Site;Aluguel;3500;Leste;Penha;Cobertura;4;Média;;;Não;Sim;Sim;Indiferente;Não;2026-07-01 00:00:00;2026-07-11 00:00:00;2026-09-26 00:00:00;0;Não se aplica;Qualificado;75;Quente;Busca oportunidade com boa liquidez
LED0440;Caio Azevedo;lead0440@exemplo.com;WhatsApp;Aluguel;3000;Centro;Consolação;;4;Alta;;;Não;Não;Não;Não;;2026-08-19 00:00:00;2026-08-19 00:00:00;;2;Sim;Qualificado;70;Quente;Aceita avaliar bairros próximos
LED0441;Gustavo Cardoso;lead0441@exemplo.com;Site;Compra;2500000;Sul;Chácara Santo Antônio;Apartamento;2;Média;;;Indiferente;Indiferente;Não;Sim;Sim;2026-09-15 00:00:00;2026-09-16 00:00:00;;0;Não se aplica;Qualificado;95;Quente;
LED0442;Elaine Braga;lead0442@exemplo.com;Site;Compra;1800000;Leste;Vila Prudente;Apartamento;3;Média;;;Sim;Indiferente;Sim;Não;;2026-08-27 00:00:00;2026-09-14 00:00:00;2026-09-30 00:00:00;0;Não se aplica;Follow-up;75;Quente;Prefere contato após 18h
LED0443;Ingrid Matos;lead0443@exemplo.com;Portal imobiliário;Compra;3500000;Norte;Mandaqui;Studio;0;Baixa;;;Indiferente;Não;Indiferente;Indiferente;Não;2026-09-04 00:00:00;2026-09-21 00:00:00;2026-10-02 00:00:00;0;Não se aplica;Qualificado;70;Quente;
LED0444;Helena Teixeira;lead0444@exemplo.com;WhatsApp;Investimento;;;;Cobertura;;Baixa;Moderado;6.5;Indiferente;Não;Indiferente;Sim;Não;2026-08-04 00:00:00;2026-08-20 00:00:00;2026-09-26 00:00:00;0;Não se aplica;Novo;43;Morno;Aceita avaliar bairros próximos
LED0445;Larissa Peixoto;lead0445@exemplo.com;Site;Compra;1200000;Sul;Chácara Santo Antônio;Studio;0;;;;Indiferente;Sim;Indiferente;Não;Sim;2026-07-05 00:00:00;2026-07-18 00:00:00;;0;Não se aplica;Visita agendada;85;Quente;Quer avaliar duas regiões diferentes
LED0446;Samuel Batista;lead0446@exemplo.com;Indicação;Investimento;450000;;;;2;Média;Arrojado;7.0;Sim;Indiferente;Indiferente;Indiferente;Não;2026-08-25 00:00:00;2026-09-07 00:00:00;;2;Sim;Em qualificação;67;Morno;Busca oportunidade com boa liquidez
LED0447;Simone Bastos;lead0447@exemplo.com;Site;Compra;900000;Norte;Tucuruvi;Studio;1;Média;;;Sim;Indiferente;Indiferente;Indiferente;Não;2026-08-18 00:00:00;2026-09-06 00:00:00;;4;Sim;Em qualificação;75;Quente;Ainda está comparando opções
LED0448;Samuel Batista;lead0448@exemplo.com;Site;Compra;350000;Sul;Morumbi;Apartamento;2;Média;;;Sim;Indiferente;Indiferente;Não;;2026-09-06 00:00:00;2026-09-08 00:00:00;2026-10-01 00:00:00;2;Não;Em qualificação;75;Quente;
LED0449;Igor Araújo;lead0449@exemplo.com;Portal imobiliário;Aluguel;5000;;;Casa;1;Média;;;Não;Não;Indiferente;Não;Não;2026-07-22 00:00:00;2026-08-01 00:00:00;2026-09-29 00:00:00;4;Não;Novo;60;Morno;Busca oportunidade com boa liquidez
LED0450;Leonardo Moraes;lead0450@exemplo.com;Portal imobiliário;Investimento;450000;Sul;Vila Mariana;Studio;1;Alta;Conservador;;Sim;Não;Sim;Não;Sim;2026-09-16 00:00:00;2026-09-25 00:00:00;;0;Não se aplica;Reunião agendada;69;Morno;Ainda está comparando opções
LED0451;Daniel Santos;lead0451@exemplo.com;WhatsApp;Compra;3500000;Centro;Consolação;Cobertura;2;Alta;;;Sim;Não;Sim;Indiferente;Não;2026-08-26 00:00:00;2026-09-09 00:00:00;2026-10-02 00:00:00;0;Não se aplica;Em qualificação;80;Quente;Deseja mudança em curto prazo
LED0452;Lucas Nunes;lead0452@exemplo.com;Instagram;Investimento;300000;Sul;Morumbi;Apartamento;1;Baixa;;8.0;Indiferente;Não;Indiferente;Sim;;2026-08-12 00:00:00;2026-08-12 00:00:00;2026-09-28 00:00:00;2;Não;Em qualificação;58;Morno;Ainda está comparando opções
LED0453;Henrique Costa;lead0453@exemplo.com;Portal imobiliário;Compra;3500000;Oeste;Alto de Pinheiros;Cobertura;4;Média;;;Sim;Sim;Sim;Não;Sim;2026-07-25 00:00:00;2026-08-07 00:00:00;;0;Não se aplica;Qualificado;95;Quente;Deseja mudança em curto prazo
LED0454;Priscila Andrade;lead0454@exemplo.com;Site;Compra;1800000;Sul;Interlagos;Apartamento;;;;;Sim;Não;Não;Sim;;2026-09-21 00:00:00;2026-09-22 00:00:00;2026-10-01 00:00:00;0;Não se aplica;Novo;55;Morno;Aceita avaliar bairros próximos
LED0455;Daniel Santos;lead0455@exemplo.com;Instagram;Investimento;800000;Oeste;Perdizes;Casa;;Média;Arrojado;6.0;Indiferente;Sim;Não;Sim;Não;2026-07-10 00:00:00;2026-07-27 00:00:00;;1;Sim;Em qualificação;77;Quente;Prioriza baixo valor de condomínio
LED0456;Diego Xavier;lead0456@exemplo.com;WhatsApp;Compra;;Norte;Santana;Studio;;Média;;;Sim;Não;Sim;Sim;Não;2026-08-28 00:00:00;2026-09-09 00:00:00;;4;Sim;Em qualificação;45;Morno;Quer avaliar duas regiões diferentes
LED0457;Thiago Carvalho;lead0457@exemplo.com;Indicação;Aluguel;7500;Norte;Mandaqui;Studio;0;Alta;;;Sim;Sim;Não;Sim;Não;2026-09-03 00:00:00;2026-09-18 00:00:00;2026-10-02 00:00:00;0;Não se aplica;Em qualificação;80;Quente;
LED0458;Ingrid Matos;lead0458@exemplo.com;Instagram;Aluguel;9000;Norte;Casa Verde;;2;Média;;;Sim;Indiferente;Sim;Não;;2026-07-16 00:00:00;2026-07-17 00:00:00;2026-09-27 00:00:00;0;Não se aplica;Em qualificação;65;Morno;
LED0459;Paulo Vieira;lead0459@exemplo.com;Indicação;Compra;1800000;Leste;Belém;;1;Alta;;;Não;Não;Não;Sim;;2026-08-29 00:00:00;2026-09-17 00:00:00;;4;Sim;Follow-up;70;Quente;Deseja mudança em curto prazo
LED0460;Paulo Vieira;lead0460@exemplo.com;Site;Aluguel;9000;Sul;Jabaquara;Apartamento;1;Média;;;Indiferente;Indiferente;Indiferente;Indiferente;Não;2026-08-12 00:00:00;2026-08-20 00:00:00;2026-10-02 00:00:00;3;Não;Em qualificação;75;Quente;Busca oportunidade com boa liquidez
LED0461;Daniel Santos;lead0461@exemplo.com;Instagram;Investimento;450000;Oeste;Perdizes;Casa;2;Baixa;Conservador;5.5;Indiferente;Indiferente;Indiferente;Não;;2026-09-02 00:00:00;2026-09-12 00:00:00;;4;Sim;Qualificado;73;Quente;Prioriza baixo valor de condomínio
LED0462;José Lima;lead0462@exemplo.com;Portal imobiliário;Compra;350000;Oeste;Vila Madalena;Cobertura;2;Média;;;Sim;Não;Indiferente;Não;Não;2026-07-15 00:00:00;2026-07-24 00:00:00;;2;Sim;Follow-up;75;Quente;Quer avaliar duas regiões diferentes
LED0463;Thiago Carvalho;lead0463@exemplo.com;Portal imobiliário;Compra;900000;Leste;Tatuapé;Apartamento;;Baixa;;;Sim;Sim;Sim;Não;Sim;2026-07-14 00:00:00;2026-07-30 00:00:00;;0;Não se aplica;Qualificado;80;Quente;Prefere contato após 18h
LED0464;Caio Azevedo;lead0464@exemplo.com;Indicação;Compra;;Leste;Vila Prudente;Cobertura;;Média;;;Sim;Sim;Indiferente;Não;Não;2026-07-20 00:00:00;2026-08-05 00:00:00;;3;Sim;Follow-up;45;Morno;Prefere contato após 18h
LED0465;Paulo Vieira;lead0465@exemplo.com;Instagram;Compra;900000;Sul;Morumbi;Casa;3;Média;;;Sim;Indiferente;Indiferente;Indiferente;Não;2026-07-14 00:00:00;2026-07-14 00:00:00;2026-09-28 00:00:00;0;Não se aplica;Follow-up;75;Quente;Prefere contato após 18h
LED0466;Isabela Ferreira;lead0466@exemplo.com;WhatsApp;Compra;2500000;;;;4;Baixa;;;Sim;Não;Indiferente;Indiferente;Não;2026-07-19 00:00:00;2026-08-08 00:00:00;2026-09-28 00:00:00;0;Não se aplica;Novo;45;Morno;Aceita avaliar bairros próximos
LED0467;Renata Cunha;lead0467@exemplo.com;Instagram;Investimento;450000;Centro;Liberdade;Apartamento;2;Média;Arrojado;;Não;Indiferente;Não;Não;Não;2026-07-13 00:00:00;2026-07-15 00:00:00;2026-09-26 00:00:00;0;Não se aplica;Follow-up;62;Morno;Ainda está comparando opções
LED0468;Caio Azevedo;lead0468@exemplo.com;Site;Compra;450000;Sul;Jabaquara;Apartamento;;Alta;;;Não;Sim;Indiferente;Sim;Sim;2026-07-01 00:00:00;2026-07-08 00:00:00;;4;Sim;Encaminhado ao corretor;90;Quente;Quer avaliar duas regiões diferentes
LED0469;Renata Cunha;lead0469@exemplo.com;Indicação;Compra;1200000;Sul;Interlagos;Cobertura;;Baixa;;;Não;Indiferente;Indiferente;Não;Sim;2026-07-21 00:00:00;2026-08-02 00:00:00;;0;Não se aplica;Encaminhado ao corretor;80;Quente;Deseja mudança em curto prazo
LED0470;Bruno Almeida;lead0470@exemplo.com;Indicação;Aluguel;7500;;;;4;Alta;;;Sim;Indiferente;Indiferente;Indiferente;Sim;2026-07-04 00:00:00;2026-07-08 00:00:00;;2;Não;Encaminhado ao corretor;75;Quente;Prioriza baixo valor de condomínio
LED0471;Natália Correia;lead0471@exemplo.com;WhatsApp;Investimento;800000;Oeste;Vila Madalena;Casa;1;Alta;;7.0;Não;Sim;Não;Não;;2026-07-25 00:00:00;2026-07-29 00:00:00;2026-09-26 00:00:00;1;Não;Em qualificação;65;Morno;Prioriza baixo valor de condomínio
LED0472;Igor Araújo;lead0472@exemplo.com;Portal imobiliário;Aluguel;9000;Sul;Morumbi;Casa;;Baixa;;;Indiferente;Sim;Sim;Sim;;2026-07-16 00:00:00;2026-07-21 00:00:00;2026-10-01 00:00:00;0;Não se aplica;Novo;60;Morno;Deseja mudança em curto prazo
LED0473;Marcelo Tavares;lead0473@exemplo.com;Site;Investimento;600000;Centro;Liberdade;Apartamento;2;Baixa;Arrojado;4.5;Sim;Sim;Não;Sim;Não;2026-08-04 00:00:00;2026-08-13 00:00:00;;2;Sim;Em qualificação;73;Quente;Busca oportunidade com boa liquidez
LED0474;Tatiane Rezende;lead0474@exemplo.com;Site;Compra;550000;Centro;República;Cobertura;2;Baixa;;;Indiferente;Indiferente;Não;Sim;Não;2026-07-27 00:00:00;2026-08-11 00:00:00;;2;Sim;Em qualificação;70;Quente;Ainda está comparando opções
LED0475;Fábio Neves;lead0475@exemplo.com;Site;Compra;350000;;;Apartamento;;Alta;;;Indiferente;Indiferente;Indiferente;Indiferente;Não;2026-07-01 00:00:00;2026-07-05 00:00:00;2026-09-27 00:00:00;0;Não se aplica;Em qualificação;55;Morno;Quer avaliar duas regiões diferentes
LED0476;Helena Teixeira;lead0476@exemplo.com;WhatsApp;;550000;;;Cobertura;;Média;;;Sim;Indiferente;Não;Indiferente;Não;2026-07-03 00:00:00;2026-07-07 00:00:00;2026-09-27 00:00:00;0;Não se aplica;Novo;20;Frio;Aceita avaliar bairros próximos
LED0477;Ingrid Matos;lead0477@exemplo.com;WhatsApp;Compra;700000;Oeste;Vila Madalena;Casa;;;;;Não;Indiferente;Sim;Indiferente;Sim;2026-09-03 00:00:00;2026-09-06 00:00:00;;3;Não;Visita agendada;75;Quente;Aceita avaliar bairros próximos
LED0478;Ana Souza;lead0478@exemplo.com;Portal imobiliário;Aluguel;6000;Sul;Vila Mariana;Studio;1;Baixa;;;Indiferente;Sim;Sim;Sim;Não;2026-07-20 00:00:00;2026-07-24 00:00:00;2026-09-27 00:00:00;0;Não se aplica;Qualificado;70;Quente;Aceita avaliar bairros próximos
LED0479;Hugo Silveira;lead0479@exemplo.com;Site;Compra;3500000;Leste;Mooca;Apartamento;2;Média;;;Indiferente;Não;Indiferente;Sim;Não;2026-08-28 00:00:00;2026-09-01 00:00:00;2026-09-29 00:00:00;2;Não;Qualificado;75;Quente;Deseja mudança em curto prazo
LED0480;Felipe Rocha;lead0480@exemplo.com;Instagram;;3500000;Oeste;Butantã;Studio;0;Baixa;;;Sim;Indiferente;Não;Indiferente;Não;2026-07-20 00:00:00;2026-08-08 00:00:00;;4;Sim;Sem contato;32;Frio;Prefere contato após 18h
LED0481;Marcelo Tavares;lead0481@exemplo.com;Indicação;Compra;900000;Norte;Casa Verde;Casa;1;Média;;;Não;Indiferente;Não;Não;Não;2026-08-12 00:00:00;2026-08-12 00:00:00;2026-10-02 00:00:00;0;Não se aplica;Follow-up;75;Quente;Prefere contato após 18h
LED0482;Juliana Pires;lead0482@exemplo.com;WhatsApp;Compra;550000;Oeste;Jaguaré;Studio;1;Média;;;Não;Sim;Não;Sim;Sim;2026-07-13 00:00:00;2026-08-02 00:00:00;;0;Não se aplica;Encaminhado ao corretor;95;Quente;Prefere contato após 18h
LED0483;José Lima;lead0483@exemplo.com;Site;Compra;450000;;;Casa;1;Baixa;;;Sim;Indiferente;Não;Sim;Sim;2026-08-03 00:00:00;2026-08-16 00:00:00;;2;Sim;Qualificado;75;Quente;Prioriza baixo valor de condomínio
LED0484;Hugo Silveira;lead0484@exemplo.com;WhatsApp;Compra;900000;Sul;Jabaquara;;2;Média;;;Não;Indiferente;Não;Não;Não;2026-07-31 00:00:00;2026-08-08 00:00:00;2026-09-29 00:00:00;0;Não se aplica;Em qualificação;65;Morno;Prioriza baixo valor de condomínio
LED0485;Natália Correia;lead0485@exemplo.com;Portal imobiliário;Aluguel;2500;Sul;Campo Belo;Apartamento;1;Baixa;;;Indiferente;Indiferente;Sim;Sim;;2026-09-10 00:00:00;2026-09-17 00:00:00;;1;Sim;Qualificado;70;Quente;Deseja mudança em curto prazo
LED0486;Natália Correia;lead0486@exemplo.com;WhatsApp;Aluguel;3500;Sul;Vila Mariana;;4;Média;;;Não;Indiferente;Sim;Não;;2026-09-22 00:00:00;2026-09-23 00:00:00;;2;Sim;Novo;65;Morno;Prefere contato após 18h
LED0487;Eduarda Lima;lead0487@exemplo.com;Portal imobiliário;Investimento;450000;Centro;Consolação;Apartamento;2;Baixa;Conservador;6.5;Sim;Não;Não;Não;Não;2026-08-27 00:00:00;2026-09-07 00:00:00;2026-09-29 00:00:00;0;Não se aplica;Qualificado;73;Quente;Prioriza baixo valor de condomínio
LED0488;Juliana Pires;lead0488@exemplo.com;Indicação;Aluguel;3000;Leste;Itaquera;Casa;2;Média;;;Sim;Sim;Indiferente;Indiferente;;2026-09-18 00:00:00;2026-09-19 00:00:00;2026-09-26 00:00:00;0;Não se aplica;Em qualificação;75;Quente;Aceita avaliar bairros próximos
LED0489;Orlando Paiva;lead0489@exemplo.com;WhatsApp;Compra;;Oeste;Perdizes;Casa;3;Alta;;;Não;Indiferente;Indiferente;Indiferente;;2026-09-07 00:00:00;2026-09-16 00:00:00;;4;Sim;Novo;60;Morno;Deseja mudança em curto prazo
LED0490;Ana Souza;lead0490@exemplo.com;Site;Compra;1800000;Oeste;Perdizes;Cobertura;;;;;Não;Indiferente;Sim;Não;Sim;2026-09-09 00:00:00;2026-09-23 00:00:00;;2;Sim;Visita agendada;75;Quente;Prefere contato após 18h
LED0491;Natália Correia;lead0491@exemplo.com;Instagram;Aluguel;;Oeste;Jaguaré;Apartamento;;Alta;;;Sim;Indiferente;Indiferente;Indiferente;Sim;2026-07-05 00:00:00;2026-07-17 00:00:00;;3;Não;Visita agendada;70;Quente;Busca oportunidade com boa liquidez
LED0492;Thiago Carvalho;lead0492@exemplo.com;Site;Aluguel;3500;;;Apartamento;4;Média;;;Sim;Não;Não;Indiferente;;2026-08-19 00:00:00;2026-08-27 00:00:00;2026-09-29 00:00:00;3;Não;Follow-up;60;Morno;Aceita avaliar bairros próximos
LED0493;Mariana Oliveira;lead0493@exemplo.com;WhatsApp;Compra;2500000;Sul;Campo Belo;Cobertura;4;;;;Indiferente;Sim;Indiferente;Indiferente;Não;2026-07-25 00:00:00;2026-08-05 00:00:00;2026-10-02 00:00:00;0;Não se aplica;Novo;65;Morno;Quer avaliar duas regiões diferentes
LED0494;Mariana Oliveira;lead0494@exemplo.com;Portal imobiliário;Compra;;Sul;Interlagos;Cobertura;1;;;;Sim;Não;Sim;Indiferente;Não;2026-09-20 00:00:00;2026-09-23 00:00:00;;2;Sim;Novo;45;Morno;Aceita avaliar bairros próximos
LED0495;Tatiane Rezende;lead0495@exemplo.com;Site;Investimento;600000;Centro;Liberdade;Casa;4;Baixa;Conservador;7.0;Não;Não;Indiferente;Indiferente;Não;2026-09-05 00:00:00;2026-09-21 00:00:00;2026-09-26 00:00:00;0;Não se aplica;Follow-up;73;Quente;
LED0496;Nicole Queiroz;lead0496@exemplo.com;WhatsApp;Aluguel;;Oeste;Perdizes;Casa;4;Alta;;;Indiferente;Sim;Indiferente;Indiferente;Não;2026-07-02 00:00:00;2026-07-19 00:00:00;;3;Sim;Follow-up;60;Morno;Busca oportunidade com boa liquidez
LED0497;Bruno Almeida;lead0497@exemplo.com;Indicação;Investimento;450000;Oeste;Pompeia;Studio;1;;;;Indiferente;Indiferente;Indiferente;Indiferente;Não;2026-09-16 00:00:00;2026-09-23 00:00:00;2026-09-27 00:00:00;0;Não se aplica;Novo;40;Morno;Quer avaliar duas regiões diferentes
LED0498;Diego Xavier;lead0498@exemplo.com;Portal imobiliário;Aluguel;;Norte;Vila Guilherme;Cobertura;;Média;;;Indiferente;Indiferente;Não;Não;Não;2026-08-08 00:00:00;2026-08-22 00:00:00;2026-09-27 00:00:00;0;Não se aplica;Follow-up;45;Morno;
LED0499;Gustavo Cardoso;lead0499@exemplo.com;Site;Investimento;3500000;Sul;Chácara Santo Antônio;Apartamento;2;Alta;;4.0;Sim;Sim;Não;Indiferente;Não;2026-07-01 00:00:00;2026-07-11 00:00:00;2026-09-27 00:00:00;4;Não;Follow-up;65;Morno;Deseja mudança em curto prazo
LED0500;Larissa Peixoto;lead0500@exemplo.com;Portal imobiliário;Investimento;;;;Cobertura;1;Média;Arrojado;7.0;Indiferente;Não;Sim;Sim;;2026-08-22 00:00:00;2026-08-26 00:00:00;2026-10-01 00:00:00;0;Não se aplica;Novo;47;Morno;Prioriza baixo valor de condomínio
LED0501;Bruno Almeida;lead0501@exemplo.com;WhatsApp;Aluguel;;;;Apartamento;4;Média;;;Não;Sim;Sim;Não;;2026-08-24 00:00:00;2026-08-30 00:00:00;2026-09-30 00:00:00;0;Não se aplica;Novo;40;Morno;Quer avaliar duas regiões diferentes
LED0502;Gabriela Martins;lead0502@exemplo.com;Portal imobiliário;Compra;900000;;;Studio;1;;;;Sim;Não;Indiferente;Sim;Sim;2026-09-13 00:00:00;2026-09-19 00:00:00;;0;Não se aplica;Visita agendada;70;Quente;Deseja mudança em curto prazo
LED0503;Caio Azevedo;lead0503@exemplo.com;Indicação;Compra;;Leste;Carrão;;3;Média;;;Sim;Indiferente;Indiferente;Indiferente;Não;2026-09-22 00:00:00;2026-09-24 00:00:00;;3;Sim;Novo;45;Morno;Prefere contato após 18h
LED0504;Amanda Torres;lead0504@exemplo.com;Instagram;Compra;1200000;Leste;Carrão;Studio;0;Média;;;Sim;Sim;Indiferente;Indiferente;Sim;2026-08-31 00:00:00;2026-09-14 00:00:00;;0;Não se aplica;Visita agendada;95;Quente;Ainda está comparando opções
LED0505;Karina Alves;lead0505@exemplo.com;Instagram;Aluguel;2500;Oeste;Perdizes;Apartamento;1;Alta;;;Indiferente;Indiferente;Não;Não;Não;2026-09-13 00:00:00;2026-09-13 00:00:00;;4;Sim;Follow-up;80;Quente;Prefere contato após 18h
LED0506;Igor Araújo;lead0506@exemplo.com;Instagram;Compra;1200000;Leste;Belém;Casa;4;Média;;;Indiferente;Sim;Indiferente;Não;;2026-07-23 00:00:00;2026-07-24 00:00:00;2026-10-02 00:00:00;3;Não;Follow-up;75;Quente;Ainda está comparando opções
LED0507;Thiago Carvalho;lead0507@exemplo.com;Indicação;Compra;2500000;;;;;Média;;;Sim;Indiferente;Sim;Indiferente;Sim;2026-07-14 00:00:00;2026-08-01 00:00:00;;1;Não;Encaminhado ao corretor;60;Morno;Aceita avaliar bairros próximos
LED0508;Felipe Rocha;lead0508@exemplo.com;Portal imobiliário;Compra;700000;Sul;Jabaquara;Studio;0;Média;;;Não;Sim;Indiferente;Indiferente;Sim;2026-08-09 00:00:00;2026-08-16 00:00:00;;1;Sim;Visita agendada;95;Quente;Prioriza baixo valor de condomínio
LED0509;Elaine Braga;lead0509@exemplo.com;Indicação;Aluguel;;Leste;Carrão;Casa;2;Baixa;;;Sim;Indiferente;Sim;Não;Não;2026-08-18 00:00:00;2026-08-22 00:00:00;;2;Sim;Em qualificação;50;Morno;Busca oportunidade com boa liquidez
LED0510;Amanda Torres;lead0510@exemplo.com;WhatsApp;;700000;Sul;Interlagos;Casa;;Média;;;Não;Indiferente;Não;Indiferente;;2026-08-14 00:00:00;2026-08-29 00:00:00;2026-09-30 00:00:00;0;Não se aplica;Follow-up;30;Frio;Prioriza baixo valor de condomínio
LED0511;Hugo Silveira;lead0511@exemplo.com;Site;Aluguel;2500;Leste;Itaquera;Studio;1;Média;;;Indiferente;Não;Sim;Não;Não;2026-09-18 00:00:00;2026-09-18 00:00:00;;4;Sim;Em qualificação;75;Quente;Deseja mudança em curto prazo
LED0512;Leonardo Moraes;lead0512@exemplo.com;Instagram;Compra;350000;Centro;Bela Vista;Casa;1;Baixa;;;Sim;Indiferente;Indiferente;Sim;Sim;2026-08-15 00:00:00;2026-08-26 00:00:00;;2;Sim;Encaminhado ao corretor;90;Quente;Prioriza baixo valor de condomínio
LED0513;Vinícius Moura;lead0513@exemplo.com;Site;Compra;550000;;;Apartamento;2;Média;;;Não;Indiferente;Indiferente;Indiferente;;2026-07-09 00:00:00;2026-07-14 00:00:00;2026-10-02 00:00:00;4;Não;Em qualificação;60;Morno;Quer avaliar duas regiões diferentes
LED0514;Felipe Rocha;lead0514@exemplo.com;Instagram;Aluguel;15000;Norte;Mandaqui;Casa;3;Alta;;;Não;Não;Sim;Indiferente;;2026-09-16 00:00:00;2026-09-22 00:00:00;2026-09-30 00:00:00;0;Não se aplica;Qualificado;80;Quente;Prefere contato após 18h
LED0515;Bruno Almeida;lead0515@exemplo.com;Indicação;Compra;1800000;Leste;Carrão;Casa;3;Média;;;Não;Indiferente;Não;Sim;Sim;2026-07-17 00:00:00;2026-08-05 00:00:00;;1;Não;Visita agendada;95;Quente;
LED0516;Mariana Oliveira;lead0516@exemplo.com;Portal imobiliário;Compra;900000;Oeste;Lapa;Cobertura;4;Alta;;;Não;Indiferente;Indiferente;Sim;;2026-07-17 00:00:00;2026-08-04 00:00:00;2026-10-02 00:00:00;0;Não se aplica;Follow-up;80;Quente;Prefere contato após 18h
LED0517;Vanessa Lopes;lead0517@exemplo.com;WhatsApp;Aluguel;4000;Leste;Mooca;Casa;4;Alta;;;Não;Não;Indiferente;Sim;Sim;2026-07-08 00:00:00;2026-07-21 00:00:00;;3;Não;Qualificado;100;Quente;Aceita avaliar bairros próximos
LED0518;Elaine Braga;lead0518@exemplo.com;Instagram;Aluguel;2500;Leste;Penha;Studio;;Alta;;;Sim;Indiferente;Indiferente;Indiferente;Não;2026-07-01 00:00:00;2026-07-07 00:00:00;2026-09-29 00:00:00;0;Não se aplica;Em qualificação;70;Quente;Prioriza baixo valor de condomínio
LED0519;Natália Correia;lead0519@exemplo.com;Site;;350000;Centro;Liberdade;Casa;;;;;Indiferente;Não;Indiferente;Sim;Sim;2026-08-18 00:00:00;2026-09-02 00:00:00;;1;Não;Visita agendada;25;Frio;Aceita avaliar bairros próximos
LED0520;Orlando Paiva;lead0520@exemplo.com;Instagram;Compra;350000;Centro;Liberdade;;;Baixa;;;Indiferente;Indiferente;Sim;Sim;;2026-08-25 00:00:00;2026-08-25 00:00:00;;4;Sim;Novo;50;Morno;Busca oportunidade com boa liquidez
LED0521;Gabriela Martins;lead0521@exemplo.com;Indicação;Aluguel;;Oeste;Pompeia;Cobertura;3;Alta;;;Não;Indiferente;Não;Sim;Não;2026-07-06 00:00:00;2026-07-11 00:00:00;2026-10-02 00:00:00;0;Não se aplica;Em qualificação;60;Morno;
LED0522;Igor Araújo;lead0522@exemplo.com;Instagram;Investimento;300000;Centro;Liberdade;;4;Média;Conservador;5.0;Indiferente;Indiferente;Sim;Indiferente;Sim;2026-07-23 00:00:00;2026-07-27 00:00:00;;0;Não se aplica;Reunião agendada;97;Quente;Deseja mudança em curto prazo
LED0523;Nicole Queiroz;lead0523@exemplo.com;WhatsApp;Aluguel;4000;Sul;Campo Belo;;2;Alta;;;Não;Indiferente;Indiferente;Sim;;2026-08-12 00:00:00;2026-08-14 00:00:00;2026-09-26 00:00:00;1;Não;Qualificado;70;Quente;
LED0524;Caio Azevedo;lead0524@exemplo.com;WhatsApp;Compra;700000;Sul;Chácara Santo Antônio;;;Média;;;Não;Indiferente;Sim;Indiferente;Não;2026-07-07 00:00:00;2026-07-13 00:00:00;2026-09-28 00:00:00;0;Não se aplica;Follow-up;55;Morno;
LED0525;Renata Cunha;lead0525@exemplo.com;Site;Compra;1200000;Norte;Santana;Cobertura;3;Baixa;;;Indiferente;Não;Sim;Não;Sim;2026-07-19 00:00:00;2026-07-23 00:00:00;;2;Não;Visita agendada;90;Quente;Ainda está comparando opções
LED0526;Fábio Neves;lead0526@exemplo.com;Portal imobiliário;Compra;1800000;Leste;Belém;;3;Baixa;;;Sim;Não;Sim;Indiferente;;2026-09-13 00:00:00;2026-09-20 00:00:00;2026-09-29 00:00:00;1;Não;Novo;60;Morno;Quer avaliar duas regiões diferentes
LED0527;Rafael Moreira;lead0527@exemplo.com;Instagram;Aluguel;2500;Oeste;Vila Madalena;Studio;0;Média;;;Sim;Indiferente;Sim;Indiferente;Não;2026-09-20 00:00:00;2026-09-21 00:00:00;;1;Sim;Follow-up;75;Quente;Deseja mudança em curto prazo
LED0528;Daniel Santos;lead0528@exemplo.com;Portal imobiliário;Aluguel;3500;Oeste;Pompeia;Apartamento;4;;;;Não;Indiferente;Não;Indiferente;Não;2026-08-29 00:00:00;2026-09-18 00:00:00;2026-10-01 00:00:00;4;Não;Novo;65;Morno;Busca oportunidade com boa liquidez
LED0529;Ingrid Matos;lead0529@exemplo.com;Instagram;;350000;Leste;Carrão;Studio;0;Média;;;Indiferente;Não;Não;Indiferente;Não;2026-07-19 00:00:00;2026-08-05 00:00:00;2026-09-29 00:00:00;0;Não se aplica;Novo;35;Frio;Busca oportunidade com boa liquidez
LED0530;Rafael Moreira;lead0530@exemplo.com;Indicação;Aluguel;7500;Centro;República;Cobertura;4;Média;;;Sim;Indiferente;Não;Indiferente;Não;2026-09-19 00:00:00;2026-09-22 00:00:00;2026-10-01 00:00:00;3;Não;Qualificado;75;Quente;Prioriza baixo valor de condomínio
LED0531;Natália Correia;lead0531@exemplo.com;Indicação;Aluguel;15000;;;Studio;1;Alta;;;Não;Não;Sim;Sim;Não;2026-09-15 00:00:00;2026-09-15 00:00:00;2026-09-26 00:00:00;1;Não;Em qualificação;65;Morno;
LED0532;Fábio Neves;lead0532@exemplo.com;Indicação;Compra;700000;Sul;Jabaquara;Studio;0;Baixa;;;Sim;Sim;Indiferente;Não;Não;2026-07-21 00:00:00;2026-08-10 00:00:00;2026-09-26 00:00:00;0;Não se aplica;Follow-up;70;Quente;Deseja mudança em curto prazo
LED0533;Simone Bastos;lead0533@exemplo.com;Portal imobiliário;Aluguel;2500;;;Casa;;Média;;;Indiferente;Indiferente;Não;Sim;;2026-08-23 00:00:00;2026-08-31 00:00:00;2026-09-28 00:00:00;4;Não;Follow-up;50;Morno;Ainda está comparando opções
LED0534;Leonardo Moraes;lead0534@exemplo.com;WhatsApp;Compra;450000;Leste;Tatuapé;Studio;1;;;;Não;Sim;Indiferente;Indiferente;Não;2026-07-29 00:00:00;2026-08-17 00:00:00;2026-09-27 00:00:00;0;Não se aplica;Em qualificação;65;Morno;Prefere contato após 18h
LED0535;Enzo Monteiro;lead0535@exemplo.com;Site;Compra;700000;Leste;Vila Prudente;Cobertura;1;Média;;;Não;Sim;Indiferente;Indiferente;;2026-07-05 00:00:00;2026-07-10 00:00:00;2026-09-27 00:00:00;0;Não se aplica;Em qualificação;75;Quente;Prioriza baixo valor de condomínio
LED0536;Caio Azevedo;lead0536@exemplo.com;Site;Compra;550000;;;Cobertura;;Baixa;;;Indiferente;Indiferente;Indiferente;Indiferente;Sim;2026-07-06 00:00:00;2026-07-18 00:00:00;;4;Sim;Visita agendada;65;Morno;Deseja mudança em curto prazo
LED0537;Simone Bastos;lead0537@exemplo.com;Site;Compra;450000;;;Casa;4;Baixa;;;Sim;Não;Não;Indiferente;Não;2026-08-18 00:00:00;2026-08-21 00:00:00;;3;Sim;Novo;55;Morno;Prioriza baixo valor de condomínio
LED0538;Natália Correia;lead0538@exemplo.com;Portal imobiliário;Investimento;600000;Leste;Penha;Apartamento;1;Média;;7.0;Indiferente;Sim;Não;Não;Sim;2026-09-04 00:00:00;2026-09-05 00:00:00;;4;Não;Encaminhado ao especialista;69;Morno;Aceita avaliar bairros próximos
LED0539;Orlando Paiva;lead0539@exemplo.com;WhatsApp;Investimento;450000;Leste;Penha;Studio;0;;;;Indiferente;Sim;Indiferente;Sim;Não;2026-07-03 00:00:00;2026-07-07 00:00:00;2026-10-02 00:00:00;0;Não se aplica;Novo;40;Morno;Deseja mudança em curto prazo
LED0540;Sabrina Freitas;lead0540@exemplo.com;WhatsApp;Aluguel;6000;Oeste;Pompeia;;2;Média;;;Não;Não;Não;Sim;Sim;2026-08-03 00:00:00;2026-08-12 00:00:00;;0;Não se aplica;Visita agendada;85;Quente;Deseja mudança em curto prazo
LED0541;Vanessa Lopes;lead0541@exemplo.com;Indicação;Investimento;2500000;Sul;Interlagos;Apartamento;2;Baixa;Arrojado;4.0;Sim;Indiferente;Não;Indiferente;Sim;2026-07-04 00:00:00;2026-07-04 00:00:00;;0;Não se aplica;Encaminhado ao especialista;93;Quente;Prefere contato após 18h
LED0542;Breno Campos;lead0542@exemplo.com;Instagram;Compra;550000;;;Cobertura;1;Média;;;Sim;Sim;Não;Sim;;2026-09-01 00:00:00;2026-09-19 00:00:00;;1;Sim;Follow-up;60;Morno;Prefere contato após 18h
LED0543;Vanessa Lopes;lead0543@exemplo.com;Indicação;Investimento;600000;Sul;Brooklin;Studio;1;Média;Moderado;6.0;Sim;Sim;Não;Não;Não;2026-07-28 00:00:00;2026-08-08 00:00:00;2026-09-29 00:00:00;0;Não se aplica;Follow-up;77;Quente;Ainda está comparando opções
LED0544;Juliana Pires;lead0544@exemplo.com;Site;Aluguel;12000;Leste;Anália Franco;Casa;;Baixa;;;Sim;Sim;Sim;Indiferente;Sim;2026-09-11 00:00:00;2026-09-13 00:00:00;;0;Não se aplica;Encaminhado ao corretor;80;Quente;
LED0545;Patrícia Duarte;lead0545@exemplo.com;Portal imobiliário;Compra;3500000;Oeste;Butantã;Apartamento;3;Média;;;Sim;Não;Sim;Não;Não;2026-07-26 00:00:00;2026-08-13 00:00:00;;4;Sim;Em qualificação;75;Quente;Ainda está comparando opções
LED0546;Rafael Moreira;lead0546@exemplo.com;WhatsApp;Aluguel;4000;Leste;Mooca;Studio;1;Baixa;;;Não;Indiferente;Indiferente;Indiferente;Sim;2026-07-09 00:00:00;2026-07-26 00:00:00;;0;Não se aplica;Visita agendada;90;Quente;Ainda está comparando opções
LED0547;Hugo Silveira;lead0547@exemplo.com;Portal imobiliário;Aluguel;15000;Norte;Santana;Studio;0;Média;;;Sim;Indiferente;Sim;Sim;Não;2026-07-09 00:00:00;2026-07-23 00:00:00;2026-09-27 00:00:00;3;Não;Follow-up;75;Quente;Busca oportunidade com boa liquidez
LED0548;Renata Cunha;lead0548@exemplo.com;WhatsApp;Aluguel;5000;Oeste;Pinheiros;Apartamento;;Baixa;;;Sim;Indiferente;Indiferente;Não;;2026-09-04 00:00:00;2026-09-18 00:00:00;2026-09-29 00:00:00;0;Não se aplica;Novo;60;Morno;Busca oportunidade com boa liquidez
LED0549;Ana Souza;lead0549@exemplo.com;Site;Aluguel;15000;Centro;Bela Vista;Cobertura;3;Alta;;;Não;Sim;Sim;Não;;2026-07-21 00:00:00;2026-08-02 00:00:00;2026-09-30 00:00:00;0;Não se aplica;Follow-up;80;Quente;Prioriza baixo valor de condomínio
LED0550;Igor Araújo;lead0550@exemplo.com;Site;Aluguel;9000;Leste;Itaquera;Casa;2;Média;;;Sim;Sim;Sim;Indiferente;;2026-08-27 00:00:00;2026-08-27 00:00:00;;1;Sim;Follow-up;75;Quente;Ainda está comparando opções
LED0551;João Mendes;lead0551@exemplo.com;Site;Aluguel;4000;Oeste;Perdizes;Casa;4;Média;;;Indiferente;Indiferente;Não;Sim;Não;2026-09-17 00:00:00;2026-09-24 00:00:00;2026-10-01 00:00:00;0;Não se aplica;Follow-up;75;Quente;
LED0552;Gabriela Martins;lead0552@exemplo.com;Site;Investimento;;Sul;Chácara Santo Antônio;Cobertura;2;Baixa;Arrojado;8.0;Sim;Sim;Não;Sim;;2026-09-12 00:00:00;2026-09-25 00:00:00;2026-10-01 00:00:00;0;Não se aplica;Novo;53;Morno;Prefere contato após 18h
LED0553;Rodrigo Siqueira;lead0553@exemplo.com;WhatsApp;Compra;;;;Studio;1;Baixa;;;Não;Não;Sim;Indiferente;Não;2026-08-14 00:00:00;2026-08-31 00:00:00;2026-09-30 00:00:00;0;Não se aplica;Sem contato;35;Frio;Aceita avaliar bairros próximos
LED0554;Fernanda Castro;lead0554@exemplo.com;Portal imobiliário;Compra;450000;Norte;Casa Verde;Apartamento;2;Média;;;Sim;Não;Sim;Não;Não;2026-09-18 00:00:00;2026-09-25 00:00:00;2026-10-01 00:00:00;0;Não se aplica;Follow-up;75;Quente;Prioriza baixo valor de condomínio
LED0555;Sabrina Freitas;lead0555@exemplo.com;WhatsApp;Investimento;;Sul;Chácara Santo Antônio;Casa;4;Média;Arrojado;6.0;Indiferente;Não;Sim;Sim;Sim;2026-07-28 00:00:00;2026-08-08 00:00:00;;1;Sim;Qualificado;77;Quente;
LED0556;Bruno Almeida;lead0556@exemplo.com;Site;Compra;450000;Leste;Anália Franco;Cobertura;2;Média;;;Não;Indiferente;Sim;Indiferente;Não;2026-08-14 00:00:00;2026-08-16 00:00:00;2026-09-29 00:00:00;3;Não;Qualificado;75;Quente;Prioriza baixo valor de condomínio
LED0557;Natália Correia;lead0557@exemplo.com;WhatsApp;Compra;450000;Leste;Penha;Studio;1;Média;;;Sim;Não;Indiferente;Sim;Não;2026-09-22 00:00:00;2026-09-22 00:00:00;2026-10-02 00:00:00;0;Não se aplica;Qualificado;75;Quente;Ainda está comparando opções
LED0558;Thiago Carvalho;lead0558@exemplo.com;Site;Compra;;;;Apartamento;1;Média;;;Não;Indiferente;Indiferente;Sim;;2026-07-29 00:00:00;2026-07-30 00:00:00;;1;Sim;Em qualificação;40;Morno;Prefere contato após 18h
LED0559;Débora Ramos;lead0559@exemplo.com;Portal imobiliário;Investimento;2500000;Oeste;Lapa;Cobertura;;Média;;6.0;Não;Sim;Não;Sim;Não;2026-07-05 00:00:00;2026-07-23 00:00:00;;3;Sim;Em qualificação;62;Morno;
LED0560;Juliana Pires;lead0560@exemplo.com;WhatsApp;Compra;350000;Leste;Belém;;3;Alta;;;Indiferente;Sim;Não;Indiferente;Sim;2026-08-19 00:00:00;2026-08-20 00:00:00;;3;Sim;Encaminhado ao corretor;90;Quente;Ainda está comparando opções
LED0561;Patrícia Duarte;lead0561@exemplo.com;Indicação;Investimento;600000;Centro;Liberdade;;1;Alta;Arrojado;4.0;Não;Indiferente;Não;Sim;Sim;2026-07-03 00:00:00;2026-07-05 00:00:00;;1;Sim;Encaminhado ao especialista;100;Quente;Prefere contato após 18h
LED0562;Thiago Carvalho;lead0562@exemplo.com;WhatsApp;Compra;700000;Sul;Saúde;Casa;1;Alta;;;Indiferente;Não;Sim;Indiferente;Não;2026-08-12 00:00:00;2026-08-17 00:00:00;2026-09-27 00:00:00;0;Não se aplica;Qualificado;80;Quente;Quer avaliar duas regiões diferentes
LED0563;Samuel Batista;lead0563@exemplo.com;Indicação;;550000;Leste;Carrão;Studio;0;Alta;;;Indiferente;Sim;Não;Sim;Sim;2026-08-23 00:00:00;2026-08-28 00:00:00;;2;Sim;Qualificado;39;Frio;Quer avaliar duas regiões diferentes
LED0564;Marcelo Tavares;lead0564@exemplo.com;Portal imobiliário;Aluguel;5000;;;;3;Baixa;;;Indiferente;Indiferente;Não;Sim;Sim;2026-09-24 00:00:00;2026-09-25 00:00:00;;0;Não se aplica;Qualificado;65;Morno;Busca oportunidade com boa liquidez
LED0565;Breno Campos;lead0565@exemplo.com;Indicação;Investimento;1500000;Centro;Liberdade;Studio;0;Média;Moderado;5.0;Não;Não;Indiferente;Indiferente;Sim;2026-07-05 00:00:00;2026-07-24 00:00:00;;0;Não se aplica;Encaminhado ao especialista;97;Quente;Ainda está comparando opções
LED0566;Samuel Batista;lead0566@exemplo.com;Instagram;Aluguel;15000;;;Cobertura;3;Baixa;;;Sim;Sim;Não;Não;Não;2026-09-12 00:00:00;2026-09-15 00:00:00;2026-09-29 00:00:00;1;Não;Em qualificação;55;Morno;Prioriza baixo valor de condomínio
LED0567;Samuel Batista;lead0567@exemplo.com;WhatsApp;Aluguel;15000;Sul;Morumbi;Studio;0;Média;;;Não;Não;Sim;Sim;Não;2026-09-18 00:00:00;2026-09-19 00:00:00;2026-10-01 00:00:00;0;Não se aplica;Follow-up;75;Quente;Busca oportunidade com boa liquidez
LED0568;Nicolas Gomes;lead0568@exemplo.com;Instagram;Compra;3500000;Sul;Jabaquara;Casa;1;Alta;;;Indiferente;Indiferente;Indiferente;Indiferente;Sim;2026-09-11 00:00:00;2026-09-25 00:00:00;;3;Não;Qualificado;100;Quente;Prioriza baixo valor de condomínio
LED0569;Felipe Rocha;lead0569@exemplo.com;WhatsApp;Aluguel;3000;Leste;Penha;Studio;0;Média;;;Indiferente;Indiferente;Indiferente;Sim;Não;2026-08-23 00:00:00;2026-09-08 00:00:00;2026-10-01 00:00:00;0;Não se aplica;Em qualificação;75;Quente;Prioriza baixo valor de condomínio
LED0570;Diego Xavier;lead0570@exemplo.com;Portal imobiliário;Aluguel;9000;Leste;Carrão;;1;Baixa;;;Sim;Indiferente;Não;Sim;Sim;2026-09-21 00:00:00;2026-09-24 00:00:00;;3;Sim;Visita agendada;80;Quente;Aceita avaliar bairros próximos
LED0571;Priscila Andrade;lead0571@exemplo.com;Instagram;Compra;3500000;Sul;Brooklin;Studio;1;Baixa;;;Não;Indiferente;Não;Sim;Não;2026-07-17 00:00:00;2026-07-18 00:00:00;2026-10-02 00:00:00;0;Não se aplica;Qualificado;70;Quente;Aceita avaliar bairros próximos
LED0572;Patrícia Duarte;lead0572@exemplo.com;Site;Investimento;450000;Norte;Santana;Studio;1;Baixa;Moderado;;Não;Indiferente;Indiferente;Sim;Não;2026-08-14 00:00:00;2026-09-03 00:00:00;2026-09-26 00:00:00;0;Não se aplica;Follow-up;58;Morno;Ainda está comparando opções
LED0573;Marcelo Tavares;lead0573@exemplo.com;Indicação;Compra;1800000;Centro;Consolação;Apartamento;4;Alta;;;Não;Indiferente;Não;Indiferente;Não;2026-08-10 00:00:00;2026-08-23 00:00:00;2026-09-26 00:00:00;0;Não se aplica;Em qualificação;80;Quente;Busca oportunidade com boa liquidez
LED0574;Fernanda Castro;lead0574@exemplo.com;Instagram;Compra;700000;;;Apartamento;;Média;;;Sim;Não;Não;Não;Sim;2026-08-31 00:00:00;2026-09-20 00:00:00;;1;Não;Visita agendada;70;Quente;Prefere contato após 18h
LED0575;Mariana Oliveira;lead0575@exemplo.com;Site;Investimento;600000;Centro;Consolação;Casa;4;Alta;;4.5;Indiferente;Não;Indiferente;Sim;;2026-09-22 00:00:00;2026-09-25 00:00:00;2026-09-29 00:00:00;4;Não;Em qualificação;65;Morno;Deseja mudança em curto prazo
LED0576;Breno Campos;lead0576@exemplo.com;Instagram;Investimento;600000;Centro;Cambuci;;4;Alta;Conservador;6.0;Sim;Indiferente;Indiferente;Sim;Não;2026-08-12 00:00:00;2026-08-21 00:00:00;2026-09-28 00:00:00;0;Não se aplica;Follow-up;80;Quente;Ainda está comparando opções
LED0577;Orlando Paiva;lead0577@exemplo.com;Indicação;Compra;550000;Oeste;Perdizes;Cobertura;4;Alta;;;Não;Sim;Indiferente;Não;Não;2026-07-16 00:00:00;2026-07-17 00:00:00;2026-09-27 00:00:00;0;Não se aplica;Follow-up;80;Quente;Busca oportunidade com boa liquidez
LED0578;Otávio Barros;lead0578@exemplo.com;WhatsApp;Aluguel;7500;;;Cobertura;;Média;;;Indiferente;Sim;Indiferente;Sim;;2026-09-04 00:00:00;2026-09-10 00:00:00;2026-09-26 00:00:00;0;Não se aplica;Follow-up;50;Morno;Aceita avaliar bairros próximos
LED0579;Caio Azevedo;lead0579@exemplo.com;Indicação;;900000;Centro;República;Cobertura;2;;;;Indiferente;Sim;Não;Não;;2026-07-10 00:00:00;2026-07-23 00:00:00;2026-10-02 00:00:00;3;Não;Follow-up;30;Frio;Ainda está comparando opções
LED0580;Cláudia Reis;lead0580@exemplo.com;Portal imobiliário;Compra;900000;Leste;Tatuapé;Cobertura;1;Média;;;Indiferente;Sim;Não;Indiferente;Sim;2026-08-23 00:00:00;2026-09-06 00:00:00;;2;Sim;Encaminhado ao corretor;95;Quente;Deseja mudança em curto prazo
LED0581;Amanda Torres;lead0581@exemplo.com;WhatsApp;Aluguel;6000;Norte;Vila Guilherme;Casa;4;Média;;;Não;Não;Não;Não;Não;2026-07-01 00:00:00;2026-07-12 00:00:00;2026-09-26 00:00:00;0;Não se aplica;Em qualificação;75;Quente;Prioriza baixo valor de condomínio
LED0582;Nicolas Gomes;lead0582@exemplo.com;Portal imobiliário;Compra;350000;Norte;Santana;Apartamento;2;Alta;;;Sim;Não;Indiferente;Não;;2026-08-06 00:00:00;2026-08-15 00:00:00;2026-09-28 00:00:00;3;Não;Qualificado;80;Quente;Busca oportunidade com boa liquidez
LED0583;Elaine Braga;lead0583@exemplo.com;Portal imobiliário;Investimento;;;;Cobertura;;Alta;Arrojado;6.5;Indiferente;Sim;Sim;Não;Sim;2026-07-20 00:00:00;2026-08-09 00:00:00;;1;Sim;Encaminhado ao especialista;70;Quente;Quer avaliar duas regiões diferentes
LED0584;Carla Ribeiro;lead0584@exemplo.com;WhatsApp;Compra;450000;Oeste;Vila Madalena;Cobertura;3;Baixa;;;Indiferente;Não;Não;Indiferente;Não;2026-07-02 00:00:00;2026-07-13 00:00:00;2026-09-26 00:00:00;3;Não;Em qualificação;70;Quente;Deseja mudança em curto prazo
LED0585;Ana Souza;lead0585@exemplo.com;Portal imobiliário;Aluguel;;Oeste;Jaguaré;Studio;0;Média;;;Sim;Sim;Não;Não;;2026-08-28 00:00:00;2026-09-11 00:00:00;2026-09-27 00:00:00;3;Não;Em qualificação;55;Morno;
LED0586;Nicole Queiroz;lead0586@exemplo.com;Portal imobiliário;Investimento;;Leste;Carrão;Cobertura;2;Média;Conservador;;Sim;Não;Indiferente;Sim;Não;2026-07-08 00:00:00;2026-07-23 00:00:00;2026-09-30 00:00:00;0;Não se aplica;Novo;42;Morno;Prioriza baixo valor de condomínio
LED0587;Enzo Monteiro;lead0587@exemplo.com;Indicação;Compra;3500000;Leste;Anália Franco;Studio;1;Média;;;Não;Sim;Sim;Indiferente;Sim;2026-08-01 00:00:00;2026-08-14 00:00:00;;2;Não;Visita agendada;95;Quente;
LED0588;José Lima;lead0588@exemplo.com;Indicação;Aluguel;9000;Oeste;Alto de Pinheiros;Cobertura;;Média;;;Indiferente;Sim;Sim;Não;Sim;2026-08-24 00:00:00;2026-08-26 00:00:00;;0;Não se aplica;Encaminhado ao corretor;85;Quente;Prioriza baixo valor de condomínio
LED0589;Orlando Paiva;lead0589@exemplo.com;Portal imobiliário;Aluguel;2500;Sul;Moema;Cobertura;4;;;;Sim;Indiferente;Não;Indiferente;Sim;2026-07-12 00:00:00;2026-07-15 00:00:00;;0;Não se aplica;Visita agendada;85;Quente;Deseja mudança em curto prazo
LED0590;Gustavo Cardoso;lead0590@exemplo.com;Site;Compra;550000;Centro;Bela Vista;Casa;4;;;;Não;Não;Sim;Não;Sim;2026-09-07 00:00:00;2026-09-19 00:00:00;;0;Não se aplica;Encaminhado ao corretor;85;Quente;
LED0591;Mariana Oliveira;lead0591@exemplo.com;Indicação;Compra;3500000;Sul;Moema;Apartamento;2;Alta;;;Sim;Sim;Não;Não;;2026-07-04 00:00:00;2026-07-18 00:00:00;2026-09-30 00:00:00;0;Não se aplica;Qualificado;80;Quente;Prioriza baixo valor de condomínio
LED0592;Nicolas Gomes;lead0592@exemplo.com;Portal imobiliário;Compra;3500000;Sul;Moema;Casa;1;Baixa;;;Não;Sim;Sim;Sim;Não;2026-09-03 00:00:00;2026-09-17 00:00:00;2026-09-27 00:00:00;0;Não se aplica;Follow-up;70;Quente;Prioriza baixo valor de condomínio
LED0593;Igor Araújo;lead0593@exemplo.com;WhatsApp;Aluguel;7500;Leste;Carrão;Casa;3;Alta;;;Não;Sim;Indiferente;Não;Não;2026-08-08 00:00:00;2026-08-18 00:00:00;2026-10-02 00:00:00;0;Não se aplica;Qualificado;80;Quente;
LED0594;Caio Azevedo;lead0594@exemplo.com;Site;Aluguel;6000;;;Apartamento;3;Alta;;;Não;Indiferente;Não;Indiferente;;2026-07-07 00:00:00;2026-07-25 00:00:00;;3;Sim;Follow-up;65;Morno;Prioriza baixo valor de condomínio
LED0595;José Lima;lead0595@exemplo.com;Site;Compra;;Oeste;Pinheiros;Casa;4;Média;;;Sim;Indiferente;Sim;Sim;;2026-08-31 00:00:00;2026-09-14 00:00:00;;4;Sim;Em qualificação;55;Morno;Ainda está comparando opções
LED0596;Otávio Barros;lead0596@exemplo.com;Portal imobiliário;Compra;;Norte;Vila Guilherme;Cobertura;;;;;Indiferente;Não;Não;Não;Não;2026-08-10 00:00:00;2026-08-26 00:00:00;2026-09-28 00:00:00;0;Não se aplica;Follow-up;35;Frio;Deseja mudança em curto prazo
LED0597;Gustavo Cardoso;lead0597@exemplo.com;Instagram;Investimento;;Oeste;Alto de Pinheiros;Cobertura;3;Média;;;Sim;Sim;Indiferente;Indiferente;Não;2026-08-08 00:00:00;2026-08-21 00:00:00;;1;Sim;Novo;27;Frio;Busca oportunidade com boa liquidez
LED0598;Sabrina Freitas;lead0598@exemplo.com;Indicação;Compra;1800000;Sul;Saúde;Apartamento;;Média;;;Indiferente;Não;Indiferente;Não;Sim;2026-09-12 00:00:00;2026-09-16 00:00:00;;0;Não se aplica;Qualificado;85;Quente;Aceita avaliar bairros próximos
LED0599;Orlando Paiva;lead0599@exemplo.com;WhatsApp;Investimento;300000;Sul;Campo Belo;;1;Alta;Conservador;;Não;Indiferente;Sim;Sim;Não;2026-09-03 00:00:00;2026-09-07 00:00:00;;1;Sim;Novo;65;Morno;Deseja mudança em curto prazo
LED0600;Helena Teixeira;lead0600@exemplo.com;WhatsApp;Aluguel;9000;Leste;Vila Prudente;Cobertura;;Baixa;;;Indiferente;Não;Sim;Indiferente;Sim;2026-08-29 00:00:00;2026-09-04 00:00:00;;1;Sim;Encaminhado ao corretor;80;Quente;Busca oportunidade com boa liquidez
